[{"model": "auth.user", "pk": 1, "fields": {"password": "pbkdf2_sha256$180000$6uIcVPnyBLqL$3xa6RRFSBu4zZWlOLvD+8bRhuyMRTkInng1YVyNnWl4=", "last_login": "2020-09-07T18:27:54.085Z", "is_superuser": true, "username": "battlegame", "first_name": "", "last_name": "", "email": "wilsoncwu@gmail.com", "is_staff": true, "is_active": true, "date_joined": "2020-03-26T20:45:03.348Z", "groups": [], "user_permissions": []}}, {"model": "auth.user", "pk": 2, "fields": {"password": "pbkdf2_sha256$180000$oESZGtXz5OtE$DWvSRwTzrjVo9lLezG9VIdgnXiHm0McvbpxlF8RdJXQ=", "last_login": null, "is_superuser": false, "username": "wilsoncwu", "first_name": "", "last_name": "", "email": "", "is_staff": false, "is_active": true, "date_joined": "2020-03-30T02:44:05.248Z", "groups": [], "user_permissions": []}}, {"model": "auth.user", "pk": 3, "fields": {"password": "pbkdf2_sha256$180000$2l12uOT7bV9a$x1ElxzPVNNYl/nzxWLYMQXCkXU6N6ib35GqYSXkxh8U=", "last_login": null, "is_superuser": false, "username": "jj", "first_name": "", "last_name": "", "email": "", "is_staff": false, "is_active": true, "date_joined": "2020-03-30T02:54:32Z", "groups": [], "user_permissions": []}}, {"model": "auth.user", "pk": 12, "fields": {"password": "pbkdf2_sha256$180000$dXhAqmfA2hSG$lA8UrGZmuJcdpbyZfGI9rR3Cp2NIp8x9LTEd5MJuN6A=", "last_login": null, "is_superuser": false, "username": "test", "first_name": "", "last_name": "", "email": "", "is_staff": false, "is_active": true, "date_joined": "2020-04-03T05:16:47Z", "groups": [], "user_permissions": []}}, {"model": "auth.user", "pk": 13, "fields": {"password": "pbkdf2_sha256$180000$ykjeCwSFdlpH$ak26Ni+v9AlbknkcjXT6aSKpGYnI3s0jZFWNPargCNU=", "last_login": null, "is_superuser": false, "username": "test2", "first_name": "", "last_name": "", "email": "", "is_staff": false, "is_active": true, "date_joined": "2020-04-03T05:29:03Z", "groups": [], "user_permissions": []}}, {"model": "auth.user", "pk": 14, "fields": {"password": "pbkdf2_sha256$180000$dL0amKdFFLp1$LtA8fjyQRF8mh01Wtp1BKh4dB2YOCkU8KfylGiZwXP8=", "last_login": null, "is_superuser": false, "username": "test3", "first_name": "tester", "last_name": "", "email": "", "is_staff": false, "is_active": true, "date_joined": "2020-04-03T18:19:22Z", "groups": [], "user_permissions": []}}, {"model": "auth.user", "pk": 15, "fields": {"password": "pbkdf2_sha256$180000$BmDnAVR4xPE1$hFF7T5wnJWTan+3rUIrjI4gUIVMhWRnIlerM0LUQLSo=", "last_login": null, "is_superuser": false, "username": "test4", "first_name": "", "last_name": "", "email": "", "is_staff": false, "is_active": true, "date_joined": "2020-04-06T03:52:48.045Z", "groups": [], "user_permissions": []}}, {"model": "auth.user", "pk": 16, "fields": {"password": "pbkdf2_sha256$180000$6etfVtSzD10F$7uOQmwQ7gTk8vbU/kO7zdS0ao6TKVOpJa8d6UkVQKZI=", "last_login": null, "is_superuser": false, "username": "15", "first_name": "", "last_name": "", "email": "", "is_staff": false, "is_active": true, "date_joined": "2020-04-08T04:55:59Z", "groups": [], "user_permissions": []}}, {"model": "auth.user", "pk": 17, "fields": {"password": "pbkdf2_sha256$180000$0aLkH5jNGBio$XQz80I9R/Onc+0ahGf6JeS1JZh1I8SLC3Yk292pfTWE=", "last_login": null, "is_superuser": false, "username": "17", "first_name": "", "last_name": "", "email": "", "is_staff": false, "is_active": true, "date_joined": "2020-04-08T05:01:56Z", "groups": [], "user_permissions": []}}, {"model": "auth.user", "pk": 18, "fields": {"password": "pbkdf2_sha256$180000$yCMPLCkeRwxv$R0qQEl3fq7hHrQE0kL/zSmCDV0lJhw292xOx/ArDVGs=", "last_login": null, "is_superuser": false, "username": "VideoParty", "first_name": "", "last_name": "", "email": "", "is_staff": false, "is_active": true, "date_joined": "2020-05-26T03:31:19.438Z", "groups": [], "user_permissions": []}}, {"model": "auth.user", "pk": 19, "fields": {"password": "pbkdf2_sha256$180000$rYfm32qd5SQu$GjET5s2bV8wlHgtPn4tL1QoRH4qRrQ/LNtnVVoXjSEI=", "last_login": null, "is_superuser": false, "username": "test5", "first_name": "", "last_name": "", "email": "", "is_staff": false, "is_active": true, "date_joined": "2020-05-29T22:42:57.593Z", "groups": [], "user_permissions": []}}, {"model": "auth.user", "pk": 20, "fields": {"password": "pbkdf2_sha256$180000$EQuAP5MbnmN9$Jlad4GAokkIb+ohqK5L62sZU0oPj/O8kWjOYDqU1rTA=", "last_login": "2021-10-26T17:40:23.048Z", "is_superuser": true, "username": "dwang", "first_name": "", "last_name": "", "email": "", "is_staff": true, "is_active": true, "date_joined": "2020-05-30T03:19:58Z", "groups": [], "user_permissions": []}}, {"model": "auth.user", "pk": 21, "fields": {"password": "6KcApeC4UbKgs7IW9pnKXRmJe4GO0I10txAwmCHZDGjqEqk", "last_login": null, "is_superuser": false, "username": "testWilson", "first_name": "", "last_name": "", "email": "", "is_staff": false, "is_active": true, "date_joined": "2020-06-02T19:25:02.899Z", "groups": [], "user_permissions": []}}, {"model": "auth.user", "pk": 22, "fields": {"password": "pbkdf2_sha256$180000$79vm7s6876xg$mqpvG5mzTlI8VGMmuIBgA0mMyzB0hA6ctFxmGijBDDI=", "last_login": null, "is_superuser": false, "username": "George", "first_name": "", "last_name": "", "email": "", "is_staff": false, "is_active": true, "date_joined": "2020-06-25T20:54:44.816Z", "groups": [], "user_permissions": []}}, {"model": "auth.user", "pk": 23, "fields": {"password": "pbkdf2_sha256$180000$yBaN2Fw00U8n$375PScmZw7piEb5eNSxzAvHITWoOfLekK9PDwTvzNg0=", "last_login": "2021-02-06T20:35:23.425Z", "is_superuser": true, "username": "yanske1", "first_name": "", "last_name": "", "email": "", "is_staff": true, "is_active": true, "date_joined": "2020-08-01T20:23:17Z", "groups": [], "user_permissions": []}}, {"model": "auth.user", "pk": 24, "fields": {"password": "pbkdf2_sha256$180000$uDmOkrpOJtwb$gucrxVK3a4yX4BJNrrqaA+ZMuCSNUpAa5Z5kMDyPuNM=", "last_login": "2020-09-15T17:41:48.790Z", "is_superuser": true, "username": "advaitm", "first_name": "Advait", "last_name": "Maybhate", "email": "advait.maybhate9@gmail.com", "is_staff": true, "is_active": true, "date_joined": "2020-09-05T16:20:11Z", "groups": [], "user_permissions": []}}, {"model": "auth.user", "pk": 25, "fields": {"password": "pbkdf2_sha256$180000$rZ15iZlZVsIC$QFX/NgzXqSjZ5uEguSkUkKqR9GUBbYt5ZcOREeg1GqU=", "last_login": null, "is_superuser": false, "username": "advait-dev", "first_name": "Advait", "last_name": "Maybhate", "email": "", "is_staff": false, "is_active": true, "date_joined": "2020-09-15T17:47:42Z", "groups": [], "user_permissions": []}}, {"model": "auth.user", "pk": 26, "fields": {"password": "pbkdf2_sha256$180000$ARzBU5qLdBhI$roTQFU3C8VEsqQBbJdApaK9SpQ5GiILlorQ/V5+GAS8=", "last_login": null, "is_superuser": false, "username": "wilson-dev", "first_name": "Wilson", "last_name": "Wu", "email": "", "is_staff": false, "is_active": true, "date_joined": "2020-09-15T18:20:28Z", "groups": [], "user_permissions": []}}, {"model": "auth.user", "pk": 27, "fields": {"password": "pbkdf2_sha256$180000$XuR34vKZ9SLa$LmN5YvIXyNLh34V/ntPcKeokFYTYiuudCgQ3ibY7dtE=", "last_login": null, "is_superuser": false, "username": "daniel-dev", "first_name": "Daniel", "last_name": "Wang", "email": "", "is_staff": false, "is_active": true, "date_joined": "2020-09-15T18:20:57Z", "groups": [], "user_permissions": []}}, {"model": "auth.user", "pk": 28, "fields": {"password": "pbkdf2_sha256$180000$9OJukUzIdivq$zyUp52ULRXKIawEWBocFuHTRs0vXM6J+m893XL/vn60=", "last_login": null, "is_superuser": false, "username": "yan-dev", "first_name": "Yan", "last_name": "Ke", "email": "", "is_staff": false, "is_active": true, "date_joined": "2020-09-15T18:21:35Z", "groups": [], "user_permissions": []}}, {"model": "auth.user", "pk": 29, "fields": {"password": "pbkdf2_sha256$180000$Zy8Y0v2thl5N$zdnRtxqBlvJtlK6rtt0w4duesRwJDjGxTi873ACEQOo=", "last_login": null, "is_superuser": false, "username": "29", "first_name": "", "last_name": "", "email": "", "is_staff": false, "is_active": true, "date_joined": "2021-01-15T02:44:39.254Z", "groups": [], "user_permissions": []}}, {"model": "auth.user", "pk": 30, "fields": {"password": "pbkdf2_sha256$180000$p0865HOFsPUk$zNx13u3PYkdILLSVM+kXyzadw/KUor3wEqu5VkSmJfE=", "last_login": null, "is_superuser": false, "username": "30", "first_name": "", "last_name": "", "email": "", "is_staff": false, "is_active": true, "date_joined": "2021-01-15T23:35:37.804Z", "groups": [], "user_permissions": []}}, {"model": "auth.user", "pk": 31, "fields": {"password": "adccTpI0UvIJLjr6eqILuHV1iUAJ0MT10d737dnlgdz9EKg", "last_login": null, "is_superuser": false, "username": "31", "first_name": "", "last_name": "", "email": "", "is_staff": false, "is_active": true, "date_joined": "2021-01-17T02:53:36.769Z", "groups": [], "user_permissions": []}}, {"model": "auth.user", "pk": 32, "fields": {"password": "1-M29udDEn1hDvw3OY_TVuuCgbSlMr0eFAEffJHna0NthUY", "last_login": null, "is_superuser": false, "username": "32", "first_name": "", "last_name": "", "email": "", "is_staff": false, "is_active": true, "date_joined": "2021-01-17T03:04:21.447Z", "groups": [], "user_permissions": []}}, {"model": "auth.user", "pk": 33, "fields": {"password": "4ILc0NUAQTA-6Z-dG7sVTcY8oKNgFLG_rOIDdY5kgvnVSPU", "last_login": null, "is_superuser": false, "username": "33", "first_name": "", "last_name": "", "email": "", "is_staff": false, "is_active": true, "date_joined": "2021-01-17T03:08:48.990Z", "groups": [], "user_permissions": []}}, {"model": "auth.user", "pk": 34, "fields": {"password": "XWuu3ia65IJSsvo4r3lYC1OgN-f35yllgXDBmWbrS2HvWHI", "last_login": null, "is_superuser": false, "username": "34", "first_name": "", "last_name": "", "email": "", "is_staff": false, "is_active": true, "date_joined": "2021-01-17T03:23:21.586Z", "groups": [], "user_permissions": []}}, {"model": "auth.user", "pk": 35, "fields": {"password": "pbkdf2_sha256$180000$0BH65HwnbIQC$mpZ0gs+wgeKCJB3tTw00ioY7ZdcFwY+S0h4XsI62uHQ=", "last_login": null, "is_superuser": false, "username": "35", "first_name": "", "last_name": "", "email": "", "is_staff": false, "is_active": true, "date_joined": "2021-01-17T03:28:16.611Z", "groups": [], "user_permissions": []}}, {"model": "auth.user", "pk": 36, "fields": {"password": "pbkdf2_sha256$180000$u7hfRhEirjMK$Uu41VjAbIzCpMXzJwXkMwjk59CPCrSaI6KSI05Lw8XM=", "last_login": null, "is_superuser": false, "username": "36", "first_name": "", "last_name": "", "email": "", "is_staff": false, "is_active": true, "date_joined": "2021-01-17T03:32:40.879Z", "groups": [], "user_permissions": []}}, {"model": "sessions.session", "pk": "0i8ht4vwtmo0zpax3cddysalo7pvk4g8", "fields": {"session_data": "Nzk3YTA2Y2FmZmY5YTY3ZTJmMjFhNzNmM2VhODgzZGUzOTQyYzcyMDp7Il9hdXRoX3VzZXJfaWQiOiIxIiwiX2F1dGhfdXNlcl9iYWNrZW5kIjoiZGphbmdvLmNvbnRyaWIuYXV0aC5iYWNrZW5kcy5Nb2RlbEJhY2tlbmQiLCJfYXV0aF91c2VyX2hhc2giOiIzMDA1Y2EwMWZiNTQwZDgzMzQ4YmQ2NGRhZjgyYWFhMjE4Mjk0M2JhIn0=", "expire_date": "2020-06-14T17:48:28.472Z"}}, {"model": "sessions.session", "pk": "1ibzev6e1bsszfi0lw8h8jr54poat4br", "fields": {"session_data": "Nzk3YTA2Y2FmZmY5YTY3ZTJmMjFhNzNmM2VhODgzZGUzOTQyYzcyMDp7Il9hdXRoX3VzZXJfaWQiOiIxIiwiX2F1dGhfdXNlcl9iYWNrZW5kIjoiZGphbmdvLmNvbnRyaWIuYXV0aC5iYWNrZW5kcy5Nb2RlbEJhY2tlbmQiLCJfYXV0aF91c2VyX2hhc2giOiIzMDA1Y2EwMWZiNTQwZDgzMzQ4YmQ2NGRhZjgyYWFhMjE4Mjk0M2JhIn0=", "expire_date": "2020-09-12T19:22:48.057Z"}}, {"model": "sessions.session", "pk": "2f0fg1yhgrimtvn81y9awty72e71a096", "fields": {"session_data": "ZTZlOTRlNDljYTM5YWU4Nzc1MGNjMjQ0MWJlN2QyMjliODQ1ZjgwNzp7Il9hdXRoX3VzZXJfaWQiOiIyNCIsIl9hdXRoX3VzZXJfYmFja2VuZCI6ImRqYW5nby5jb250cmliLmF1dGguYmFja2VuZHMuTW9kZWxCYWNrZW5kIiwiX2F1dGhfdXNlcl9oYXNoIjoiNWM2YmQyNzAyMzljMjAxNzQ3OGYxY2Y0OWVjMGQwOTlmNDM1MDZjMyJ9", "expire_date": "2020-09-19T16:20:37.997Z"}}, {"model": "sessions.session", "pk": "3aw0o68671bxq6fg3zsn4uz8eebqz79t", "fields": {"session_data": "Nzk3YTA2Y2FmZmY5YTY3ZTJmMjFhNzNmM2VhODgzZGUzOTQyYzcyMDp7Il9hdXRoX3VzZXJfaWQiOiIxIiwiX2F1dGhfdXNlcl9iYWNrZW5kIjoiZGphbmdvLmNvbnRyaWIuYXV0aC5iYWNrZW5kcy5Nb2RlbEJhY2tlbmQiLCJfYXV0aF91c2VyX2hhc2giOiIzMDA1Y2EwMWZiNTQwZDgzMzQ4YmQ2NGRhZjgyYWFhMjE4Mjk0M2JhIn0=", "expire_date": "2020-04-13T04:27:14.238Z"}}, {"model": "sessions.session", "pk": "3b4twr97g3ql02ubbwul2bsb82bg2owq", "fields": {"session_data": "Yzc2ZTg3NjRhOTU4NGMxOGRlODVlZjZjNWMwZDI0ZmUwMTg3OTRlOTp7Il9hdXRoX3VzZXJfaWQiOiIyMCIsIl9hdXRoX3VzZXJfYmFja2VuZCI6ImRqYW5nby5jb250cmliLmF1dGguYmFja2VuZHMuTW9kZWxCYWNrZW5kIiwiX2F1dGhfdXNlcl9oYXNoIjoiMDk2ZmMxZTdmMGU1MzVhOTUzMzdkNTEyOWM1YTg4ZWY4ZDkyN2ZkOCJ9", "expire_date": "2021-01-10T17:41:04.062Z"}}, {"model": "sessions.session", "pk": "4wcpc1eodv9cwrlgllrbkbk5fvxp4p0b", "fields": {"session_data": "MDY4NTljMzhkODFjMWZkZWFmYTExZjAzNjY4ZDYyNmIzNGFhNTJmNDp7fQ==", "expire_date": "2020-05-26T00:51:14.726Z"}}, {"model": "sessions.session", "pk": "67j63jjuwpgdzjv36vz83oubotsxsgps", "fields": {"session_data": "OWRkM2YzNjFkNzk4NWZmYWQ0NzY2MTljNWJlZTRkZGUyNDZlMWJkYzp7Il9hdXRoX3VzZXJfaWQiOiIyMyIsIl9hdXRoX3VzZXJfYmFja2VuZCI6ImRqYW5nby5jb250cmliLmF1dGguYmFja2VuZHMuTW9kZWxCYWNrZW5kIiwiX2F1dGhfdXNlcl9oYXNoIjoiZjRlY2EwM2MyMzhhYzhiZDRlN2ZlMjkzNDUyYmY3YmFjNGMyZTFhYyJ9", "expire_date": "2021-01-31T02:17:01.813Z"}}, {"model": "sessions.session", "pk": "6axbebsbfzqyoee0rm369pqn2aagjzk3", "fields": {"session_data": "Nzk3YTA2Y2FmZmY5YTY3ZTJmMjFhNzNmM2VhODgzZGUzOTQyYzcyMDp7Il9hdXRoX3VzZXJfaWQiOiIxIiwiX2F1dGhfdXNlcl9iYWNrZW5kIjoiZGphbmdvLmNvbnRyaWIuYXV0aC5iYWNrZW5kcy5Nb2RlbEJhY2tlbmQiLCJfYXV0aF91c2VyX2hhc2giOiIzMDA1Y2EwMWZiNTQwZDgzMzQ4YmQ2NGRhZjgyYWFhMjE4Mjk0M2JhIn0=", "expire_date": "2020-05-11T02:59:15.778Z"}}, {"model": "sessions.session", "pk": "79k9sfl1orj2ymzlqzw70pafq2wkz818", "fields": {"session_data": "MmUyNzRlNDk0NzVmYzVmZjQyNWFkYWY1NTkyYWMzODA5NWM1YWZmZTp7Il9hdXRoX3VzZXJfaWQiOiIyMCIsIl9hdXRoX3VzZXJfYmFja2VuZCI6ImRqYW5nby5jb250cmliLmF1dGguYmFja2VuZHMuTW9kZWxCYWNrZW5kIiwiX2F1dGhfdXNlcl9oYXNoIjoiYjEyZjdlMTM4MDk4ZWMzYTJmZGEwNzFiNjY1MzM0ZTA3N2ZjZjhmMCJ9", "expire_date": "2020-08-14T17:56:50.961Z"}}, {"model": "sessions.session", "pk": "7rdy74ic3zma1kbni4x23qlr54p1ds0r", "fields": {"session_data": "Nzk3YTA2Y2FmZmY5YTY3ZTJmMjFhNzNmM2VhODgzZGUzOTQyYzcyMDp7Il9hdXRoX3VzZXJfaWQiOiIxIiwiX2F1dGhfdXNlcl9iYWNrZW5kIjoiZGphbmdvLmNvbnRyaWIuYXV0aC5iYWNrZW5kcy5Nb2RlbEJhY2tlbmQiLCJfYXV0aF91c2VyX2hhc2giOiIzMDA1Y2EwMWZiNTQwZDgzMzQ4YmQ2NGRhZjgyYWFhMjE4Mjk0M2JhIn0=", "expire_date": "2020-07-06T20:06:57.899Z"}}, {"model": "sessions.session", "pk": "a8b90fb2hzmwv8wvz4hwk1wsqqiuub5m", "fields": {"session_data": "Nzk3YTA2Y2FmZmY5YTY3ZTJmMjFhNzNmM2VhODgzZGUzOTQyYzcyMDp7Il9hdXRoX3VzZXJfaWQiOiIxIiwiX2F1dGhfdXNlcl9iYWNrZW5kIjoiZGphbmdvLmNvbnRyaWIuYXV0aC5iYWNrZW5kcy5Nb2RlbEJhY2tlbmQiLCJfYXV0aF91c2VyX2hhc2giOiIzMDA1Y2EwMWZiNTQwZDgzMzQ4YmQ2NGRhZjgyYWFhMjE4Mjk0M2JhIn0=", "expire_date": "2020-05-01T18:09:52.559Z"}}, {"model": "sessions.session", "pk": "adwg3sp16mywqu496huiznmdz6z40gk5", "fields": {"session_data": "Yzc2ZTg3NjRhOTU4NGMxOGRlODVlZjZjNWMwZDI0ZmUwMTg3OTRlOTp7Il9hdXRoX3VzZXJfaWQiOiIyMCIsIl9hdXRoX3VzZXJfYmFja2VuZCI6ImRqYW5nby5jb250cmliLmF1dGguYmFja2VuZHMuTW9kZWxCYWNrZW5kIiwiX2F1dGhfdXNlcl9oYXNoIjoiMDk2ZmMxZTdmMGU1MzVhOTUzMzdkNTEyOWM1YTg4ZWY4ZDkyN2ZkOCJ9", "expire_date": "2021-11-09T17:40:23.062Z"}}, {"model": "sessions.session", "pk": "ayoiprgn67b1lsv2pqc3axiqftouq4u5", "fields": {"session_data": "MzRkZTFkMTQyZjZiNTUzMTRiNWRiZmJiYTJlYTI4OTlhNGNkMzEwZDp7Il9hdXRoX3VzZXJfaWQiOiIyNCIsIl9hdXRoX3VzZXJfYmFja2VuZCI6ImRqYW5nby5jb250cmliLmF1dGguYmFja2VuZHMuTW9kZWxCYWNrZW5kIiwiX2F1dGhfdXNlcl9oYXNoIjoiZWNhOTQ4NDEwZDQ0NjY1YzM5ODFmNjM2MWI0ZTZiNDJlOTczYzRlOCJ9", "expire_date": "2020-09-29T17:41:48.811Z"}}, {"model": "sessions.session", "pk": "bd8c06sr6rgsxgjnt0ee0dru3epe60v3", "fields": {"session_data": "Nzk3YTA2Y2FmZmY5YTY3ZTJmMjFhNzNmM2VhODgzZGUzOTQyYzcyMDp7Il9hdXRoX3VzZXJfaWQiOiIxIiwiX2F1dGhfdXNlcl9iYWNrZW5kIjoiZGphbmdvLmNvbnRyaWIuYXV0aC5iYWNrZW5kcy5Nb2RlbEJhY2tlbmQiLCJfYXV0aF91c2VyX2hhc2giOiIzMDA1Y2EwMWZiNTQwZDgzMzQ4YmQ2NGRhZjgyYWFhMjE4Mjk0M2JhIn0=", "expire_date": "2020-04-09T20:45:30.779Z"}}, {"model": "sessions.session", "pk": "btgsfkqr9e5tuxdaarfuafp38btdgk9c", "fields": {"session_data": "OWRkM2YzNjFkNzk4NWZmYWQ0NzY2MTljNWJlZTRkZGUyNDZlMWJkYzp7Il9hdXRoX3VzZXJfaWQiOiIyMyIsIl9hdXRoX3VzZXJfYmFja2VuZCI6ImRqYW5nby5jb250cmliLmF1dGguYmFja2VuZHMuTW9kZWxCYWNrZW5kIiwiX2F1dGhfdXNlcl9oYXNoIjoiZjRlY2EwM2MyMzhhYzhiZDRlN2ZlMjkzNDUyYmY3YmFjNGMyZTFhYyJ9", "expire_date": "2021-01-25T20:48:42.163Z"}}, {"model": "sessions.session", "pk": "e0dzpxtpmr9yvon12p5vyrcow0f958xj", "fields": {"session_data": "MmUyNzRlNDk0NzVmYzVmZjQyNWFkYWY1NTkyYWMzODA5NWM1YWZmZTp7Il9hdXRoX3VzZXJfaWQiOiIyMCIsIl9hdXRoX3VzZXJfYmFja2VuZCI6ImRqYW5nby5jb250cmliLmF1dGguYmFja2VuZHMuTW9kZWxCYWNrZW5kIiwiX2F1dGhfdXNlcl9oYXNoIjoiYjEyZjdlMTM4MDk4ZWMzYTJmZGEwNzFiNjY1MzM0ZTA3N2ZjZjhmMCJ9", "expire_date": "2020-07-15T01:51:46.767Z"}}, {"model": "sessions.session", "pk": "f72bly0lk2v2qrfvd7vaccvvunhughxn", "fields": {"session_data": "ZmU3ODg1NGU2M2VjNGM1ZWMyYzAxYzQyZDU0NGJiY2NlYjQ5NmYxNTp7Il9hdXRoX3VzZXJfaWQiOiIyMyIsIl9hdXRoX3VzZXJfYmFja2VuZCI6ImRqYW5nby5jb250cmliLmF1dGguYmFja2VuZHMuTW9kZWxCYWNrZW5kIiwiX2F1dGhfdXNlcl9oYXNoIjoiMWU2NGJhYWRkN2NmMDNhZjZhMmNkY2NkNDg0YjYxNmQwM2VhYjVkMSJ9", "expire_date": "2020-08-16T21:14:24.304Z"}}, {"model": "sessions.session", "pk": "god87n804om52j4mhjz93esc5q7dgndj", "fields": {"session_data": "Nzk3YTA2Y2FmZmY5YTY3ZTJmMjFhNzNmM2VhODgzZGUzOTQyYzcyMDp7Il9hdXRoX3VzZXJfaWQiOiIxIiwiX2F1dGhfdXNlcl9iYWNrZW5kIjoiZGphbmdvLmNvbnRyaWIuYXV0aC5iYWNrZW5kcy5Nb2RlbEJhY2tlbmQiLCJfYXV0aF91c2VyX2hhc2giOiIzMDA1Y2EwMWZiNTQwZDgzMzQ4YmQ2NGRhZjgyYWFhMjE4Mjk0M2JhIn0=", "expire_date": "2020-04-13T04:28:28.769Z"}}, {"model": "sessions.session", "pk": "hgbmpfjuhlcq8wberyla0mdm41wb7g0c", "fields": {"session_data": "MDY4NTljMzhkODFjMWZkZWFmYTExZjAzNjY4ZDYyNmIzNGFhNTJmNDp7fQ==", "expire_date": "2020-05-26T00:52:39.388Z"}}, {"model": "sessions.session", "pk": "i13g1damy1uqhf53qemim2f87euutehi", "fields": {"session_data": "ZmU3ODg1NGU2M2VjNGM1ZWMyYzAxYzQyZDU0NGJiY2NlYjQ5NmYxNTp7Il9hdXRoX3VzZXJfaWQiOiIyMyIsIl9hdXRoX3VzZXJfYmFja2VuZCI6ImRqYW5nby5jb250cmliLmF1dGguYmFja2VuZHMuTW9kZWxCYWNrZW5kIiwiX2F1dGhfdXNlcl9oYXNoIjoiMWU2NGJhYWRkN2NmMDNhZjZhMmNkY2NkNDg0YjYxNmQwM2VhYjVkMSJ9", "expire_date": "2020-08-15T20:23:55.716Z"}}, {"model": "sessions.session", "pk": "if2k0jezudqua3xj0ify9l7dyok9smr0", "fields": {"session_data": "ZmU3ODg1NGU2M2VjNGM1ZWMyYzAxYzQyZDU0NGJiY2NlYjQ5NmYxNTp7Il9hdXRoX3VzZXJfaWQiOiIyMyIsIl9hdXRoX3VzZXJfYmFja2VuZCI6ImRqYW5nby5jb250cmliLmF1dGguYmFja2VuZHMuTW9kZWxCYWNrZW5kIiwiX2F1dGhfdXNlcl9oYXNoIjoiMWU2NGJhYWRkN2NmMDNhZjZhMmNkY2NkNDg0YjYxNmQwM2VhYjVkMSJ9", "expire_date": "2020-08-15T21:45:41.128Z"}}, {"model": "sessions.session", "pk": "jejk24opzx9fvyouopr5hhtjfto39mut", "fields": {"session_data": "Nzk3YTA2Y2FmZmY5YTY3ZTJmMjFhNzNmM2VhODgzZGUzOTQyYzcyMDp7Il9hdXRoX3VzZXJfaWQiOiIxIiwiX2F1dGhfdXNlcl9iYWNrZW5kIjoiZGphbmdvLmNvbnRyaWIuYXV0aC5iYWNrZW5kcy5Nb2RlbEJhY2tlbmQiLCJfYXV0aF91c2VyX2hhc2giOiIzMDA1Y2EwMWZiNTQwZDgzMzQ4YmQ2NGRhZjgyYWFhMjE4Mjk0M2JhIn0=", "expire_date": "2020-04-09T20:59:05.174Z"}}, {"model": "sessions.session", "pk": "k304xc4nsrnvlbe5qoqzsv6oshzmbczl", "fields": {"session_data": "Yzc2ZTg3NjRhOTU4NGMxOGRlODVlZjZjNWMwZDI0ZmUwMTg3OTRlOTp7Il9hdXRoX3VzZXJfaWQiOiIyMCIsIl9hdXRoX3VzZXJfYmFja2VuZCI6ImRqYW5nby5jb250cmliLmF1dGguYmFja2VuZHMuTW9kZWxCYWNrZW5kIiwiX2F1dGhfdXNlcl9oYXNoIjoiMDk2ZmMxZTdmMGU1MzVhOTUzMzdkNTEyOWM1YTg4ZWY4ZDkyN2ZkOCJ9", "expire_date": "2021-05-01T19:26:44.340Z"}}, {"model": "sessions.session", "pk": "knf48001wr3cl3mzocfpqgfe2a5by9cu", "fields": {"session_data": "Nzk3YTA2Y2FmZmY5YTY3ZTJmMjFhNzNmM2VhODgzZGUzOTQyYzcyMDp7Il9hdXRoX3VzZXJfaWQiOiIxIiwiX2F1dGhfdXNlcl9iYWNrZW5kIjoiZGphbmdvLmNvbnRyaWIuYXV0aC5iYWNrZW5kcy5Nb2RlbEJhY2tlbmQiLCJfYXV0aF91c2VyX2hhc2giOiIzMDA1Y2EwMWZiNTQwZDgzMzQ4YmQ2NGRhZjgyYWFhMjE4Mjk0M2JhIn0=", "expire_date": "2020-04-13T16:27:04.010Z"}}, {"model": "sessions.session", "pk": "lq65adyr7em4kuf3i2jzqtvj2wiw1lof", "fields": {"session_data": "MzRkZTFkMTQyZjZiNTUzMTRiNWRiZmJiYTJlYTI4OTlhNGNkMzEwZDp7Il9hdXRoX3VzZXJfaWQiOiIyNCIsIl9hdXRoX3VzZXJfYmFja2VuZCI6ImRqYW5nby5jb250cmliLmF1dGguYmFja2VuZHMuTW9kZWxCYWNrZW5kIiwiX2F1dGhfdXNlcl9oYXNoIjoiZWNhOTQ4NDEwZDQ0NjY1YzM5ODFmNjM2MWI0ZTZiNDJlOTczYzRlOCJ9", "expire_date": "2020-09-20T14:31:25.586Z"}}, {"model": "sessions.session", "pk": "lryv233yhpaj8yxnyd5vebxz6f8acj3p", "fields": {"session_data": "Nzk3YTA2Y2FmZmY5YTY3ZTJmMjFhNzNmM2VhODgzZGUzOTQyYzcyMDp7Il9hdXRoX3VzZXJfaWQiOiIxIiwiX2F1dGhfdXNlcl9iYWNrZW5kIjoiZGphbmdvLmNvbnRyaWIuYXV0aC5iYWNrZW5kcy5Nb2RlbEJhY2tlbmQiLCJfYXV0aF91c2VyX2hhc2giOiIzMDA1Y2EwMWZiNTQwZDgzMzQ4YmQ2NGRhZjgyYWFhMjE4Mjk0M2JhIn0=", "expire_date": "2020-08-21T00:22:05.515Z"}}, {"model": "sessions.session", "pk": "lwjmqcfdzrxfuvcfiok59c9eqhtzvnh2", "fields": {"session_data": "MDY4NTljMzhkODFjMWZkZWFmYTExZjAzNjY4ZDYyNmIzNGFhNTJmNDp7fQ==", "expire_date": "2020-05-01T18:04:19.443Z"}}, {"model": "sessions.session", "pk": "nd1i9iji754pkpy0ik943xn6kum9wd52", "fields": {"session_data": "Nzk3YTA2Y2FmZmY5YTY3ZTJmMjFhNzNmM2VhODgzZGUzOTQyYzcyMDp7Il9hdXRoX3VzZXJfaWQiOiIxIiwiX2F1dGhfdXNlcl9iYWNrZW5kIjoiZGphbmdvLmNvbnRyaWIuYXV0aC5iYWNrZW5kcy5Nb2RlbEJhY2tlbmQiLCJfYXV0aF91c2VyX2hhc2giOiIzMDA1Y2EwMWZiNTQwZDgzMzQ4YmQ2NGRhZjgyYWFhMjE4Mjk0M2JhIn0=", "expire_date": "2020-04-13T02:00:52.417Z"}}, {"model": "sessions.session", "pk": "nfposgan1a322pjrasyp5okppxx48dgi", "fields": {"session_data": "Nzk3YTA2Y2FmZmY5YTY3ZTJmMjFhNzNmM2VhODgzZGUzOTQyYzcyMDp7Il9hdXRoX3VzZXJfaWQiOiIxIiwiX2F1dGhfdXNlcl9iYWNrZW5kIjoiZGphbmdvLmNvbnRyaWIuYXV0aC5iYWNrZW5kcy5Nb2RlbEJhY2tlbmQiLCJfYXV0aF91c2VyX2hhc2giOiIzMDA1Y2EwMWZiNTQwZDgzMzQ4YmQ2NGRhZjgyYWFhMjE4Mjk0M2JhIn0=", "expire_date": "2020-09-21T18:27:54.100Z"}}, {"model": "sessions.session", "pk": "nu4zjig8eyx7etderkec8oepui4fbxr7", "fields": {"session_data": "Nzk3YTA2Y2FmZmY5YTY3ZTJmMjFhNzNmM2VhODgzZGUzOTQyYzcyMDp7Il9hdXRoX3VzZXJfaWQiOiIxIiwiX2F1dGhfdXNlcl9iYWNrZW5kIjoiZGphbmdvLmNvbnRyaWIuYXV0aC5iYWNrZW5kcy5Nb2RlbEJhY2tlbmQiLCJfYXV0aF91c2VyX2hhc2giOiIzMDA1Y2EwMWZiNTQwZDgzMzQ4YmQ2NGRhZjgyYWFhMjE4Mjk0M2JhIn0=", "expire_date": "2020-08-05T02:55:51.688Z"}}, {"model": "sessions.session", "pk": "pif69kuctitg7trojhwo0nzfk0p60nsu", "fields": {"session_data": "MmUyNzRlNDk0NzVmYzVmZjQyNWFkYWY1NTkyYWMzODA5NWM1YWZmZTp7Il9hdXRoX3VzZXJfaWQiOiIyMCIsIl9hdXRoX3VzZXJfYmFja2VuZCI6ImRqYW5nby5jb250cmliLmF1dGguYmFja2VuZHMuTW9kZWxCYWNrZW5kIiwiX2F1dGhfdXNlcl9oYXNoIjoiYjEyZjdlMTM4MDk4ZWMzYTJmZGEwNzFiNjY1MzM0ZTA3N2ZjZjhmMCJ9", "expire_date": "2020-09-11T14:04:45.450Z"}}, {"model": "sessions.session", "pk": "qyp58vwbitf3iv6h369bezlsf0aympw4", "fields": {"session_data": "OTIyNjhmMGMxY2VkNDAzOWYxMTdiNDI1ZTY2YjAwNzFmNGYyNDViZTp7fQ==", "expire_date": "2020-11-29T21:59:23.887Z"}}, {"model": "sessions.session", "pk": "s4c4hzd6np6mzsc8xoc4pdy1f0i6ndjc", "fields": {"session_data": "OWRkM2YzNjFkNzk4NWZmYWQ0NzY2MTljNWJlZTRkZGUyNDZlMWJkYzp7Il9hdXRoX3VzZXJfaWQiOiIyMyIsIl9hdXRoX3VzZXJfYmFja2VuZCI6ImRqYW5nby5jb250cmliLmF1dGguYmFja2VuZHMuTW9kZWxCYWNrZW5kIiwiX2F1dGhfdXNlcl9oYXNoIjoiZjRlY2EwM2MyMzhhYzhiZDRlN2ZlMjkzNDUyYmY3YmFjNGMyZTFhYyJ9", "expire_date": "2020-10-01T03:49:29.906Z"}}, {"model": "sessions.session", "pk": "s76a5pgi8fakp1u4i4voqj3nwd890469", "fields": {"session_data": "MmUyNzRlNDk0NzVmYzVmZjQyNWFkYWY1NTkyYWMzODA5NWM1YWZmZTp7Il9hdXRoX3VzZXJfaWQiOiIyMCIsIl9hdXRoX3VzZXJfYmFja2VuZCI6ImRqYW5nby5jb250cmliLmF1dGguYmFja2VuZHMuTW9kZWxCYWNrZW5kIiwiX2F1dGhfdXNlcl9oYXNoIjoiYjEyZjdlMTM4MDk4ZWMzYTJmZGEwNzFiNjY1MzM0ZTA3N2ZjZjhmMCJ9", "expire_date": "2020-06-29T18:19:11.523Z"}}, {"model": "sessions.session", "pk": "scbnn6okyl798co5035umknuz4emjnhp", "fields": {"session_data": "NDNkYWU2M2Y4MDQzYzBiOGVhN2QwMjA1ZTZkZmU3ZWU1NTU2Y2ZhYjp7Il9hdXRoX3VzZXJfaWQiOiIyMCIsIl9hdXRoX3VzZXJfYmFja2VuZCI6ImRqYW5nby5jb250cmliLmF1dGguYmFja2VuZHMuTW9kZWxCYWNrZW5kIiwiX2F1dGhfdXNlcl9oYXNoIjoiZDkyODdlMGRlYmFkY2E1NDE4YWZiNWQ3YjQ3NzIzZjAwOWFjMjQ2ZSJ9", "expire_date": "2020-06-13T03:20:48.578Z"}}, {"model": "sessions.session", "pk": "t08hp4812aaupoe82rwx51yienzppm3h", "fields": {"session_data": "Nzk3YTA2Y2FmZmY5YTY3ZTJmMjFhNzNmM2VhODgzZGUzOTQyYzcyMDp7Il9hdXRoX3VzZXJfaWQiOiIxIiwiX2F1dGhfdXNlcl9iYWNrZW5kIjoiZGphbmdvLmNvbnRyaWIuYXV0aC5iYWNrZW5kcy5Nb2RlbEJhY2tlbmQiLCJfYXV0aF91c2VyX2hhc2giOiIzMDA1Y2EwMWZiNTQwZDgzMzQ4YmQ2NGRhZjgyYWFhMjE4Mjk0M2JhIn0=", "expire_date": "2020-05-26T00:57:50.171Z"}}, {"model": "sessions.session", "pk": "u1qlpc1mvcb3xlyknto258qg7vah2021", "fields": {"session_data": "ZmU3ODg1NGU2M2VjNGM1ZWMyYzAxYzQyZDU0NGJiY2NlYjQ5NmYxNTp7Il9hdXRoX3VzZXJfaWQiOiIyMyIsIl9hdXRoX3VzZXJfYmFja2VuZCI6ImRqYW5nby5jb250cmliLmF1dGguYmFja2VuZHMuTW9kZWxCYWNrZW5kIiwiX2F1dGhfdXNlcl9oYXNoIjoiMWU2NGJhYWRkN2NmMDNhZjZhMmNkY2NkNDg0YjYxNmQwM2VhYjVkMSJ9", "expire_date": "2020-09-04T01:40:41.509Z"}}, {"model": "sessions.session", "pk": "u7ekdqlcm6t7c3abe5uydjea6hrk6w3p", "fields": {"session_data": "Nzk3YTA2Y2FmZmY5YTY3ZTJmMjFhNzNmM2VhODgzZGUzOTQyYzcyMDp7Il9hdXRoX3VzZXJfaWQiOiIxIiwiX2F1dGhfdXNlcl9iYWNrZW5kIjoiZGphbmdvLmNvbnRyaWIuYXV0aC5iYWNrZW5kcy5Nb2RlbEJhY2tlbmQiLCJfYXV0aF91c2VyX2hhc2giOiIzMDA1Y2EwMWZiNTQwZDgzMzQ4YmQ2NGRhZjgyYWFhMjE4Mjk0M2JhIn0=", "expire_date": "2020-06-13T03:21:03.683Z"}}, {"model": "sessions.session", "pk": "u84dl2amh34vc33nmjiiwitpxwt28j9w", "fields": {"session_data": "OWRkM2YzNjFkNzk4NWZmYWQ0NzY2MTljNWJlZTRkZGUyNDZlMWJkYzp7Il9hdXRoX3VzZXJfaWQiOiIyMyIsIl9hdXRoX3VzZXJfYmFja2VuZCI6ImRqYW5nby5jb250cmliLmF1dGguYmFja2VuZHMuTW9kZWxCYWNrZW5kIiwiX2F1dGhfdXNlcl9oYXNoIjoiZjRlY2EwM2MyMzhhYzhiZDRlN2ZlMjkzNDUyYmY3YmFjNGMyZTFhYyJ9", "expire_date": "2021-02-20T20:35:23.462Z"}}, {"model": "sessions.session", "pk": "uf94cd6wmuuzc0oyuq454wwlftn6u3w7", "fields": {"session_data": "OWRkM2YzNjFkNzk4NWZmYWQ0NzY2MTljNWJlZTRkZGUyNDZlMWJkYzp7Il9hdXRoX3VzZXJfaWQiOiIyMyIsIl9hdXRoX3VzZXJfYmFja2VuZCI6ImRqYW5nby5jb250cmliLmF1dGguYmFja2VuZHMuTW9kZWxCYWNrZW5kIiwiX2F1dGhfdXNlcl9oYXNoIjoiZjRlY2EwM2MyMzhhYzhiZDRlN2ZlMjkzNDUyYmY3YmFjNGMyZTFhYyJ9", "expire_date": "2020-11-09T23:22:14.471Z"}}, {"model": "sessions.session", "pk": "uizq6l980p1l4kwig11pdg7gpdpau89t", "fields": {"session_data": "MmUyNzRlNDk0NzVmYzVmZjQyNWFkYWY1NTkyYWMzODA5NWM1YWZmZTp7Il9hdXRoX3VzZXJfaWQiOiIyMCIsIl9hdXRoX3VzZXJfYmFja2VuZCI6ImRqYW5nby5jb250cmliLmF1dGguYmFja2VuZHMuTW9kZWxCYWNrZW5kIiwiX2F1dGhfdXNlcl9oYXNoIjoiYjEyZjdlMTM4MDk4ZWMzYTJmZGEwNzFiNjY1MzM0ZTA3N2ZjZjhmMCJ9", "expire_date": "2020-06-13T17:47:23.622Z"}}, {"model": "sessions.session", "pk": "urs9wcex9o4etjvnyjhw1zsf08b1nu65", "fields": {"session_data": "MmUyNzRlNDk0NzVmYzVmZjQyNWFkYWY1NTkyYWMzODA5NWM1YWZmZTp7Il9hdXRoX3VzZXJfaWQiOiIyMCIsIl9hdXRoX3VzZXJfYmFja2VuZCI6ImRqYW5nby5jb250cmliLmF1dGguYmFja2VuZHMuTW9kZWxCYWNrZW5kIiwiX2F1dGhfdXNlcl9oYXNoIjoiYjEyZjdlMTM4MDk4ZWMzYTJmZGEwNzFiNjY1MzM0ZTA3N2ZjZjhmMCJ9", "expire_date": "2020-09-24T19:16:47.424Z"}}, {"model": "sessions.session", "pk": "vgtp0wfgy984cij5rvweuvj1ehadd9br", "fields": {"session_data": "MDY4NTljMzhkODFjMWZkZWFmYTExZjAzNjY4ZDYyNmIzNGFhNTJmNDp7fQ==", "expire_date": "2020-05-01T18:03:44.065Z"}}, {"model": "sessions.session", "pk": "vk36hnt3hm74aenwngcaovfxhjbt2mfy", "fields": {"session_data": "Nzk3YTA2Y2FmZmY5YTY3ZTJmMjFhNzNmM2VhODgzZGUzOTQyYzcyMDp7Il9hdXRoX3VzZXJfaWQiOiIxIiwiX2F1dGhfdXNlcl9iYWNrZW5kIjoiZGphbmdvLmNvbnRyaWIuYXV0aC5iYWNrZW5kcy5Nb2RlbEJhY2tlbmQiLCJfYXV0aF91c2VyX2hhc2giOiIzMDA1Y2EwMWZiNTQwZDgzMzQ4YmQ2NGRhZjgyYWFhMjE4Mjk0M2JhIn0=", "expire_date": "2020-07-20T22:35:51.155Z"}}, {"model": "sessions.session", "pk": "y7meozg8iafeoouqrx89lssmqbb3zigf", "fields": {"session_data": "MDY4NTljMzhkODFjMWZkZWFmYTExZjAzNjY4ZDYyNmIzNGFhNTJmNDp7fQ==", "expire_date": "2020-05-01T18:03:02.674Z"}}, {"model": "sessions.session", "pk": "yhgj2spuf1zsuwsvwy01epucv3wkp1vc", "fields": {"session_data": "MmUyNzRlNDk0NzVmYzVmZjQyNWFkYWY1NTkyYWMzODA5NWM1YWZmZTp7Il9hdXRoX3VzZXJfaWQiOiIyMCIsIl9hdXRoX3VzZXJfYmFja2VuZCI6ImRqYW5nby5jb250cmliLmF1dGguYmFja2VuZHMuTW9kZWxCYWNrZW5kIiwiX2F1dGhfdXNlcl9oYXNoIjoiYjEyZjdlMTM4MDk4ZWMzYTJmZGEwNzFiNjY1MzM0ZTA3N2ZjZjhmMCJ9", "expire_date": "2020-09-10T03:41:59.481Z"}}, {"model": "sessions.session", "pk": "z0i1hyt2rez66rnlv6fw0poeskpim6jw", "fields": {"session_data": "ZmU3ODg1NGU2M2VjNGM1ZWMyYzAxYzQyZDU0NGJiY2NlYjQ5NmYxNTp7Il9hdXRoX3VzZXJfaWQiOiIyMyIsIl9hdXRoX3VzZXJfYmFja2VuZCI6ImRqYW5nby5jb250cmliLmF1dGguYmFja2VuZHMuTW9kZWxCYWNrZW5kIiwiX2F1dGhfdXNlcl9oYXNoIjoiMWU2NGJhYWRkN2NmMDNhZjZhMmNkY2NkNDg0YjYxNmQwM2VhYjVkMSJ9", "expire_date": "2020-09-21T01:35:48.543Z"}}, {"model": "authtoken.token", "pk": "1e2147930da52610e542aaeca845148830a44de4", "fields": {"user": 18, "created": "2020-05-26T03:31:38.436Z"}}, {"model": "authtoken.token", "pk": "202a102e2501b8dea35a2ce6bcf91632d265a4ff", "fields": {"user": 34, "created": "2021-01-17T03:23:55.605Z"}}, {"model": "authtoken.token", "pk": "2b48eaa9dc7e62f59c9fb74bd40d55bdaf1012f3", "fields": {"user": 33, "created": "2021-01-17T03:09:25.397Z"}}, {"model": "authtoken.token", "pk": "45166c52e03c8734433701ffcbc1ead574bc56ef", "fields": {"user": 31, "created": "2021-01-17T02:54:31.950Z"}}, {"model": "authtoken.token", "pk": "5615ee7232b843e6df6e0a2c757138fb3fce0e1a", "fields": {"user": 35, "created": "2021-01-17T03:28:52.298Z"}}, {"model": "authtoken.token", "pk": "64a8dcc5edf2641789a0aa9b961bd39474c31e8a", "fields": {"user": 2, "created": "2020-04-03T03:04:48.053Z"}}, {"model": "authtoken.token", "pk": "6e34ce9125e1b8ec41536910478e6c4bfb9a2d4c", "fields": {"user": 36, "created": "2021-01-17T03:34:04.175Z"}}, {"model": "authtoken.token", "pk": "ab9d2ff8fdc0cc0acf4d77498c8ae8a90f5c7ac6", "fields": {"user": 21, "created": "2021-01-17T02:21:08.379Z"}}, {"model": "authtoken.token", "pk": "aec13b1f9c6bb861a2a710df6b9a7c601a81ca1e", "fields": {"user": 1, "created": "2020-03-30T02:40:34.551Z"}}, {"model": "authtoken.token", "pk": "d0aa8d8a49e8ddbfce79cb9d9c1927eda1d57e8d", "fields": {"user": 14, "created": "2020-06-12T05:40:17.221Z"}}, {"model": "authtoken.token", "pk": "f00ed7e539e23fe8beda9fde356c4e6271c356c3", "fields": {"user": 32, "created": "2021-01-17T03:05:01.046Z"}}, {"model": "authtoken.token", "pk": "f925350afa74503c4682b84a6f6eb88680543498", "fields": {"user": 3, "created": "2020-03-31T00:25:31.787Z"}}, {"model": "playerdata.serverstatus", "pk": 1, "fields": {"creation_time": "2021-01-13T23:12:35.800Z", "event_type": "V", "version_number": "0.2.4", "require_update": true, "maintenance_start": null, "expected_end": null, "patch_notes": ""}}, {"model": "playerdata.basecharacter", "pk": 0, "fields": {"name": "Viking", "rarity": 1, "rollable": true}}, {"model": "playerdata.basecharacter", "pk": 1, "fields": {"name": "Archer", "rarity": 2, "rollable": true}}, {"model": "playerdata.basecharacter", "pk": 2, "fields": {"name": "Mage", "rarity": 3, "rollable": true}}, {"model": "playerdata.basecharacter", "pk": 3, "fields": {"name": "Swordsman", "rarity": 4, "rollable": true}}, {"model": "playerdata.basecharacter", "pk": 4, "fields": {"name": "Hammer Knight", "rarity": 3, "rollable": true}}, {"model": "playerdata.basecharacter", "pk": 5, "fields": {"name": "Golem", "rarity": 3, "rollable": true}}, {"model": "playerdata.basecharacter", "pk": 6, "fields": {"name": "Pirate", "rarity": 4, "rollable": true}}, {"model": "playerdata.basecharacter", "pk": 7, "fields": {"name": "Ninja", "rarity": 4, "rollable": true}}, {"model": "playerdata.basecharacter", "pk": 8, "fields": {"name": "Chef", "rarity": 4, "rollable": true}}, {"model": "playerdata.basecharacter", "pk": 9, "fields": {"name": "Fire Bender", "rarity": 4, "rollable": true}}, {"model": "playerdata.basecharacter", "pk": 10, "fields": {"name": "Druid", "rarity": 2, "rollable": true}}, {"model": "playerdata.basecharacter", "pk": 11, "fields": {"name": "Gun Slinger", "rarity": 2, "rollable": true}}, {"model": "playerdata.basecharacterusage", "pk": 0, "fields": {"num_games": 702, "num_wins": 377, "last_reset_time": null}}, {"model": "playerdata.basecharacterusage", "pk": 1, "fields": {"num_games": 409, "num_wins": 226, "last_reset_time": null}}, {"model": "playerdata.basecharacterusage", "pk": 2, "fields": {"num_games": 406, "num_wins": 231, "last_reset_time": null}}, {"model": "playerdata.basecharacterusage", "pk": 3, "fields": {"num_games": 372, "num_wins": 163, "last_reset_time": null}}, {"model": "playerdata.basecharacterusage", "pk": 4, "fields": {"num_games": 382, "num_wins": 178, "last_reset_time": null}}, {"model": "playerdata.basecharacterusage", "pk": 5, "fields": {"num_games": 243, "num_wins": 87, "last_reset_time": null}}, {"model": "playerdata.basecharacterusage", "pk": 6, "fields": {"num_games": 89, "num_wins": 54, "last_reset_time": null}}, {"model": "playerdata.basecharacterusage", "pk": 7, "fields": {"num_games": 449, "num_wins": 273, "last_reset_time": null}}, {"model": "playerdata.basecharacterusage", "pk": 8, "fields": {"num_games": 274, "num_wins": 73, "last_reset_time": null}}, {"model": "playerdata.basecharacterusage", "pk": 9, "fields": {"num_games": 172, "num_wins": 55, "last_reset_time": null}}, {"model": "playerdata.basecharacterusage", "pk": 10, "fields": {"num_games": 34, "num_wins": 6, "last_reset_time": null}}, {"model": "playerdata.basecharacterusage", "pk": 11, "fields": {"num_games": 0, "num_wins": 0, "last_reset_time": null}}, {"model": "playerdata.baseitem", "pk": 0, "fields": {"attack_flat": null, "attack_mult": null, "ability_flat": null, "ability_mult": null, "attack_speed_flat": null, "attack_speed_mult": null, "ar_flat": null, "ar_mult": null, "mr_flat": null, "mr_mult": null, "speed_flat": null, "speed_mult": null, "crit_flat": null, "crit_mult": null, "mana_tick_flat": null, "mana_tick_mult": null, "range_flat": null, "max_health_flat": null, "max_health_mult": null, "effect_ids": null, "name": "Axe", "description": "for splitting logs", "gear_slot": "W", "rarity": 1, "cost": 100, "is_unique": false, "rollable": false}}, {"model": "playerdata.baseitem", "pk": 3, "fields": {"attack_flat": null, "attack_mult": null, "ability_flat": null, "ability_mult": null, "attack_speed_flat": null, "attack_speed_mult": null, "ar_flat": null, "ar_mult": null, "mr_flat": null, "mr_mult": null, "speed_flat": null, "speed_mult": null, "crit_flat": null, "crit_mult": null, "mana_tick_flat": null, "mana_tick_mult": null, "range_flat": null, "max_health_flat": null, "max_health_mult": null, "effect_ids": null, "name": "Sword", "description": "normal sized sword", "gear_slot": "W", "rarity": 1, "cost": 1, "is_unique": false, "rollable": false}}, {"model": "playerdata.baseitem", "pk": 4, "fields": {"attack_flat": null, "attack_mult": null, "ability_flat": null, "ability_mult": null, "attack_speed_flat": null, "attack_speed_mult": null, "ar_flat": null, "ar_mult": null, "mr_flat": null, "mr_mult": null, "speed_flat": null, "speed_mult": null, "crit_flat": null, "crit_mult": null, "mana_tick_flat": null, "mana_tick_mult": null, "range_flat": null, "max_health_flat": null, "max_health_mult": null, "effect_ids": null, "name": "Dagger", "description": "short sword", "gear_slot": "W", "rarity": 1, "cost": 1, "is_unique": false, "rollable": false}}, {"model": "playerdata.baseitem", "pk": 7, "fields": {"attack_flat": null, "attack_mult": null, "ability_flat": null, "ability_mult": null, "attack_speed_flat": null, "attack_speed_mult": null, "ar_flat": null, "ar_mult": null, "mr_flat": null, "mr_mult": null, "speed_flat": null, "speed_mult": null, "crit_flat": null, "crit_mult": null, "mana_tick_flat": null, "mana_tick_mult": null, "range_flat": null, "max_health_flat": null, "max_health_mult": null, "effect_ids": null, "name": "Club", "description": "ogres club", "gear_slot": "W", "rarity": 1, "cost": 1, "is_unique": false, "rollable": false}}, {"model": "playerdata.baseitem", "pk": 8, "fields": {"attack_flat": null, "attack_mult": null, "ability_flat": null, "ability_mult": null, "attack_speed_flat": null, "attack_speed_mult": null, "ar_flat": null, "ar_mult": null, "mr_flat": null, "mr_mult": null, "speed_flat": null, "speed_mult": null, "crit_flat": null, "crit_mult": null, "mana_tick_flat": null, "mana_tick_mult": null, "range_flat": null, "max_health_flat": null, "max_health_mult": null, "effect_ids": null, "name": "Big Sword", "description": "is this too big", "gear_slot": "W", "rarity": 1, "cost": 1, "is_unique": false, "rollable": false}}, {"model": "playerdata.baseitem", "pk": 9, "fields": {"attack_flat": null, "attack_mult": null, "ability_flat": null, "ability_mult": null, "attack_speed_flat": null, "attack_speed_mult": null, "ar_flat": null, "ar_mult": null, "mr_flat": null, "mr_mult": null, "speed_flat": null, "speed_mult": null, "crit_flat": null, "crit_mult": null, "mana_tick_flat": null, "mana_tick_mult": null, "range_flat": null, "max_health_flat": null, "max_health_mult": null, "effect_ids": null, "name": "Shuriken", "description": "ninja star", "gear_slot": "W", "rarity": 1, "cost": 1, "is_unique": false, "rollable": false}}, {"model": "playerdata.baseitem", "pk": 23, "fields": {"attack_flat": null, "attack_mult": null, "ability_flat": null, "ability_mult": null, "attack_speed_flat": null, "attack_speed_mult": null, "ar_flat": null, "ar_mult": null, "mr_flat": null, "mr_mult": null, "speed_flat": null, "speed_mult": null, "crit_flat": null, "crit_mult": null, "mana_tick_flat": null, "mana_tick_mult": null, "range_flat": null, "max_health_flat": null, "max_health_mult": null, "effect_ids": null, "name": "Whip", "description": "w", "gear_slot": "W", "rarity": 1, "cost": 1, "is_unique": false, "rollable": false}}, {"model": "playerdata.baseitem", "pk": 32, "fields": {"attack_flat": null, "attack_mult": null, "ability_flat": null, "ability_mult": null, "attack_speed_flat": null, "attack_speed_mult": null, "ar_flat": null, "ar_mult": null, "mr_flat": null, "mr_mult": null, "speed_flat": null, "speed_mult": null, "crit_flat": null, "crit_mult": null, "mana_tick_flat": null, "mana_tick_mult": null, "range_flat": null, "max_health_flat": null, "max_health_mult": null, "effect_ids": null, "name": "Bow", "description": "a", "gear_slot": "W", "rarity": 1, "cost": 1, "is_unique": false, "rollable": false}}, {"model": "playerdata.baseitem", "pk": 56, "fields": {"attack_flat": 10, "attack_mult": null, "ability_flat": null, "ability_mult": null, "attack_speed_flat": null, "attack_speed_mult": null, "ar_flat": null, "ar_mult": null, "mr_flat": null, "mr_mult": 1.5, "speed_flat": null, "speed_mult": null, "crit_flat": null, "crit_mult": null, "mana_tick_flat": null, "mana_tick_mult": null, "range_flat": null, "max_health_flat": null, "max_health_mult": null, "effect_ids": null, "name": "Staff", "description": "Trusty staff of wisdom", "gear_slot": "W", "rarity": 1, "cost": 100, "is_unique": false, "rollable": false}}, {"model": "playerdata.baseitem", "pk": 88, "fields": {"attack_flat": null, "attack_mult": null, "ability_flat": null, "ability_mult": null, "attack_speed_flat": null, "attack_speed_mult": null, "ar_flat": null, "ar_mult": null, "mr_flat": null, "mr_mult": null, "speed_flat": null, "speed_mult": null, "crit_flat": null, "crit_mult": null, "mana_tick_flat": null, "mana_tick_mult": null, "range_flat": null, "max_health_flat": null, "max_health_mult": null, "effect_ids": null, "name": "Twig", "description": "birch twig", "gear_slot": "W", "rarity": 1, "cost": 1, "is_unique": false, "rollable": false}}, {"model": "playerdata.baseitem", "pk": 10000, "fields": {"attack_flat": null, "attack_mult": null, "ability_flat": null, "ability_mult": null, "attack_speed_flat": null, "attack_speed_mult": null, "ar_flat": null, "ar_mult": null, "mr_flat": null, "mr_mult": null, "speed_flat": null, "speed_mult": null, "crit_flat": null, "crit_mult": null, "mana_tick_flat": null, "mana_tick_mult": null, "range_flat": null, "max_health_flat": null, "max_health_mult": null, "effect_ids": null, "name": "hat", "description": "yes", "gear_slot": "H", "rarity": 1, "cost": 1, "is_unique": false, "rollable": false}}, {"model": "playerdata.baseprestige", "pk": 2, "fields": {"attack_flat": null, "attack_mult": 1.07, "ability_flat": null, "ability_mult": 1.07, "attack_speed_flat": null, "attack_speed_mult": null, "ar_flat": null, "ar_mult": 1.07, "mr_flat": null, "mr_mult": 1.07, "speed_flat": null, "speed_mult": null, "crit_flat": null, "crit_mult": null, "mana_tick_flat": null, "mana_tick_mult": null, "range_flat": null, "max_health_flat": null, "max_health_mult": 1.07, "effect_ids": null, "char_type": 11, "level": 0}}, {"model": "playerdata.baseprestige", "pk": 3, "fields": {"attack_flat": null, "attack_mult": 1.1449, "ability_flat": null, "ability_mult": 1.1449, "attack_speed_flat": null, "attack_speed_mult": null, "ar_flat": null, "ar_mult": 1.1449, "mr_flat": null, "mr_mult": 1.1449, "speed_flat": null, "speed_mult": null, "crit_flat": null, "crit_mult": null, "mana_tick_flat": null, "mana_tick_mult": null, "range_flat": null, "max_health_flat": null, "max_health_mult": 1.1449, "effect_ids": null, "char_type": 11, "level": 1}}, {"model": "playerdata.baseprestige", "pk": 4, "fields": {"attack_flat": null, "attack_mult": 1.225043, "ability_flat": null, "ability_mult": 1.225043, "attack_speed_flat": null, "attack_speed_mult": null, "ar_flat": null, "ar_mult": 1.225043, "mr_flat": null, "mr_mult": 1.225043, "speed_flat": null, "speed_mult": null, "crit_flat": null, "crit_mult": null, "mana_tick_flat": null, "mana_tick_mult": null, "range_flat": null, "max_health_flat": null, "max_health_mult": 1.225043, "effect_ids": null, "char_type": 11, "level": 2}}, {"model": "playerdata.baseprestige", "pk": 5, "fields": {"attack_flat": null, "attack_mult": 1.3107960100000002, "ability_flat": null, "ability_mult": 1.3107960100000002, "attack_speed_flat": null, "attack_speed_mult": null, "ar_flat": null, "ar_mult": 1.3107960100000002, "mr_flat": null, "mr_mult": 1.3107960100000002, "speed_flat": null, "speed_mult": null, "crit_flat": null, "crit_mult": null, "mana_tick_flat": null, "mana_tick_mult": null, "range_flat": null, "max_health_flat": null, "max_health_mult": 1.3107960100000002, "effect_ids": null, "char_type": 11, "level": 3}}, {"model": "playerdata.baseprestige", "pk": 6, "fields": {"attack_flat": null, "attack_mult": 1.4025517307000004, "ability_flat": null, "ability_mult": 1.4025517307000004, "attack_speed_flat": null, "attack_speed_mult": null, "ar_flat": null, "ar_mult": 1.4025517307000004, "mr_flat": null, "mr_mult": 1.4025517307000004, "speed_flat": null, "speed_mult": null, "crit_flat": null, "crit_mult": null, "mana_tick_flat": null, "mana_tick_mult": null, "range_flat": null, "max_health_flat": null, "max_health_mult": 1.4025517307000004, "effect_ids": null, "char_type": 11, "level": 4}}, {"model": "playerdata.baseprestige", "pk": 7, "fields": {"attack_flat": null, "attack_mult": 1.5007303518490005, "ability_flat": null, "ability_mult": 1.5007303518490005, "attack_speed_flat": null, "attack_speed_mult": null, "ar_flat": null, "ar_mult": 1.5007303518490005, "mr_flat": null, "mr_mult": 1.5007303518490005, "speed_flat": null, "speed_mult": null, "crit_flat": null, "crit_mult": null, "mana_tick_flat": null, "mana_tick_mult": null, "range_flat": null, "max_health_flat": null, "max_health_mult": 1.5007303518490005, "effect_ids": null, "char_type": 11, "level": 5}}, {"model": "playerdata.baseprestige", "pk": 8, "fields": {"attack_flat": null, "attack_mult": 1.6057814764784306, "ability_flat": null, "ability_mult": 1.6057814764784306, "attack_speed_flat": null, "attack_speed_mult": null, "ar_flat": null, "ar_mult": 1.6057814764784306, "mr_flat": null, "mr_mult": 1.6057814764784306, "speed_flat": null, "speed_mult": null, "crit_flat": null, "crit_mult": null, "mana_tick_flat": null, "mana_tick_mult": null, "range_flat": null, "max_health_flat": null, "max_health_mult": 1.6057814764784306, "effect_ids": null, "char_type": 11, "level": 6}}, {"model": "playerdata.baseprestige", "pk": 9, "fields": {"attack_flat": null, "attack_mult": 1.718186179831921, "ability_flat": null, "ability_mult": 1.718186179831921, "attack_speed_flat": null, "attack_speed_mult": null, "ar_flat": null, "ar_mult": 1.718186179831921, "mr_flat": null, "mr_mult": 1.718186179831921, "speed_flat": null, "speed_mult": null, "crit_flat": null, "crit_mult": null, "mana_tick_flat": null, "mana_tick_mult": null, "range_flat": null, "max_health_flat": null, "max_health_mult": 1.718186179831921, "effect_ids": null, "char_type": 11, "level": 7}}, {"model": "playerdata.baseprestige", "pk": 10, "fields": {"attack_flat": null, "attack_mult": 1.8384592124201555, "ability_flat": null, "ability_mult": 1.8384592124201555, "attack_speed_flat": null, "attack_speed_mult": null, "ar_flat": null, "ar_mult": 1.8384592124201555, "mr_flat": null, "mr_mult": 1.8384592124201555, "speed_flat": null, "speed_mult": null, "crit_flat": null, "crit_mult": null, "mana_tick_flat": null, "mana_tick_mult": null, "range_flat": null, "max_health_flat": null, "max_health_mult": 1.8384592124201555, "effect_ids": null, "char_type": 11, "level": 8}}, {"model": "playerdata.baseprestige", "pk": 11, "fields": {"attack_flat": null, "attack_mult": 1.9671513572895665, "ability_flat": null, "ability_mult": 1.9671513572895665, "attack_speed_flat": null, "attack_speed_mult": null, "ar_flat": null, "ar_mult": 1.9671513572895665, "mr_flat": null, "mr_mult": 1.9671513572895665, "speed_flat": null, "speed_mult": null, "crit_flat": null, "crit_mult": null, "mana_tick_flat": null, "mana_tick_mult": null, "range_flat": null, "max_health_flat": null, "max_health_mult": 1.9671513572895665, "effect_ids": null, "char_type": 11, "level": 9}}, {"model": "playerdata.baseprestige", "pk": 12, "fields": {"attack_flat": null, "attack_mult": 1.4025517307000004, "ability_flat": null, "ability_mult": 1.4025517307000004, "attack_speed_flat": null, "attack_speed_mult": null, "ar_flat": null, "ar_mult": 1.4025517307000004, "mr_flat": null, "mr_mult": 1.4025517307000004, "speed_flat": null, "speed_mult": null, "crit_flat": null, "crit_mult": null, "mana_tick_flat": null, "mana_tick_mult": null, "range_flat": null, "max_health_flat": null, "max_health_mult": 1.4025517307000004, "effect_ids": null, "char_type": 9, "level": 0}}, {"model": "playerdata.baseprestige", "pk": 13, "fields": {"attack_flat": null, "attack_mult": 1.5007303518490005, "ability_flat": null, "ability_mult": 1.5007303518490005, "attack_speed_flat": null, "attack_speed_mult": null, "ar_flat": null, "ar_mult": 1.5007303518490005, "mr_flat": null, "mr_mult": 1.5007303518490005, "speed_flat": null, "speed_mult": null, "crit_flat": null, "crit_mult": null, "mana_tick_flat": null, "mana_tick_mult": null, "range_flat": null, "max_health_flat": null, "max_health_mult": 1.5007303518490005, "effect_ids": null, "char_type": 9, "level": 1}}, {"model": "playerdata.baseprestige", "pk": 14, "fields": {"attack_flat": null, "attack_mult": 1.6057814764784306, "ability_flat": null, "ability_mult": 1.6057814764784306, "attack_speed_flat": null, "attack_speed_mult": null, "ar_flat": null, "ar_mult": 1.6057814764784306, "mr_flat": null, "mr_mult": 1.6057814764784306, "speed_flat": null, "speed_mult": null, "crit_flat": null, "crit_mult": null, "mana_tick_flat": null, "mana_tick_mult": null, "range_flat": null, "max_health_flat": null, "max_health_mult": 1.6057814764784306, "effect_ids": null, "char_type": 9, "level": 2}}, {"model": "playerdata.baseprestige", "pk": 15, "fields": {"attack_flat": null, "attack_mult": 1.718186179831921, "ability_flat": null, "ability_mult": 1.718186179831921, "attack_speed_flat": null, "attack_speed_mult": null, "ar_flat": null, "ar_mult": 1.718186179831921, "mr_flat": null, "mr_mult": 1.718186179831921, "speed_flat": null, "speed_mult": null, "crit_flat": null, "crit_mult": null, "mana_tick_flat": null, "mana_tick_mult": null, "range_flat": null, "max_health_flat": null, "max_health_mult": 1.718186179831921, "effect_ids": null, "char_type": 9, "level": 3}}, {"model": "playerdata.baseprestige", "pk": 16, "fields": {"attack_flat": null, "attack_mult": 1.8384592124201555, "ability_flat": null, "ability_mult": 1.8384592124201555, "attack_speed_flat": null, "attack_speed_mult": null, "ar_flat": null, "ar_mult": 1.8384592124201555, "mr_flat": null, "mr_mult": 1.8384592124201555, "speed_flat": null, "speed_mult": null, "crit_flat": null, "crit_mult": null, "mana_tick_flat": null, "mana_tick_mult": null, "range_flat": null, "max_health_flat": null, "max_health_mult": 1.8384592124201555, "effect_ids": null, "char_type": 9, "level": 4}}, {"model": "playerdata.baseprestige", "pk": 17, "fields": {"attack_flat": null, "attack_mult": 1.9671513572895665, "ability_flat": null, "ability_mult": 1.9671513572895665, "attack_speed_flat": null, "attack_speed_mult": null, "ar_flat": null, "ar_mult": 1.9671513572895665, "mr_flat": null, "mr_mult": 1.9671513572895665, "speed_flat": null, "speed_mult": null, "crit_flat": null, "crit_mult": null, "mana_tick_flat": null, "mana_tick_mult": null, "range_flat": null, "max_health_flat": null, "max_health_mult": 1.9671513572895665, "effect_ids": null, "char_type": 9, "level": 5}}, {"model": "playerdata.baseprestige", "pk": 18, "fields": {"attack_flat": null, "attack_mult": 1.225043, "ability_flat": null, "ability_mult": 1.225043, "attack_speed_flat": null, "attack_speed_mult": null, "ar_flat": null, "ar_mult": 1.225043, "mr_flat": null, "mr_mult": 1.225043, "speed_flat": null, "speed_mult": null, "crit_flat": null, "crit_mult": null, "mana_tick_flat": null, "mana_tick_mult": null, "range_flat": null, "max_health_flat": null, "max_health_mult": 1.225043, "effect_ids": null, "char_type": 5, "level": 0}}, {"model": "playerdata.baseprestige", "pk": 19, "fields": {"attack_flat": null, "attack_mult": 1.3107960100000002, "ability_flat": null, "ability_mult": 1.3107960100000002, "attack_speed_flat": null, "attack_speed_mult": null, "ar_flat": null, "ar_mult": 1.3107960100000002, "mr_flat": null, "mr_mult": 1.3107960100000002, "speed_flat": null, "speed_mult": null, "crit_flat": null, "crit_mult": null, "mana_tick_flat": null, "mana_tick_mult": null, "range_flat": null, "max_health_flat": null, "max_health_mult": 1.3107960100000002, "effect_ids": null, "char_type": 5, "level": 1}}, {"model": "playerdata.baseprestige", "pk": 20, "fields": {"attack_flat": null, "attack_mult": 1.4025517307000004, "ability_flat": null, "ability_mult": 1.4025517307000004, "attack_speed_flat": null, "attack_speed_mult": null, "ar_flat": null, "ar_mult": 1.4025517307000004, "mr_flat": null, "mr_mult": 1.4025517307000004, "speed_flat": null, "speed_mult": null, "crit_flat": null, "crit_mult": null, "mana_tick_flat": null, "mana_tick_mult": null, "range_flat": null, "max_health_flat": null, "max_health_mult": 1.4025517307000004, "effect_ids": null, "char_type": 5, "level": 2}}, {"model": "playerdata.baseprestige", "pk": 21, "fields": {"attack_flat": null, "attack_mult": 1.5007303518490005, "ability_flat": null, "ability_mult": 1.5007303518490005, "attack_speed_flat": null, "attack_speed_mult": null, "ar_flat": null, "ar_mult": 1.5007303518490005, "mr_flat": null, "mr_mult": 1.5007303518490005, "speed_flat": null, "speed_mult": null, "crit_flat": null, "crit_mult": null, "mana_tick_flat": null, "mana_tick_mult": null, "range_flat": null, "max_health_flat": null, "max_health_mult": 1.5007303518490005, "effect_ids": null, "char_type": 5, "level": 3}}, {"model": "playerdata.baseprestige", "pk": 22, "fields": {"attack_flat": null, "attack_mult": 1.6057814764784306, "ability_flat": null, "ability_mult": 1.6057814764784306, "attack_speed_flat": null, "attack_speed_mult": null, "ar_flat": null, "ar_mult": 1.6057814764784306, "mr_flat": null, "mr_mult": 1.6057814764784306, "speed_flat": null, "speed_mult": null, "crit_flat": null, "crit_mult": null, "mana_tick_flat": null, "mana_tick_mult": null, "range_flat": null, "max_health_flat": null, "max_health_mult": 1.6057814764784306, "effect_ids": null, "char_type": 5, "level": 4}}, {"model": "playerdata.baseprestige", "pk": 23, "fields": {"attack_flat": null, "attack_mult": 1.718186179831921, "ability_flat": null, "ability_mult": 1.718186179831921, "attack_speed_flat": null, "attack_speed_mult": null, "ar_flat": null, "ar_mult": 1.718186179831921, "mr_flat": null, "mr_mult": 1.718186179831921, "speed_flat": null, "speed_mult": null, "crit_flat": null, "crit_mult": null, "mana_tick_flat": null, "mana_tick_mult": null, "range_flat": null, "max_health_flat": null, "max_health_mult": 1.718186179831921, "effect_ids": null, "char_type": 5, "level": 5}}, {"model": "playerdata.baseprestige", "pk": 24, "fields": {"attack_flat": null, "attack_mult": 1.8384592124201555, "ability_flat": null, "ability_mult": 1.8384592124201555, "attack_speed_flat": null, "attack_speed_mult": null, "ar_flat": null, "ar_mult": 1.8384592124201555, "mr_flat": null, "mr_mult": 1.8384592124201555, "speed_flat": null, "speed_mult": null, "crit_flat": null, "crit_mult": null, "mana_tick_flat": null, "mana_tick_mult": null, "range_flat": null, "max_health_flat": null, "max_health_mult": 1.8384592124201555, "effect_ids": null, "char_type": 5, "level": 6}}, {"model": "playerdata.baseprestige", "pk": 25, "fields": {"attack_flat": null, "attack_mult": 1.9671513572895665, "ability_flat": null, "ability_mult": 1.9671513572895665, "attack_speed_flat": null, "attack_speed_mult": null, "ar_flat": null, "ar_mult": 1.9671513572895665, "mr_flat": null, "mr_mult": 1.9671513572895665, "speed_flat": null, "speed_mult": null, "crit_flat": null, "crit_mult": null, "mana_tick_flat": null, "mana_tick_mult": null, "range_flat": null, "max_health_flat": null, "max_health_mult": 1.9671513572895665, "effect_ids": null, "char_type": 5, "level": 7}}, {"model": "playerdata.baseprestige", "pk": 26, "fields": {"attack_flat": null, "attack_mult": 1.07, "ability_flat": null, "ability_mult": 1.07, "attack_speed_flat": null, "attack_speed_mult": null, "ar_flat": null, "ar_mult": 1.07, "mr_flat": null, "mr_mult": 1.07, "speed_flat": null, "speed_mult": null, "crit_flat": null, "crit_mult": null, "mana_tick_flat": null, "mana_tick_mult": null, "range_flat": null, "max_health_flat": null, "max_health_mult": 1.07, "effect_ids": null, "char_type": 0, "level": 1}}, {"model": "playerdata.baseprestige", "pk": 27, "fields": {"attack_flat": null, "attack_mult": 1.1449, "ability_flat": null, "ability_mult": 1.1449, "attack_speed_flat": null, "attack_speed_mult": null, "ar_flat": null, "ar_mult": 1.1449, "mr_flat": null, "mr_mult": 1.1449, "speed_flat": null, "speed_mult": null, "crit_flat": null, "crit_mult": null, "mana_tick_flat": null, "mana_tick_mult": null, "range_flat": null, "max_health_flat": null, "max_health_mult": 1.1449, "effect_ids": null, "char_type": 0, "level": 2}}, {"model": "playerdata.baseprestige", "pk": 28, "fields": {"attack_flat": null, "attack_mult": 1.225043, "ability_flat": null, "ability_mult": 1.225043, "attack_speed_flat": null, "attack_speed_mult": null, "ar_flat": null, "ar_mult": 1.225043, "mr_flat": null, "mr_mult": 1.225043, "speed_flat": null, "speed_mult": null, "crit_flat": null, "crit_mult": null, "mana_tick_flat": null, "mana_tick_mult": null, "range_flat": null, "max_health_flat": null, "max_health_mult": 1.225043, "effect_ids": null, "char_type": 0, "level": 3}}, {"model": "playerdata.baseprestige", "pk": 29, "fields": {"attack_flat": null, "attack_mult": 1.3107960100000002, "ability_flat": null, "ability_mult": 1.3107960100000002, "attack_speed_flat": null, "attack_speed_mult": null, "ar_flat": null, "ar_mult": 1.3107960100000002, "mr_flat": null, "mr_mult": 1.3107960100000002, "speed_flat": null, "speed_mult": null, "crit_flat": null, "crit_mult": null, "mana_tick_flat": null, "mana_tick_mult": null, "range_flat": null, "max_health_flat": null, "max_health_mult": 1.3107960100000002, "effect_ids": null, "char_type": 0, "level": 4}}, {"model": "playerdata.baseprestige", "pk": 30, "fields": {"attack_flat": null, "attack_mult": 1.4025517307000004, "ability_flat": null, "ability_mult": 1.4025517307000004, "attack_speed_flat": null, "attack_speed_mult": null, "ar_flat": null, "ar_mult": 1.4025517307000004, "mr_flat": null, "mr_mult": 1.4025517307000004, "speed_flat": null, "speed_mult": null, "crit_flat": null, "crit_mult": null, "mana_tick_flat": null, "mana_tick_mult": null, "range_flat": null, "max_health_flat": null, "max_health_mult": 1.4025517307000004, "effect_ids": null, "char_type": 0, "level": 5}}, {"model": "playerdata.baseprestige", "pk": 31, "fields": {"attack_flat": null, "attack_mult": 1.5007303518490005, "ability_flat": null, "ability_mult": 1.5007303518490005, "attack_speed_flat": null, "attack_speed_mult": null, "ar_flat": null, "ar_mult": 1.5007303518490005, "mr_flat": null, "mr_mult": 1.5007303518490005, "speed_flat": null, "speed_mult": null, "crit_flat": null, "crit_mult": null, "mana_tick_flat": null, "mana_tick_mult": null, "range_flat": null, "max_health_flat": null, "max_health_mult": 1.5007303518490005, "effect_ids": null, "char_type": 0, "level": 6}}, {"model": "playerdata.baseprestige", "pk": 32, "fields": {"attack_flat": null, "attack_mult": 1.6057814764784306, "ability_flat": null, "ability_mult": 1.6057814764784306, "attack_speed_flat": null, "attack_speed_mult": null, "ar_flat": null, "ar_mult": 1.6057814764784306, "mr_flat": null, "mr_mult": 1.6057814764784306, "speed_flat": null, "speed_mult": null, "crit_flat": null, "crit_mult": null, "mana_tick_flat": null, "mana_tick_mult": null, "range_flat": null, "max_health_flat": null, "max_health_mult": 1.6057814764784306, "effect_ids": null, "char_type": 0, "level": 7}}, {"model": "playerdata.baseprestige", "pk": 33, "fields": {"attack_flat": null, "attack_mult": 1.718186179831921, "ability_flat": null, "ability_mult": 1.718186179831921, "attack_speed_flat": null, "attack_speed_mult": null, "ar_flat": null, "ar_mult": 1.718186179831921, "mr_flat": null, "mr_mult": 1.718186179831921, "speed_flat": null, "speed_mult": null, "crit_flat": null, "crit_mult": null, "mana_tick_flat": null, "mana_tick_mult": null, "range_flat": null, "max_health_flat": null, "max_health_mult": 1.718186179831921, "effect_ids": null, "char_type": 0, "level": 8}}, {"model": "playerdata.baseprestige", "pk": 34, "fields": {"attack_flat": null, "attack_mult": 1.8384592124201555, "ability_flat": null, "ability_mult": 1.8384592124201555, "attack_speed_flat": null, "attack_speed_mult": null, "ar_flat": null, "ar_mult": 1.8384592124201555, "mr_flat": null, "mr_mult": 1.8384592124201555, "speed_flat": null, "speed_mult": null, "crit_flat": null, "crit_mult": null, "mana_tick_flat": null, "mana_tick_mult": null, "range_flat": null, "max_health_flat": null, "max_health_mult": 1.8384592124201555, "effect_ids": null, "char_type": 0, "level": 9}}, {"model": "playerdata.baseprestige", "pk": 35, "fields": {"attack_flat": null, "attack_mult": 1.9671513572895665, "ability_flat": null, "ability_mult": 1.9671513572895665, "attack_speed_flat": null, "attack_speed_mult": null, "ar_flat": null, "ar_mult": 1.9671513572895665, "mr_flat": null, "mr_mult": 1.9671513572895665, "speed_flat": null, "speed_mult": null, "crit_flat": null, "crit_mult": null, "mana_tick_flat": null, "mana_tick_mult": null, "range_flat": null, "max_health_flat": null, "max_health_mult": 1.9671513572895665, "effect_ids": null, "char_type": 0, "level": 10}}, {"model": "playerdata.item", "pk": 3, "fields": {"user": 14, "item_type": 0, "exp": 0}}, {"model": "playerdata.item", "pk": 4, "fields": {"user": 14, "item_type": 56, "exp": 0}}, {"model": "playerdata.item", "pk": 5, "fields": {"user": 21, "item_type": 0, "exp": 0}}, {"model": "playerdata.item", "pk": 6, "fields": {"user": 21, "item_type": 56, "exp": 0}}, {"model": "playerdata.item", "pk": 7, "fields": {"user": 21, "item_type": 32, "exp": 3}}, {"model": "playerdata.item", "pk": 8, "fields": {"user": 21, "item_type": 3, "exp": 1}}, {"model": "playerdata.item", "pk": 9, "fields": {"user": 21, "item_type": 9, "exp": 1}}, {"model": "playerdata.item", "pk": 10, "fields": {"user": 21, "item_type": 7, "exp": 1}}, {"model": "playerdata.item", "pk": 11, "fields": {"user": 21, "item_type": 88, "exp": 1}}, {"model": "playerdata.item", "pk": 12, "fields": {"user": 21, "item_type": 23, "exp": 2}}, {"model": "playerdata.item", "pk": 13, "fields": {"user": 21, "item_type": 4, "exp": 5}}, {"model": "playerdata.item", "pk": 14, "fields": {"user": 21, "item_type": 8, "exp": 5}}, {"model": "playerdata.item", "pk": 15, "fields": {"user": 14, "item_type": 32, "exp": 1}}, {"model": "playerdata.item", "pk": 16, "fields": {"user": 14, "item_type": 3, "exp": 1}}, {"model": "playerdata.item", "pk": 17, "fields": {"user": 14, "item_type": 9, "exp": 1}}, {"model": "playerdata.item", "pk": 18, "fields": {"user": 14, "item_type": 7, "exp": 1}}, {"model": "playerdata.item", "pk": 19, "fields": {"user": 14, "item_type": 88, "exp": 1}}, {"model": "playerdata.item", "pk": 20, "fields": {"user": 14, "item_type": 23, "exp": 1}}, {"model": "playerdata.item", "pk": 21, "fields": {"user": 14, "item_type": 4, "exp": 1}}, {"model": "playerdata.item", "pk": 22, "fields": {"user": 14, "item_type": 8, "exp": 2}}, {"model": "playerdata.item", "pk": 23, "fields": {"user": 21, "item_type": 10000, "exp": 0}}, {"model": "playerdata.character", "pk": 1, "fields": {"user": 1, "char_type": 1, "level": 1, "copies": 1, "prestige": 0, "total_damage_dealt": 0, "total_damage_taken": 0, "total_health_healed": 0, "num_games": 0, "num_wins": 0, "is_tourney": false, "is_story": false, "is_boosted": false, "hat": null, "armor": null, "weapon": null, "boots": null, "trinket_1": null, "trinket_2": null}}, {"model": "playerdata.character", "pk": 2, "fields": {"user": 1, "char_type": 2, "level": 1, "copies": 1, "prestige": 0, "total_damage_dealt": 0, "total_damage_taken": 0, "total_health_healed": 0, "num_games": 0, "num_wins": 0, "is_tourney": false, "is_story": false, "is_boosted": false, "hat": null, "armor": null, "weapon": null, "boots": null, "trinket_1": null, "trinket_2": null}}, {"model": "playerdata.character", "pk": 3, "fields": {"user": 14, "char_type": 0, "level": 3, "copies": 8003, "prestige": 0, "total_damage_dealt": 1036400, "total_damage_taken": 5026719, "total_health_healed": 0, "num_games": 597, "num_wins": 304, "is_tourney": false, "is_story": false, "is_boosted": false, "hat": null, "armor": null, "weapon": 3, "boots": null, "trinket_1": null, "trinket_2": null}}, {"model": "playerdata.character", "pk": 4, "fields": {"user": 14, "char_type": 1, "level": 1, "copies": 1640, "prestige": 0, "total_damage_dealt": 283739, "total_damage_taken": 100118, "total_health_healed": 0, "num_games": 326, "num_wins": 160, "is_tourney": false, "is_story": false, "is_boosted": false, "hat": null, "armor": null, "weapon": 21, "boots": null, "trinket_1": null, "trinket_2": null}}, {"model": "playerdata.character", "pk": 5, "fields": {"user": 14, "char_type": 3, "level": 1, "copies": 602, "prestige": 0, "total_damage_dealt": 252880, "total_damage_taken": 119998, "total_health_healed": 0, "num_games": 372, "num_wins": 163, "is_tourney": false, "is_story": false, "is_boosted": false, "hat": null, "armor": null, "weapon": 18, "boots": null, "trinket_1": null, "trinket_2": null}}, {"model": "playerdata.character", "pk": 6, "fields": {"user": 14, "char_type": 2, "level": 1, "copies": 1201, "prestige": 0, "total_damage_dealt": 58500, "total_damage_taken": 147814, "total_health_healed": 0, "num_games": 314, "num_wins": 157, "is_tourney": false, "is_story": false, "is_boosted": false, "hat": null, "armor": null, "weapon": 22, "boots": null, "trinket_1": null, "trinket_2": null}}, {"model": "playerdata.character", "pk": 7, "fields": {"user": 21, "char_type": 1, "level": 33, "copies": 17, "prestige": 0, "total_damage_dealt": 892679, "total_damage_taken": 78525, "total_health_healed": 0, "num_games": 83, "num_wins": 66, "is_tourney": false, "is_story": false, "is_boosted": false, "hat": null, "armor": null, "weapon": null, "boots": null, "trinket_1": null, "trinket_2": null}}, {"model": "playerdata.character", "pk": 8, "fields": {"user": 21, "char_type": 0, "level": 12, "copies": 87, "prestige": 0, "total_damage_dealt": 1075998, "total_damage_taken": 489857, "total_health_healed": 0, "num_games": 105, "num_wins": 73, "is_tourney": false, "is_story": false, "is_boosted": false, "hat": 23, "armor": null, "weapon": 14, "boots": null, "trinket_1": null, "trinket_2": null}}, {"model": "playerdata.character", "pk": 9, "fields": {"user": 21, "char_type": 2, "level": 8, "copies": 6, "prestige": 0, "total_damage_dealt": 44476, "total_damage_taken": 31813, "total_health_healed": 0, "num_games": 92, "num_wins": 74, "is_tourney": false, "is_story": false, "is_boosted": false, "hat": null, "armor": null, "weapon": null, "boots": null, "trinket_1": null, "trinket_2": null}}, {"model": "playerdata.character", "pk": 10, "fields": {"user": 21, "char_type": 3, "level": 1, "copies": 2, "prestige": 0, "total_damage_dealt": 0, "total_damage_taken": 0, "total_health_healed": 0, "num_games": 0, "num_wins": 0, "is_tourney": false, "is_story": false, "is_boosted": false, "hat": null, "armor": null, "weapon": 13, "boots": null, "trinket_1": null, "trinket_2": null}}, {"model": "playerdata.character", "pk": 11, "fields": {"user": 21, "char_type": 4, "level": 11, "copies": 6, "prestige": 0, "total_damage_dealt": 2049297, "total_damage_taken": 1197706, "total_health_healed": 0, "num_games": 324, "num_wins": 172, "is_tourney": false, "is_story": false, "is_boosted": false, "hat": null, "armor": null, "weapon": 11, "boots": null, "trinket_1": null, "trinket_2": null}}, {"model": "playerdata.character", "pk": 12, "fields": {"user": 21, "char_type": 5, "level": 1, "copies": 4, "prestige": 0, "total_damage_dealt": 51960, "total_damage_taken": 36326, "total_health_healed": 0, "num_games": 20, "num_wins": 13, "is_tourney": false, "is_story": false, "is_boosted": false, "hat": null, "armor": null, "weapon": 10, "boots": null, "trinket_1": null, "trinket_2": null}}, {"model": "playerdata.character", "pk": 13, "fields": {"user": 21, "char_type": 6, "level": 10, "copies": 3, "prestige": 0, "total_damage_dealt": 252920, "total_damage_taken": 201681, "total_health_healed": 0, "num_games": 89, "num_wins": 54, "is_tourney": false, "is_story": false, "is_boosted": false, "hat": null, "armor": null, "weapon": null, "boots": null, "trinket_1": null, "trinket_2": null}}, {"model": "playerdata.character", "pk": 14, "fields": {"user": 21, "char_type": 7, "level": 6, "copies": 9, "prestige": 10, "total_damage_dealt": 401095, "total_damage_taken": 193090, "total_health_healed": 0, "num_games": 135, "num_wins": 116, "is_tourney": false, "is_story": false, "is_boosted": false, "hat": null, "armor": null, "weapon": null, "boots": null, "trinket_1": null, "trinket_2": null}}, {"model": "playerdata.character", "pk": 15, "fields": {"user": 21, "char_type": 8, "level": 10, "copies": 6, "prestige": 2, "total_damage_dealt": 153821, "total_damage_taken": 329600, "total_health_healed": 308348, "num_games": 216, "num_wins": 67, "is_tourney": false, "is_story": false, "is_boosted": false, "hat": null, "armor": null, "weapon": 7, "boots": null, "trinket_1": null, "trinket_2": null}}, {"model": "playerdata.character", "pk": 16, "fields": {"user": 14, "char_type": 4, "level": 1, "copies": 1, "prestige": 0, "total_damage_dealt": 95842, "total_damage_taken": 62489, "total_health_healed": 0, "num_games": 58, "num_wins": 6, "is_tourney": false, "is_story": false, "is_boosted": false, "hat": null, "armor": null, "weapon": 17, "boots": null, "trinket_1": null, "trinket_2": null}}, {"model": "playerdata.character", "pk": 17, "fields": {"user": 14, "char_type": 5, "level": 1, "copies": 1, "prestige": 0, "total_damage_dealt": 330616, "total_damage_taken": 375647, "total_health_healed": 0, "num_games": 223, "num_wins": 74, "is_tourney": false, "is_story": false, "is_boosted": false, "hat": null, "armor": null, "weapon": 20, "boots": null, "trinket_1": null, "trinket_2": null}}, {"model": "playerdata.character", "pk": 18, "fields": {"user": 14, "char_type": 6, "level": 1, "copies": 1, "prestige": 0, "total_damage_dealt": 0, "total_damage_taken": 0, "total_health_healed": 0, "num_games": 0, "num_wins": 0, "is_tourney": false, "is_story": false, "is_boosted": false, "hat": null, "armor": null, "weapon": 15, "boots": null, "trinket_1": null, "trinket_2": null}}, {"model": "playerdata.character", "pk": 19, "fields": {"user": 14, "char_type": 7, "level": 1, "copies": 2, "prestige": 0, "total_damage_dealt": 923878, "total_damage_taken": 490301, "total_health_healed": 0, "num_games": 314, "num_wins": 157, "is_tourney": false, "is_story": false, "is_boosted": false, "hat": null, "armor": null, "weapon": 4, "boots": null, "trinket_1": null, "trinket_2": null}}, {"model": "playerdata.character", "pk": 20, "fields": {"user": 14, "char_type": 8, "level": 14, "copies": 2, "prestige": 3, "total_damage_dealt": 24017, "total_damage_taken": 93102, "total_health_healed": 11000, "num_games": 58, "num_wins": 6, "is_tourney": false, "is_story": false, "is_boosted": false, "hat": null, "armor": null, "weapon": 19, "boots": null, "trinket_1": null, "trinket_2": null}}, {"model": "playerdata.character", "pk": 21, "fields": {"user": 21, "char_type": 9, "level": 2, "copies": 1, "prestige": 0, "total_damage_dealt": 1567802, "total_damage_taken": 108776, "total_health_healed": 0, "num_games": 173, "num_wins": 55, "is_tourney": false, "is_story": false, "is_boosted": false, "hat": null, "armor": null, "weapon": 6, "boots": null, "trinket_1": null, "trinket_2": null}}, {"model": "playerdata.character", "pk": 22, "fields": {"user": 21, "char_type": 10, "level": 1, "copies": 3, "prestige": 0, "total_damage_dealt": 23185, "total_damage_taken": 41796, "total_health_healed": 86250, "num_games": 34, "num_wins": 6, "is_tourney": false, "is_story": false, "is_boosted": false, "hat": null, "armor": null, "weapon": 5, "boots": null, "trinket_1": null, "trinket_2": null}}, {"model": "playerdata.character", "pk": 23, "fields": {"user": 21, "char_type": 11, "level": 1, "copies": 1, "prestige": 0, "total_damage_dealt": 2322, "total_damage_taken": 1585, "total_health_healed": 0, "num_games": 2, "num_wins": 1, "is_tourney": false, "is_story": false, "is_boosted": false, "hat": null, "armor": null, "weapon": null, "boots": null, "trinket_1": null, "trinket_2": null}}, {"model": "playerdata.character", "pk": 24, "fields": {"user": 16, "char_type": 3, "level": 1, "copies": 1, "prestige": 0, "total_damage_dealt": 0, "total_damage_taken": 0, "total_health_healed": 0, "num_games": 0, "num_wins": 0, "is_tourney": false, "is_story": false, "is_boosted": false, "hat": null, "armor": null, "weapon": null, "boots": null, "trinket_1": null, "trinket_2": null}}, {"model": "playerdata.character", "pk": 25, "fields": {"user": 17, "char_type": 1, "level": 1, "copies": 1, "prestige": 0, "total_damage_dealt": 0, "total_damage_taken": 0, "total_health_healed": 0, "num_games": 0, "num_wins": 0, "is_tourney": false, "is_story": false, "is_boosted": false, "hat": null, "armor": null, "weapon": null, "boots": null, "trinket_1": null, "trinket_2": null}}, {"model": "playerdata.character", "pk": 26, "fields": {"user": 17, "char_type": 2, "level": 1, "copies": 1, "prestige": 0, "total_damage_dealt": 0, "total_damage_taken": 0, "total_health_healed": 0, "num_games": 0, "num_wins": 0, "is_tourney": false, "is_story": false, "is_boosted": false, "hat": null, "armor": null, "weapon": null, "boots": null, "trinket_1": null, "trinket_2": null}}, {"model": "playerdata.character", "pk": 27, "fields": {"user": 17, "char_type": 3, "level": 1, "copies": 1, "prestige": 0, "total_damage_dealt": 0, "total_damage_taken": 0, "total_health_healed": 0, "num_games": 0, "num_wins": 0, "is_tourney": false, "is_story": false, "is_boosted": false, "hat": null, "armor": null, "weapon": null, "boots": null, "trinket_1": null, "trinket_2": null}}, {"model": "playerdata.character", "pk": 28, "fields": {"user": 18, "char_type": 1, "level": 1, "copies": 1, "prestige": 0, "total_damage_dealt": 0, "total_damage_taken": 0, "total_health_healed": 0, "num_games": 0, "num_wins": 0, "is_tourney": false, "is_story": false, "is_boosted": false, "hat": null, "armor": null, "weapon": null, "boots": null, "trinket_1": null, "trinket_2": null}}, {"model": "playerdata.character", "pk": 29, "fields": {"user": 18, "char_type": 2, "level": 1, "copies": 1, "prestige": 0, "total_damage_dealt": 0, "total_damage_taken": 0, "total_health_healed": 0, "num_games": 0, "num_wins": 0, "is_tourney": false, "is_story": false, "is_boosted": false, "hat": null, "armor": null, "weapon": null, "boots": null, "trinket_1": null, "trinket_2": null}}, {"model": "playerdata.character", "pk": 30, "fields": {"user": 18, "char_type": 3, "level": 1, "copies": 1, "prestige": 0, "total_damage_dealt": 0, "total_damage_taken": 0, "total_health_healed": 0, "num_games": 0, "num_wins": 0, "is_tourney": false, "is_story": false, "is_boosted": false, "hat": null, "armor": null, "weapon": null, "boots": null, "trinket_1": null, "trinket_2": null}}, {"model": "playerdata.character", "pk": 31, "fields": {"user": 19, "char_type": 1, "level": 1, "copies": 1, "prestige": 0, "total_damage_dealt": 0, "total_damage_taken": 0, "total_health_healed": 0, "num_games": 0, "num_wins": 0, "is_tourney": false, "is_story": false, "is_boosted": false, "hat": null, "armor": null, "weapon": null, "boots": null, "trinket_1": null, "trinket_2": null}}, {"model": "playerdata.character", "pk": 32, "fields": {"user": 19, "char_type": 2, "level": 1, "copies": 1, "prestige": 0, "total_damage_dealt": 0, "total_damage_taken": 0, "total_health_healed": 0, "num_games": 0, "num_wins": 0, "is_tourney": false, "is_story": false, "is_boosted": false, "hat": null, "armor": null, "weapon": null, "boots": null, "trinket_1": null, "trinket_2": null}}, {"model": "playerdata.character", "pk": 33, "fields": {"user": 19, "char_type": 3, "level": 1, "copies": 1, "prestige": 0, "total_damage_dealt": 0, "total_damage_taken": 0, "total_health_healed": 0, "num_games": 0, "num_wins": 0, "is_tourney": false, "is_story": false, "is_boosted": false, "hat": null, "armor": null, "weapon": null, "boots": null, "trinket_1": null, "trinket_2": null}}, {"model": "playerdata.character", "pk": 34, "fields": {"user": 20, "char_type": 1, "level": 1, "copies": 1, "prestige": 0, "total_damage_dealt": 0, "total_damage_taken": 0, "total_health_healed": 0, "num_games": 0, "num_wins": 0, "is_tourney": false, "is_story": false, "is_boosted": false, "hat": null, "armor": null, "weapon": null, "boots": null, "trinket_1": null, "trinket_2": null}}, {"model": "playerdata.character", "pk": 35, "fields": {"user": 20, "char_type": 2, "level": 1, "copies": 1, "prestige": 0, "total_damage_dealt": 0, "total_damage_taken": 0, "total_health_healed": 0, "num_games": 0, "num_wins": 0, "is_tourney": false, "is_story": false, "is_boosted": false, "hat": null, "armor": null, "weapon": null, "boots": null, "trinket_1": null, "trinket_2": null}}, {"model": "playerdata.character", "pk": 36, "fields": {"user": 20, "char_type": 3, "level": 1, "copies": 1, "prestige": 0, "total_damage_dealt": 0, "total_damage_taken": 0, "total_health_healed": 0, "num_games": 0, "num_wins": 0, "is_tourney": false, "is_story": false, "is_boosted": false, "hat": null, "armor": null, "weapon": null, "boots": null, "trinket_1": null, "trinket_2": null}}, {"model": "playerdata.character", "pk": 37, "fields": {"user": 21, "char_type": 1, "level": 1, "copies": 1, "prestige": 0, "total_damage_dealt": 0, "total_damage_taken": 0, "total_health_healed": 0, "num_games": 0, "num_wins": 0, "is_tourney": false, "is_story": false, "is_boosted": false, "hat": null, "armor": null, "weapon": null, "boots": null, "trinket_1": null, "trinket_2": null}}, {"model": "playerdata.character", "pk": 38, "fields": {"user": 21, "char_type": 2, "level": 1, "copies": 1, "prestige": 0, "total_damage_dealt": 0, "total_damage_taken": 0, "total_health_healed": 0, "num_games": 0, "num_wins": 0, "is_tourney": false, "is_story": false, "is_boosted": false, "hat": null, "armor": null, "weapon": null, "boots": null, "trinket_1": null, "trinket_2": null}}, {"model": "playerdata.character", "pk": 39, "fields": {"user": 21, "char_type": 3, "level": 1, "copies": 1, "prestige": 0, "total_damage_dealt": 0, "total_damage_taken": 0, "total_health_healed": 0, "num_games": 0, "num_wins": 0, "is_tourney": false, "is_story": false, "is_boosted": false, "hat": null, "armor": null, "weapon": null, "boots": null, "trinket_1": null, "trinket_2": null}}, {"model": "playerdata.character", "pk": 40, "fields": {"user": 22, "char_type": 1, "level": 1, "copies": 1, "prestige": 0, "total_damage_dealt": 0, "total_damage_taken": 0, "total_health_healed": 0, "num_games": 0, "num_wins": 0, "is_tourney": false, "is_story": false, "is_boosted": false, "hat": null, "armor": null, "weapon": null, "boots": null, "trinket_1": null, "trinket_2": null}}, {"model": "playerdata.character", "pk": 41, "fields": {"user": 22, "char_type": 2, "level": 1, "copies": 1, "prestige": 0, "total_damage_dealt": 0, "total_damage_taken": 0, "total_health_healed": 0, "num_games": 0, "num_wins": 0, "is_tourney": false, "is_story": false, "is_boosted": false, "hat": null, "armor": null, "weapon": null, "boots": null, "trinket_1": null, "trinket_2": null}}, {"model": "playerdata.character", "pk": 42, "fields": {"user": 22, "char_type": 3, "level": 1, "copies": 1, "prestige": 0, "total_damage_dealt": 0, "total_damage_taken": 0, "total_health_healed": 0, "num_games": 0, "num_wins": 0, "is_tourney": false, "is_story": false, "is_boosted": false, "hat": null, "armor": null, "weapon": null, "boots": null, "trinket_1": null, "trinket_2": null}}, {"model": "playerdata.character", "pk": 43, "fields": {"user": 23, "char_type": 1, "level": 1, "copies": 1, "prestige": 0, "total_damage_dealt": 0, "total_damage_taken": 0, "total_health_healed": 0, "num_games": 0, "num_wins": 0, "is_tourney": false, "is_story": false, "is_boosted": false, "hat": null, "armor": null, "weapon": null, "boots": null, "trinket_1": null, "trinket_2": null}}, {"model": "playerdata.character", "pk": 44, "fields": {"user": 23, "char_type": 2, "level": 1, "copies": 1, "prestige": 0, "total_damage_dealt": 0, "total_damage_taken": 0, "total_health_healed": 0, "num_games": 0, "num_wins": 0, "is_tourney": false, "is_story": false, "is_boosted": false, "hat": null, "armor": null, "weapon": null, "boots": null, "trinket_1": null, "trinket_2": null}}, {"model": "playerdata.character", "pk": 45, "fields": {"user": 23, "char_type": 3, "level": 1, "copies": 1, "prestige": 0, "total_damage_dealt": 0, "total_damage_taken": 0, "total_health_healed": 0, "num_games": 0, "num_wins": 0, "is_tourney": false, "is_story": false, "is_boosted": false, "hat": null, "armor": null, "weapon": null, "boots": null, "trinket_1": null, "trinket_2": null}}, {"model": "playerdata.character", "pk": 46, "fields": {"user": 24, "char_type": 1, "level": 1, "copies": 1, "prestige": 0, "total_damage_dealt": 0, "total_damage_taken": 0, "total_health_healed": 0, "num_games": 0, "num_wins": 0, "is_tourney": false, "is_story": false, "is_boosted": false, "hat": null, "armor": null, "weapon": null, "boots": null, "trinket_1": null, "trinket_2": null}}, {"model": "playerdata.character", "pk": 47, "fields": {"user": 24, "char_type": 2, "level": 1, "copies": 1, "prestige": 0, "total_damage_dealt": 0, "total_damage_taken": 0, "total_health_healed": 0, "num_games": 0, "num_wins": 0, "is_tourney": false, "is_story": false, "is_boosted": false, "hat": null, "armor": null, "weapon": null, "boots": null, "trinket_1": null, "trinket_2": null}}, {"model": "playerdata.character", "pk": 48, "fields": {"user": 24, "char_type": 3, "level": 1, "copies": 1, "prestige": 0, "total_damage_dealt": 0, "total_damage_taken": 0, "total_health_healed": 0, "num_games": 0, "num_wins": 0, "is_tourney": false, "is_story": false, "is_boosted": false, "hat": null, "armor": null, "weapon": null, "boots": null, "trinket_1": null, "trinket_2": null}}, {"model": "playerdata.character", "pk": 49, "fields": {"user": 25, "char_type": 1, "level": 1, "copies": 1, "prestige": 0, "total_damage_dealt": 0, "total_damage_taken": 0, "total_health_healed": 0, "num_games": 0, "num_wins": 0, "is_tourney": false, "is_story": false, "is_boosted": false, "hat": null, "armor": null, "weapon": null, "boots": null, "trinket_1": null, "trinket_2": null}}, {"model": "playerdata.character", "pk": 50, "fields": {"user": 25, "char_type": 2, "level": 1, "copies": 1, "prestige": 0, "total_damage_dealt": 0, "total_damage_taken": 0, "total_health_healed": 0, "num_games": 0, "num_wins": 0, "is_tourney": false, "is_story": false, "is_boosted": false, "hat": null, "armor": null, "weapon": null, "boots": null, "trinket_1": null, "trinket_2": null}}, {"model": "playerdata.character", "pk": 51, "fields": {"user": 25, "char_type": 3, "level": 1, "copies": 1, "prestige": 0, "total_damage_dealt": 0, "total_damage_taken": 0, "total_health_healed": 0, "num_games": 0, "num_wins": 0, "is_tourney": false, "is_story": false, "is_boosted": false, "hat": null, "armor": null, "weapon": null, "boots": null, "trinket_1": null, "trinket_2": null}}, {"model": "playerdata.character", "pk": 52, "fields": {"user": 26, "char_type": 1, "level": 1, "copies": 1, "prestige": 0, "total_damage_dealt": 0, "total_damage_taken": 0, "total_health_healed": 0, "num_games": 0, "num_wins": 0, "is_tourney": false, "is_story": false, "is_boosted": false, "hat": null, "armor": null, "weapon": null, "boots": null, "trinket_1": null, "trinket_2": null}}, {"model": "playerdata.character", "pk": 53, "fields": {"user": 26, "char_type": 2, "level": 1, "copies": 1, "prestige": 0, "total_damage_dealt": 0, "total_damage_taken": 0, "total_health_healed": 0, "num_games": 0, "num_wins": 0, "is_tourney": false, "is_story": false, "is_boosted": false, "hat": null, "armor": null, "weapon": null, "boots": null, "trinket_1": null, "trinket_2": null}}, {"model": "playerdata.character", "pk": 54, "fields": {"user": 26, "char_type": 3, "level": 1, "copies": 1, "prestige": 0, "total_damage_dealt": 0, "total_damage_taken": 0, "total_health_healed": 0, "num_games": 0, "num_wins": 0, "is_tourney": false, "is_story": false, "is_boosted": false, "hat": null, "armor": null, "weapon": null, "boots": null, "trinket_1": null, "trinket_2": null}}, {"model": "playerdata.character", "pk": 55, "fields": {"user": 27, "char_type": 1, "level": 1, "copies": 1, "prestige": 0, "total_damage_dealt": 0, "total_damage_taken": 0, "total_health_healed": 0, "num_games": 0, "num_wins": 0, "is_tourney": false, "is_story": false, "is_boosted": false, "hat": null, "armor": null, "weapon": null, "boots": null, "trinket_1": null, "trinket_2": null}}, {"model": "playerdata.character", "pk": 56, "fields": {"user": 27, "char_type": 2, "level": 1, "copies": 1, "prestige": 0, "total_damage_dealt": 0, "total_damage_taken": 0, "total_health_healed": 0, "num_games": 0, "num_wins": 0, "is_tourney": false, "is_story": false, "is_boosted": false, "hat": null, "armor": null, "weapon": null, "boots": null, "trinket_1": null, "trinket_2": null}}, {"model": "playerdata.character", "pk": 57, "fields": {"user": 27, "char_type": 3, "level": 1, "copies": 1, "prestige": 0, "total_damage_dealt": 0, "total_damage_taken": 0, "total_health_healed": 0, "num_games": 0, "num_wins": 0, "is_tourney": false, "is_story": false, "is_boosted": false, "hat": null, "armor": null, "weapon": null, "boots": null, "trinket_1": null, "trinket_2": null}}, {"model": "playerdata.character", "pk": 58, "fields": {"user": 28, "char_type": 1, "level": 1, "copies": 1, "prestige": 0, "total_damage_dealt": 0, "total_damage_taken": 0, "total_health_healed": 0, "num_games": 0, "num_wins": 0, "is_tourney": false, "is_story": false, "is_boosted": false, "hat": null, "armor": null, "weapon": null, "boots": null, "trinket_1": null, "trinket_2": null}}, {"model": "playerdata.character", "pk": 59, "fields": {"user": 28, "char_type": 2, "level": 1, "copies": 1, "prestige": 0, "total_damage_dealt": 0, "total_damage_taken": 0, "total_health_healed": 0, "num_games": 0, "num_wins": 0, "is_tourney": false, "is_story": false, "is_boosted": false, "hat": null, "armor": null, "weapon": null, "boots": null, "trinket_1": null, "trinket_2": null}}, {"model": "playerdata.character", "pk": 60, "fields": {"user": 28, "char_type": 3, "level": 1, "copies": 1, "prestige": 0, "total_damage_dealt": 0, "total_damage_taken": 0, "total_health_healed": 0, "num_games": 0, "num_wins": 0, "is_tourney": false, "is_story": false, "is_boosted": false, "hat": null, "armor": null, "weapon": null, "boots": null, "trinket_1": null, "trinket_2": null}}, {"model": "playerdata.character", "pk": 61, "fields": {"user": 29, "char_type": 1, "level": 1, "copies": 0, "prestige": 0, "total_damage_dealt": 0, "total_damage_taken": 0, "total_health_healed": 0, "num_games": 0, "num_wins": 0, "is_tourney": false, "is_story": false, "is_boosted": false, "hat": null, "armor": null, "weapon": null, "boots": null, "trinket_1": null, "trinket_2": null}}, {"model": "playerdata.character", "pk": 62, "fields": {"user": 29, "char_type": 2, "level": 1, "copies": 0, "prestige": 0, "total_damage_dealt": 0, "total_damage_taken": 0, "total_health_healed": 0, "num_games": 0, "num_wins": 0, "is_tourney": false, "is_story": false, "is_boosted": false, "hat": null, "armor": null, "weapon": null, "boots": null, "trinket_1": null, "trinket_2": null}}, {"model": "playerdata.character", "pk": 63, "fields": {"user": 29, "char_type": 3, "level": 1, "copies": 0, "prestige": 0, "total_damage_dealt": 0, "total_damage_taken": 0, "total_health_healed": 0, "num_games": 0, "num_wins": 0, "is_tourney": false, "is_story": false, "is_boosted": false, "hat": null, "armor": null, "weapon": null, "boots": null, "trinket_1": null, "trinket_2": null}}, {"model": "playerdata.character", "pk": 64, "fields": {"user": 30, "char_type": 1, "level": 1, "copies": 0, "prestige": 0, "total_damage_dealt": 0, "total_damage_taken": 0, "total_health_healed": 0, "num_games": 0, "num_wins": 0, "is_tourney": false, "is_story": false, "is_boosted": false, "hat": null, "armor": null, "weapon": null, "boots": null, "trinket_1": null, "trinket_2": null}}, {"model": "playerdata.character", "pk": 65, "fields": {"user": 30, "char_type": 2, "level": 1, "copies": 0, "prestige": 0, "total_damage_dealt": 0, "total_damage_taken": 0, "total_health_healed": 0, "num_games": 0, "num_wins": 0, "is_tourney": false, "is_story": false, "is_boosted": false, "hat": null, "armor": null, "weapon": null, "boots": null, "trinket_1": null, "trinket_2": null}}, {"model": "playerdata.character", "pk": 66, "fields": {"user": 30, "char_type": 3, "level": 1, "copies": 0, "prestige": 0, "total_damage_dealt": 0, "total_damage_taken": 0, "total_health_healed": 0, "num_games": 0, "num_wins": 0, "is_tourney": false, "is_story": false, "is_boosted": false, "hat": null, "armor": null, "weapon": null, "boots": null, "trinket_1": null, "trinket_2": null}}, {"model": "playerdata.character", "pk": 67, "fields": {"user": 31, "char_type": 1, "level": 1, "copies": 0, "prestige": 0, "total_damage_dealt": 0, "total_damage_taken": 0, "total_health_healed": 0, "num_games": 0, "num_wins": 0, "is_tourney": false, "is_story": false, "is_boosted": false, "hat": null, "armor": null, "weapon": null, "boots": null, "trinket_1": null, "trinket_2": null}}, {"model": "playerdata.character", "pk": 68, "fields": {"user": 31, "char_type": 2, "level": 1, "copies": 0, "prestige": 0, "total_damage_dealt": 0, "total_damage_taken": 0, "total_health_healed": 0, "num_games": 0, "num_wins": 0, "is_tourney": false, "is_story": false, "is_boosted": false, "hat": null, "armor": null, "weapon": null, "boots": null, "trinket_1": null, "trinket_2": null}}, {"model": "playerdata.character", "pk": 69, "fields": {"user": 31, "char_type": 3, "level": 1, "copies": 0, "prestige": 0, "total_damage_dealt": 0, "total_damage_taken": 0, "total_health_healed": 0, "num_games": 0, "num_wins": 0, "is_tourney": false, "is_story": false, "is_boosted": false, "hat": null, "armor": null, "weapon": null, "boots": null, "trinket_1": null, "trinket_2": null}}, {"model": "playerdata.character", "pk": 70, "fields": {"user": 1, "char_type": 1, "level": 1, "copies": 1, "prestige": 0, "total_damage_dealt": 0, "total_damage_taken": 0, "total_health_healed": 0, "num_games": 0, "num_wins": 0, "is_tourney": false, "is_story": false, "is_boosted": false, "hat": null, "armor": null, "weapon": null, "boots": null, "trinket_1": null, "trinket_2": null}}, {"model": "playerdata.character", "pk": 71, "fields": {"user": 1, "char_type": 2, "level": 1, "copies": 1, "prestige": 0, "total_damage_dealt": 0, "total_damage_taken": 0, "total_health_healed": 0, "num_games": 0, "num_wins": 0, "is_tourney": false, "is_story": false, "is_boosted": false, "hat": null, "armor": null, "weapon": null, "boots": null, "trinket_1": null, "trinket_2": null}}, {"model": "playerdata.character", "pk": 72, "fields": {"user": 1, "char_type": 3, "level": 1, "copies": 1, "prestige": 0, "total_damage_dealt": 0, "total_damage_taken": 0, "total_health_healed": 0, "num_games": 0, "num_wins": 0, "is_tourney": false, "is_story": false, "is_boosted": false, "hat": null, "armor": null, "weapon": null, "boots": null, "trinket_1": null, "trinket_2": null}}, {"model": "playerdata.character", "pk": 73, "fields": {"user": 2, "char_type": 1, "level": 1, "copies": 1, "prestige": 0, "total_damage_dealt": 0, "total_damage_taken": 0, "total_health_healed": 0, "num_games": 0, "num_wins": 0, "is_tourney": false, "is_story": false, "is_boosted": false, "hat": null, "armor": null, "weapon": null, "boots": null, "trinket_1": null, "trinket_2": null}}, {"model": "playerdata.character", "pk": 74, "fields": {"user": 2, "char_type": 2, "level": 1, "copies": 1, "prestige": 0, "total_damage_dealt": 0, "total_damage_taken": 0, "total_health_healed": 0, "num_games": 0, "num_wins": 0, "is_tourney": false, "is_story": false, "is_boosted": false, "hat": null, "armor": null, "weapon": null, "boots": null, "trinket_1": null, "trinket_2": null}}, {"model": "playerdata.character", "pk": 75, "fields": {"user": 2, "char_type": 3, "level": 1, "copies": 1, "prestige": 0, "total_damage_dealt": 0, "total_damage_taken": 0, "total_health_healed": 0, "num_games": 0, "num_wins": 0, "is_tourney": false, "is_story": false, "is_boosted": false, "hat": null, "armor": null, "weapon": null, "boots": null, "trinket_1": null, "trinket_2": null}}, {"model": "playerdata.character", "pk": 76, "fields": {"user": 3, "char_type": 1, "level": 1, "copies": 1, "prestige": 0, "total_damage_dealt": 0, "total_damage_taken": 0, "total_health_healed": 0, "num_games": 0, "num_wins": 0, "is_tourney": false, "is_story": false, "is_boosted": false, "hat": null, "armor": null, "weapon": null, "boots": null, "trinket_1": null, "trinket_2": null}}, {"model": "playerdata.character", "pk": 77, "fields": {"user": 3, "char_type": 2, "level": 1, "copies": 1, "prestige": 0, "total_damage_dealt": 0, "total_damage_taken": 0, "total_health_healed": 0, "num_games": 0, "num_wins": 0, "is_tourney": false, "is_story": false, "is_boosted": false, "hat": null, "armor": null, "weapon": null, "boots": null, "trinket_1": null, "trinket_2": null}}, {"model": "playerdata.character", "pk": 78, "fields": {"user": 3, "char_type": 3, "level": 1, "copies": 1, "prestige": 0, "total_damage_dealt": 0, "total_damage_taken": 0, "total_health_healed": 0, "num_games": 0, "num_wins": 0, "is_tourney": false, "is_story": false, "is_boosted": false, "hat": null, "armor": null, "weapon": null, "boots": null, "trinket_1": null, "trinket_2": null}}, {"model": "playerdata.character", "pk": 79, "fields": {"user": 12, "char_type": 1, "level": 1, "copies": 1, "prestige": 0, "total_damage_dealt": 0, "total_damage_taken": 0, "total_health_healed": 0, "num_games": 0, "num_wins": 0, "is_tourney": false, "is_story": false, "is_boosted": false, "hat": null, "armor": null, "weapon": null, "boots": null, "trinket_1": null, "trinket_2": null}}, {"model": "playerdata.character", "pk": 80, "fields": {"user": 12, "char_type": 2, "level": 1, "copies": 1, "prestige": 0, "total_damage_dealt": 0, "total_damage_taken": 0, "total_health_healed": 0, "num_games": 0, "num_wins": 0, "is_tourney": false, "is_story": false, "is_boosted": false, "hat": null, "armor": null, "weapon": null, "boots": null, "trinket_1": null, "trinket_2": null}}, {"model": "playerdata.character", "pk": 81, "fields": {"user": 12, "char_type": 3, "level": 1, "copies": 1, "prestige": 0, "total_damage_dealt": 0, "total_damage_taken": 0, "total_health_healed": 0, "num_games": 0, "num_wins": 0, "is_tourney": false, "is_story": false, "is_boosted": false, "hat": null, "armor": null, "weapon": null, "boots": null, "trinket_1": null, "trinket_2": null}}, {"model": "playerdata.character", "pk": 82, "fields": {"user": 13, "char_type": 1, "level": 1, "copies": 1, "prestige": 0, "total_damage_dealt": 0, "total_damage_taken": 0, "total_health_healed": 0, "num_games": 0, "num_wins": 0, "is_tourney": false, "is_story": false, "is_boosted": false, "hat": null, "armor": null, "weapon": null, "boots": null, "trinket_1": null, "trinket_2": null}}, {"model": "playerdata.character", "pk": 83, "fields": {"user": 13, "char_type": 2, "level": 1, "copies": 1, "prestige": 0, "total_damage_dealt": 0, "total_damage_taken": 0, "total_health_healed": 0, "num_games": 0, "num_wins": 0, "is_tourney": false, "is_story": false, "is_boosted": false, "hat": null, "armor": null, "weapon": null, "boots": null, "trinket_1": null, "trinket_2": null}}, {"model": "playerdata.character", "pk": 84, "fields": {"user": 13, "char_type": 3, "level": 1, "copies": 1, "prestige": 0, "total_damage_dealt": 0, "total_damage_taken": 0, "total_health_healed": 0, "num_games": 0, "num_wins": 0, "is_tourney": false, "is_story": false, "is_boosted": false, "hat": null, "armor": null, "weapon": null, "boots": null, "trinket_1": null, "trinket_2": null}}, {"model": "playerdata.character", "pk": 85, "fields": {"user": 14, "char_type": 1, "level": 1, "copies": 1, "prestige": 0, "total_damage_dealt": 0, "total_damage_taken": 0, "total_health_healed": 0, "num_games": 0, "num_wins": 0, "is_tourney": false, "is_story": false, "is_boosted": false, "hat": null, "armor": null, "weapon": null, "boots": null, "trinket_1": null, "trinket_2": null}}, {"model": "playerdata.character", "pk": 86, "fields": {"user": 14, "char_type": 2, "level": 1, "copies": 1, "prestige": 0, "total_damage_dealt": 0, "total_damage_taken": 0, "total_health_healed": 0, "num_games": 0, "num_wins": 0, "is_tourney": false, "is_story": false, "is_boosted": false, "hat": null, "armor": null, "weapon": null, "boots": null, "trinket_1": null, "trinket_2": null}}, {"model": "playerdata.character", "pk": 87, "fields": {"user": 14, "char_type": 3, "level": 1, "copies": 1, "prestige": 0, "total_damage_dealt": 0, "total_damage_taken": 0, "total_health_healed": 0, "num_games": 0, "num_wins": 0, "is_tourney": false, "is_story": false, "is_boosted": false, "hat": null, "armor": null, "weapon": null, "boots": null, "trinket_1": null, "trinket_2": null}}, {"model": "playerdata.character", "pk": 88, "fields": {"user": 15, "char_type": 1, "level": 1, "copies": 1, "prestige": 0, "total_damage_dealt": 0, "total_damage_taken": 0, "total_health_healed": 0, "num_games": 0, "num_wins": 0, "is_tourney": false, "is_story": false, "is_boosted": false, "hat": null, "armor": null, "weapon": null, "boots": null, "trinket_1": null, "trinket_2": null}}, {"model": "playerdata.character", "pk": 89, "fields": {"user": 15, "char_type": 2, "level": 1, "copies": 1, "prestige": 0, "total_damage_dealt": 0, "total_damage_taken": 0, "total_health_healed": 0, "num_games": 0, "num_wins": 0, "is_tourney": false, "is_story": false, "is_boosted": false, "hat": null, "armor": null, "weapon": null, "boots": null, "trinket_1": null, "trinket_2": null}}, {"model": "playerdata.character", "pk": 90, "fields": {"user": 15, "char_type": 3, "level": 1, "copies": 1, "prestige": 0, "total_damage_dealt": 0, "total_damage_taken": 0, "total_health_healed": 0, "num_games": 0, "num_wins": 0, "is_tourney": false, "is_story": false, "is_boosted": false, "hat": null, "armor": null, "weapon": null, "boots": null, "trinket_1": null, "trinket_2": null}}, {"model": "playerdata.character", "pk": 91, "fields": {"user": 16, "char_type": 1, "level": 1, "copies": 1, "prestige": 0, "total_damage_dealt": 0, "total_damage_taken": 0, "total_health_healed": 0, "num_games": 0, "num_wins": 0, "is_tourney": false, "is_story": false, "is_boosted": false, "hat": null, "armor": null, "weapon": null, "boots": null, "trinket_1": null, "trinket_2": null}}, {"model": "playerdata.character", "pk": 92, "fields": {"user": 16, "char_type": 2, "level": 1, "copies": 1, "prestige": 0, "total_damage_dealt": 0, "total_damage_taken": 0, "total_health_healed": 0, "num_games": 0, "num_wins": 0, "is_tourney": false, "is_story": false, "is_boosted": false, "hat": null, "armor": null, "weapon": null, "boots": null, "trinket_1": null, "trinket_2": null}}, {"model": "playerdata.character", "pk": 93, "fields": {"user": 16, "char_type": 3, "level": 1, "copies": 1, "prestige": 0, "total_damage_dealt": 0, "total_damage_taken": 0, "total_health_healed": 0, "num_games": 0, "num_wins": 0, "is_tourney": false, "is_story": false, "is_boosted": false, "hat": null, "armor": null, "weapon": null, "boots": null, "trinket_1": null, "trinket_2": null}}, {"model": "playerdata.character", "pk": 94, "fields": {"user": 17, "char_type": 1, "level": 1, "copies": 1, "prestige": 0, "total_damage_dealt": 0, "total_damage_taken": 0, "total_health_healed": 0, "num_games": 0, "num_wins": 0, "is_tourney": false, "is_story": false, "is_boosted": false, "hat": null, "armor": null, "weapon": null, "boots": null, "trinket_1": null, "trinket_2": null}}, {"model": "playerdata.character", "pk": 95, "fields": {"user": 17, "char_type": 2, "level": 1, "copies": 1, "prestige": 0, "total_damage_dealt": 0, "total_damage_taken": 0, "total_health_healed": 0, "num_games": 0, "num_wins": 0, "is_tourney": false, "is_story": false, "is_boosted": false, "hat": null, "armor": null, "weapon": null, "boots": null, "trinket_1": null, "trinket_2": null}}, {"model": "playerdata.character", "pk": 96, "fields": {"user": 17, "char_type": 3, "level": 1, "copies": 1, "prestige": 0, "total_damage_dealt": 0, "total_damage_taken": 0, "total_health_healed": 0, "num_games": 0, "num_wins": 0, "is_tourney": false, "is_story": false, "is_boosted": false, "hat": null, "armor": null, "weapon": null, "boots": null, "trinket_1": null, "trinket_2": null}}, {"model": "playerdata.character", "pk": 97, "fields": {"user": 18, "char_type": 1, "level": 1, "copies": 1, "prestige": 0, "total_damage_dealt": 0, "total_damage_taken": 0, "total_health_healed": 0, "num_games": 0, "num_wins": 0, "is_tourney": false, "is_story": false, "is_boosted": false, "hat": null, "armor": null, "weapon": null, "boots": null, "trinket_1": null, "trinket_2": null}}, {"model": "playerdata.character", "pk": 98, "fields": {"user": 18, "char_type": 2, "level": 1, "copies": 1, "prestige": 0, "total_damage_dealt": 0, "total_damage_taken": 0, "total_health_healed": 0, "num_games": 0, "num_wins": 0, "is_tourney": false, "is_story": false, "is_boosted": false, "hat": null, "armor": null, "weapon": null, "boots": null, "trinket_1": null, "trinket_2": null}}, {"model": "playerdata.character", "pk": 99, "fields": {"user": 18, "char_type": 3, "level": 1, "copies": 1, "prestige": 0, "total_damage_dealt": 0, "total_damage_taken": 0, "total_health_healed": 0, "num_games": 0, "num_wins": 0, "is_tourney": false, "is_story": false, "is_boosted": false, "hat": null, "armor": null, "weapon": null, "boots": null, "trinket_1": null, "trinket_2": null}}, {"model": "playerdata.character", "pk": 100, "fields": {"user": 19, "char_type": 1, "level": 1, "copies": 1, "prestige": 0, "total_damage_dealt": 0, "total_damage_taken": 0, "total_health_healed": 0, "num_games": 0, "num_wins": 0, "is_tourney": false, "is_story": false, "is_boosted": false, "hat": null, "armor": null, "weapon": null, "boots": null, "trinket_1": null, "trinket_2": null}}, {"model": "playerdata.character", "pk": 101, "fields": {"user": 19, "char_type": 2, "level": 1, "copies": 1, "prestige": 0, "total_damage_dealt": 0, "total_damage_taken": 0, "total_health_healed": 0, "num_games": 0, "num_wins": 0, "is_tourney": false, "is_story": false, "is_boosted": false, "hat": null, "armor": null, "weapon": null, "boots": null, "trinket_1": null, "trinket_2": null}}, {"model": "playerdata.character", "pk": 102, "fields": {"user": 19, "char_type": 3, "level": 1, "copies": 1, "prestige": 0, "total_damage_dealt": 0, "total_damage_taken": 0, "total_health_healed": 0, "num_games": 0, "num_wins": 0, "is_tourney": false, "is_story": false, "is_boosted": false, "hat": null, "armor": null, "weapon": null, "boots": null, "trinket_1": null, "trinket_2": null}}, {"model": "playerdata.character", "pk": 103, "fields": {"user": 20, "char_type": 1, "level": 1, "copies": 1, "prestige": 0, "total_damage_dealt": 0, "total_damage_taken": 0, "total_health_healed": 0, "num_games": 0, "num_wins": 0, "is_tourney": false, "is_story": false, "is_boosted": false, "hat": null, "armor": null, "weapon": null, "boots": null, "trinket_1": null, "trinket_2": null}}, {"model": "playerdata.character", "pk": 104, "fields": {"user": 20, "char_type": 2, "level": 1, "copies": 1, "prestige": 0, "total_damage_dealt": 0, "total_damage_taken": 0, "total_health_healed": 0, "num_games": 0, "num_wins": 0, "is_tourney": false, "is_story": false, "is_boosted": false, "hat": null, "armor": null, "weapon": null, "boots": null, "trinket_1": null, "trinket_2": null}}, {"model": "playerdata.character", "pk": 105, "fields": {"user": 20, "char_type": 3, "level": 1, "copies": 1, "prestige": 0, "total_damage_dealt": 0, "total_damage_taken": 0, "total_health_healed": 0, "num_games": 0, "num_wins": 0, "is_tourney": false, "is_story": false, "is_boosted": false, "hat": null, "armor": null, "weapon": null, "boots": null, "trinket_1": null, "trinket_2": null}}, {"model": "playerdata.character", "pk": 106, "fields": {"user": 21, "char_type": 1, "level": 1, "copies": 1, "prestige": 0, "total_damage_dealt": 0, "total_damage_taken": 0, "total_health_healed": 0, "num_games": 0, "num_wins": 0, "is_tourney": false, "is_story": false, "is_boosted": false, "hat": null, "armor": null, "weapon": 8, "boots": null, "trinket_1": null, "trinket_2": null}}, {"model": "playerdata.character", "pk": 107, "fields": {"user": 21, "char_type": 2, "level": 1, "copies": 1, "prestige": 0, "total_damage_dealt": 0, "total_damage_taken": 0, "total_health_healed": 0, "num_games": 0, "num_wins": 0, "is_tourney": false, "is_story": false, "is_boosted": false, "hat": null, "armor": null, "weapon": null, "boots": null, "trinket_1": null, "trinket_2": null}}, {"model": "playerdata.character", "pk": 108, "fields": {"user": 21, "char_type": 3, "level": 1, "copies": 1, "prestige": 0, "total_damage_dealt": 0, "total_damage_taken": 0, "total_health_healed": 0, "num_games": 0, "num_wins": 0, "is_tourney": false, "is_story": false, "is_boosted": false, "hat": null, "armor": null, "weapon": null, "boots": null, "trinket_1": null, "trinket_2": null}}, {"model": "playerdata.character", "pk": 109, "fields": {"user": 22, "char_type": 1, "level": 1, "copies": 1, "prestige": 0, "total_damage_dealt": 0, "total_damage_taken": 0, "total_health_healed": 0, "num_games": 0, "num_wins": 0, "is_tourney": false, "is_story": false, "is_boosted": false, "hat": null, "armor": null, "weapon": null, "boots": null, "trinket_1": null, "trinket_2": null}}, {"model": "playerdata.character", "pk": 110, "fields": {"user": 22, "char_type": 2, "level": 1, "copies": 1, "prestige": 0, "total_damage_dealt": 0, "total_damage_taken": 0, "total_health_healed": 0, "num_games": 0, "num_wins": 0, "is_tourney": false, "is_story": false, "is_boosted": false, "hat": null, "armor": null, "weapon": null, "boots": null, "trinket_1": null, "trinket_2": null}}, {"model": "playerdata.character", "pk": 111, "fields": {"user": 22, "char_type": 3, "level": 1, "copies": 1, "prestige": 0, "total_damage_dealt": 0, "total_damage_taken": 0, "total_health_healed": 0, "num_games": 0, "num_wins": 0, "is_tourney": false, "is_story": false, "is_boosted": false, "hat": null, "armor": null, "weapon": null, "boots": null, "trinket_1": null, "trinket_2": null}}, {"model": "playerdata.character", "pk": 112, "fields": {"user": 23, "char_type": 1, "level": 1, "copies": 1, "prestige": 0, "total_damage_dealt": 0, "total_damage_taken": 0, "total_health_healed": 0, "num_games": 0, "num_wins": 0, "is_tourney": false, "is_story": false, "is_boosted": false, "hat": null, "armor": null, "weapon": null, "boots": null, "trinket_1": null, "trinket_2": null}}, {"model": "playerdata.character", "pk": 113, "fields": {"user": 23, "char_type": 2, "level": 1, "copies": 1, "prestige": 0, "total_damage_dealt": 0, "total_damage_taken": 0, "total_health_healed": 0, "num_games": 0, "num_wins": 0, "is_tourney": false, "is_story": false, "is_boosted": false, "hat": null, "armor": null, "weapon": null, "boots": null, "trinket_1": null, "trinket_2": null}}, {"model": "playerdata.character", "pk": 114, "fields": {"user": 23, "char_type": 3, "level": 1, "copies": 1, "prestige": 0, "total_damage_dealt": 0, "total_damage_taken": 0, "total_health_healed": 0, "num_games": 0, "num_wins": 0, "is_tourney": false, "is_story": false, "is_boosted": false, "hat": null, "armor": null, "weapon": null, "boots": null, "trinket_1": null, "trinket_2": null}}, {"model": "playerdata.character", "pk": 115, "fields": {"user": 24, "char_type": 1, "level": 1, "copies": 1, "prestige": 0, "total_damage_dealt": 0, "total_damage_taken": 0, "total_health_healed": 0, "num_games": 0, "num_wins": 0, "is_tourney": false, "is_story": false, "is_boosted": false, "hat": null, "armor": null, "weapon": null, "boots": null, "trinket_1": null, "trinket_2": null}}, {"model": "playerdata.character", "pk": 116, "fields": {"user": 24, "char_type": 2, "level": 1, "copies": 1, "prestige": 0, "total_damage_dealt": 0, "total_damage_taken": 0, "total_health_healed": 0, "num_games": 0, "num_wins": 0, "is_tourney": false, "is_story": false, "is_boosted": false, "hat": null, "armor": null, "weapon": null, "boots": null, "trinket_1": null, "trinket_2": null}}, {"model": "playerdata.character", "pk": 117, "fields": {"user": 24, "char_type": 3, "level": 1, "copies": 1, "prestige": 0, "total_damage_dealt": 0, "total_damage_taken": 0, "total_health_healed": 0, "num_games": 0, "num_wins": 0, "is_tourney": false, "is_story": false, "is_boosted": false, "hat": null, "armor": null, "weapon": null, "boots": null, "trinket_1": null, "trinket_2": null}}, {"model": "playerdata.character", "pk": 118, "fields": {"user": 25, "char_type": 1, "level": 1, "copies": 1, "prestige": 0, "total_damage_dealt": 0, "total_damage_taken": 0, "total_health_healed": 0, "num_games": 0, "num_wins": 0, "is_tourney": false, "is_story": false, "is_boosted": false, "hat": null, "armor": null, "weapon": null, "boots": null, "trinket_1": null, "trinket_2": null}}, {"model": "playerdata.character", "pk": 119, "fields": {"user": 25, "char_type": 2, "level": 1, "copies": 1, "prestige": 0, "total_damage_dealt": 0, "total_damage_taken": 0, "total_health_healed": 0, "num_games": 0, "num_wins": 0, "is_tourney": false, "is_story": false, "is_boosted": false, "hat": null, "armor": null, "weapon": null, "boots": null, "trinket_1": null, "trinket_2": null}}, {"model": "playerdata.character", "pk": 120, "fields": {"user": 25, "char_type": 3, "level": 1, "copies": 1, "prestige": 0, "total_damage_dealt": 0, "total_damage_taken": 0, "total_health_healed": 0, "num_games": 0, "num_wins": 0, "is_tourney": false, "is_story": false, "is_boosted": false, "hat": null, "armor": null, "weapon": null, "boots": null, "trinket_1": null, "trinket_2": null}}, {"model": "playerdata.character", "pk": 121, "fields": {"user": 26, "char_type": 1, "level": 1, "copies": 1, "prestige": 0, "total_damage_dealt": 0, "total_damage_taken": 0, "total_health_healed": 0, "num_games": 0, "num_wins": 0, "is_tourney": false, "is_story": false, "is_boosted": false, "hat": null, "armor": null, "weapon": null, "boots": null, "trinket_1": null, "trinket_2": null}}, {"model": "playerdata.character", "pk": 122, "fields": {"user": 26, "char_type": 2, "level": 1, "copies": 1, "prestige": 0, "total_damage_dealt": 0, "total_damage_taken": 0, "total_health_healed": 0, "num_games": 0, "num_wins": 0, "is_tourney": false, "is_story": false, "is_boosted": false, "hat": null, "armor": null, "weapon": null, "boots": null, "trinket_1": null, "trinket_2": null}}, {"model": "playerdata.character", "pk": 123, "fields": {"user": 26, "char_type": 3, "level": 1, "copies": 1, "prestige": 0, "total_damage_dealt": 0, "total_damage_taken": 0, "total_health_healed": 0, "num_games": 0, "num_wins": 0, "is_tourney": false, "is_story": false, "is_boosted": false, "hat": null, "armor": null, "weapon": null, "boots": null, "trinket_1": null, "trinket_2": null}}, {"model": "playerdata.character", "pk": 124, "fields": {"user": 27, "char_type": 1, "level": 1, "copies": 1, "prestige": 0, "total_damage_dealt": 0, "total_damage_taken": 0, "total_health_healed": 0, "num_games": 0, "num_wins": 0, "is_tourney": false, "is_story": false, "is_boosted": false, "hat": null, "armor": null, "weapon": null, "boots": null, "trinket_1": null, "trinket_2": null}}, {"model": "playerdata.character", "pk": 125, "fields": {"user": 27, "char_type": 2, "level": 1, "copies": 1, "prestige": 0, "total_damage_dealt": 0, "total_damage_taken": 0, "total_health_healed": 0, "num_games": 0, "num_wins": 0, "is_tourney": false, "is_story": false, "is_boosted": false, "hat": null, "armor": null, "weapon": null, "boots": null, "trinket_1": null, "trinket_2": null}}, {"model": "playerdata.character", "pk": 126, "fields": {"user": 27, "char_type": 3, "level": 1, "copies": 1, "prestige": 0, "total_damage_dealt": 0, "total_damage_taken": 0, "total_health_healed": 0, "num_games": 0, "num_wins": 0, "is_tourney": false, "is_story": false, "is_boosted": false, "hat": null, "armor": null, "weapon": null, "boots": null, "trinket_1": null, "trinket_2": null}}, {"model": "playerdata.character", "pk": 127, "fields": {"user": 28, "char_type": 1, "level": 1, "copies": 1, "prestige": 0, "total_damage_dealt": 0, "total_damage_taken": 0, "total_health_healed": 0, "num_games": 0, "num_wins": 0, "is_tourney": false, "is_story": false, "is_boosted": false, "hat": null, "armor": null, "weapon": null, "boots": null, "trinket_1": null, "trinket_2": null}}, {"model": "playerdata.character", "pk": 128, "fields": {"user": 28, "char_type": 2, "level": 1, "copies": 1, "prestige": 0, "total_damage_dealt": 0, "total_damage_taken": 0, "total_health_healed": 0, "num_games": 0, "num_wins": 0, "is_tourney": false, "is_story": false, "is_boosted": false, "hat": null, "armor": null, "weapon": null, "boots": null, "trinket_1": null, "trinket_2": null}}, {"model": "playerdata.character", "pk": 129, "fields": {"user": 28, "char_type": 3, "level": 1, "copies": 1, "prestige": 0, "total_damage_dealt": 0, "total_damage_taken": 0, "total_health_healed": 0, "num_games": 0, "num_wins": 0, "is_tourney": false, "is_story": false, "is_boosted": false, "hat": null, "armor": null, "weapon": null, "boots": null, "trinket_1": null, "trinket_2": null}}, {"model": "playerdata.character", "pk": 130, "fields": {"user": 29, "char_type": 1, "level": 1, "copies": 0, "prestige": 0, "total_damage_dealt": 0, "total_damage_taken": 0, "total_health_healed": 0, "num_games": 0, "num_wins": 0, "is_tourney": false, "is_story": false, "is_boosted": false, "hat": null, "armor": null, "weapon": null, "boots": null, "trinket_1": null, "trinket_2": null}}, {"model": "playerdata.character", "pk": 131, "fields": {"user": 29, "char_type": 2, "level": 1, "copies": 0, "prestige": 0, "total_damage_dealt": 0, "total_damage_taken": 0, "total_health_healed": 0, "num_games": 0, "num_wins": 0, "is_tourney": false, "is_story": false, "is_boosted": false, "hat": null, "armor": null, "weapon": null, "boots": null, "trinket_1": null, "trinket_2": null}}, {"model": "playerdata.character", "pk": 132, "fields": {"user": 29, "char_type": 3, "level": 1, "copies": 0, "prestige": 0, "total_damage_dealt": 0, "total_damage_taken": 0, "total_health_healed": 0, "num_games": 0, "num_wins": 0, "is_tourney": false, "is_story": false, "is_boosted": false, "hat": null, "armor": null, "weapon": null, "boots": null, "trinket_1": null, "trinket_2": null}}, {"model": "playerdata.character", "pk": 133, "fields": {"user": 30, "char_type": 1, "level": 1, "copies": 0, "prestige": 0, "total_damage_dealt": 0, "total_damage_taken": 0, "total_health_healed": 0, "num_games": 0, "num_wins": 0, "is_tourney": false, "is_story": false, "is_boosted": false, "hat": null, "armor": null, "weapon": null, "boots": null, "trinket_1": null, "trinket_2": null}}, {"model": "playerdata.character", "pk": 134, "fields": {"user": 30, "char_type": 2, "level": 1, "copies": 0, "prestige": 0, "total_damage_dealt": 0, "total_damage_taken": 0, "total_health_healed": 0, "num_games": 0, "num_wins": 0, "is_tourney": false, "is_story": false, "is_boosted": false, "hat": null, "armor": null, "weapon": null, "boots": null, "trinket_1": null, "trinket_2": null}}, {"model": "playerdata.character", "pk": 135, "fields": {"user": 30, "char_type": 3, "level": 1, "copies": 0, "prestige": 0, "total_damage_dealt": 0, "total_damage_taken": 0, "total_health_healed": 0, "num_games": 0, "num_wins": 0, "is_tourney": false, "is_story": false, "is_boosted": false, "hat": null, "armor": null, "weapon": null, "boots": null, "trinket_1": null, "trinket_2": null}}, {"model": "playerdata.character", "pk": 136, "fields": {"user": 31, "char_type": 1, "level": 1, "copies": 0, "prestige": 0, "total_damage_dealt": 0, "total_damage_taken": 0, "total_health_healed": 0, "num_games": 0, "num_wins": 0, "is_tourney": false, "is_story": false, "is_boosted": false, "hat": null, "armor": null, "weapon": null, "boots": null, "trinket_1": null, "trinket_2": null}}, {"model": "playerdata.character", "pk": 137, "fields": {"user": 31, "char_type": 2, "level": 1, "copies": 0, "prestige": 0, "total_damage_dealt": 0, "total_damage_taken": 0, "total_health_healed": 0, "num_games": 0, "num_wins": 0, "is_tourney": false, "is_story": false, "is_boosted": false, "hat": null, "armor": null, "weapon": null, "boots": null, "trinket_1": null, "trinket_2": null}}, {"model": "playerdata.character", "pk": 138, "fields": {"user": 31, "char_type": 3, "level": 1, "copies": 0, "prestige": 0, "total_damage_dealt": 0, "total_damage_taken": 0, "total_health_healed": 0, "num_games": 0, "num_wins": 0, "is_tourney": false, "is_story": false, "is_boosted": false, "hat": null, "armor": null, "weapon": null, "boots": null, "trinket_1": null, "trinket_2": null}}, {"model": "playerdata.character", "pk": 139, "fields": {"user": 32, "char_type": 1, "level": 1, "copies": 0, "prestige": 0, "total_damage_dealt": 0, "total_damage_taken": 0, "total_health_healed": 0, "num_games": 0, "num_wins": 0, "is_tourney": false, "is_story": false, "is_boosted": false, "hat": null, "armor": null, "weapon": null, "boots": null, "trinket_1": null, "trinket_2": null}}, {"model": "playerdata.character", "pk": 140, "fields": {"user": 32, "char_type": 2, "level": 1, "copies": 0, "prestige": 0, "total_damage_dealt": 0, "total_damage_taken": 0, "total_health_healed": 0, "num_games": 0, "num_wins": 0, "is_tourney": false, "is_story": false, "is_boosted": false, "hat": null, "armor": null, "weapon": null, "boots": null, "trinket_1": null, "trinket_2": null}}, {"model": "playerdata.character", "pk": 141, "fields": {"user": 32, "char_type": 3, "level": 1, "copies": 0, "prestige": 0, "total_damage_dealt": 0, "total_damage_taken": 0, "total_health_healed": 0, "num_games": 0, "num_wins": 0, "is_tourney": false, "is_story": false, "is_boosted": false, "hat": null, "armor": null, "weapon": null, "boots": null, "trinket_1": null, "trinket_2": null}}, {"model": "playerdata.character", "pk": 142, "fields": {"user": 33, "char_type": 1, "level": 1, "copies": 0, "prestige": 0, "total_damage_dealt": 0, "total_damage_taken": 0, "total_health_healed": 0, "num_games": 0, "num_wins": 0, "is_tourney": false, "is_story": false, "is_boosted": false, "hat": null, "armor": null, "weapon": null, "boots": null, "trinket_1": null, "trinket_2": null}}, {"model": "playerdata.character", "pk": 143, "fields": {"user": 33, "char_type": 2, "level": 1, "copies": 0, "prestige": 0, "total_damage_dealt": 0, "total_damage_taken": 0, "total_health_healed": 0, "num_games": 0, "num_wins": 0, "is_tourney": false, "is_story": false, "is_boosted": false, "hat": null, "armor": null, "weapon": null, "boots": null, "trinket_1": null, "trinket_2": null}}, {"model": "playerdata.character", "pk": 144, "fields": {"user": 33, "char_type": 3, "level": 1, "copies": 0, "prestige": 0, "total_damage_dealt": 0, "total_damage_taken": 0, "total_health_healed": 0, "num_games": 0, "num_wins": 0, "is_tourney": false, "is_story": false, "is_boosted": false, "hat": null, "armor": null, "weapon": null, "boots": null, "trinket_1": null, "trinket_2": null}}, {"model": "playerdata.character", "pk": 145, "fields": {"user": 34, "char_type": 1, "level": 1, "copies": 0, "prestige": 0, "total_damage_dealt": 0, "total_damage_taken": 0, "total_health_healed": 0, "num_games": 0, "num_wins": 0, "is_tourney": false, "is_story": false, "is_boosted": false, "hat": null, "armor": null, "weapon": null, "boots": null, "trinket_1": null, "trinket_2": null}}, {"model": "playerdata.character", "pk": 146, "fields": {"user": 34, "char_type": 2, "level": 1, "copies": 0, "prestige": 0, "total_damage_dealt": 0, "total_damage_taken": 0, "total_health_healed": 0, "num_games": 0, "num_wins": 0, "is_tourney": false, "is_story": false, "is_boosted": false, "hat": null, "armor": null, "weapon": null, "boots": null, "trinket_1": null, "trinket_2": null}}, {"model": "playerdata.character", "pk": 147, "fields": {"user": 34, "char_type": 3, "level": 1, "copies": 0, "prestige": 0, "total_damage_dealt": 0, "total_damage_taken": 0, "total_health_healed": 0, "num_games": 0, "num_wins": 0, "is_tourney": false, "is_story": false, "is_boosted": false, "hat": null, "armor": null, "weapon": null, "boots": null, "trinket_1": null, "trinket_2": null}}, {"model": "playerdata.character", "pk": 148, "fields": {"user": 35, "char_type": 1, "level": 1, "copies": 0, "prestige": 0, "total_damage_dealt": 0, "total_damage_taken": 0, "total_health_healed": 0, "num_games": 0, "num_wins": 0, "is_tourney": false, "is_story": false, "is_boosted": false, "hat": null, "armor": null, "weapon": null, "boots": null, "trinket_1": null, "trinket_2": null}}, {"model": "playerdata.character", "pk": 149, "fields": {"user": 35, "char_type": 2, "level": 1, "copies": 0, "prestige": 0, "total_damage_dealt": 0, "total_damage_taken": 0, "total_health_healed": 0, "num_games": 0, "num_wins": 0, "is_tourney": false, "is_story": false, "is_boosted": false, "hat": null, "armor": null, "weapon": null, "boots": null, "trinket_1": null, "trinket_2": null}}, {"model": "playerdata.character", "pk": 150, "fields": {"user": 35, "char_type": 3, "level": 1, "copies": 0, "prestige": 0, "total_damage_dealt": 0, "total_damage_taken": 0, "total_health_healed": 0, "num_games": 0, "num_wins": 0, "is_tourney": false, "is_story": false, "is_boosted": false, "hat": null, "armor": null, "weapon": null, "boots": null, "trinket_1": null, "trinket_2": null}}, {"model": "playerdata.character", "pk": 151, "fields": {"user": 36, "char_type": 1, "level": 1, "copies": 0, "prestige": 0, "total_damage_dealt": 0, "total_damage_taken": 0, "total_health_healed": 0, "num_games": 0, "num_wins": 0, "is_tourney": false, "is_story": false, "is_boosted": false, "hat": null, "armor": null, "weapon": null, "boots": null, "trinket_1": null, "trinket_2": null}}, {"model": "playerdata.character", "pk": 152, "fields": {"user": 36, "char_type": 2, "level": 1, "copies": 0, "prestige": 0, "total_damage_dealt": 0, "total_damage_taken": 0, "total_health_healed": 0, "num_games": 0, "num_wins": 0, "is_tourney": false, "is_story": false, "is_boosted": false, "hat": null, "armor": null, "weapon": null, "boots": null, "trinket_1": null, "trinket_2": null}}, {"model": "playerdata.character", "pk": 153, "fields": {"user": 36, "char_type": 3, "level": 1, "copies": 0, "prestige": 0, "total_damage_dealt": 0, "total_damage_taken": 0, "total_health_healed": 0, "num_games": 0, "num_wins": 0, "is_tourney": false, "is_story": false, "is_boosted": false, "hat": null, "armor": null, "weapon": null, "boots": null, "trinket_1": null, "trinket_2": null}}, {"model": "playerdata.placement", "pk": 1, "fields": {"user": null, "pos_1": 1, "char_1": null, "pos_2": -1, "char_2": null, "pos_3": -1, "char_3": null, "pos_4": -1, "char_4": null, "pos_5": -1, "char_5": null, "is_tourney": false}}, {"model": "playerdata.placement", "pk": 2, "fields": {"user": 2, "pos_1": 3, "char_1": 6, "pos_2": 10, "char_2": 4, "pos_3": 11, "char_3": 5, "pos_4": -1, "char_4": null, "pos_5": -1, "char_5": null, "is_tourney": false}}, {"model": "playerdata.placement", "pk": 3, "fields": {"user": 3, "pos_1": 3, "char_1": 9, "pos_2": 10, "char_2": 7, "pos_3": 11, "char_3": 8, "pos_4": -1, "char_4": null, "pos_5": -1, "char_5": null, "is_tourney": false}}, {"model": "playerdata.placement", "pk": 4, "fields": {"user": 12, "pos_1": 3, "char_1": 12, "pos_2": 10, "char_2": 10, "pos_3": 11, "char_3": 11, "pos_4": -1, "char_4": null, "pos_5": -1, "char_5": null, "is_tourney": false}}, {"model": "playerdata.placement", "pk": 5, "fields": {"user": 13, "pos_1": 3, "char_1": 15, "pos_2": 10, "char_2": 13, "pos_3": 11, "char_3": 14, "pos_4": -1, "char_4": null, "pos_5": -1, "char_5": null, "is_tourney": false}}, {"model": "playerdata.placement", "pk": 6, "fields": {"user": 14, "pos_1": 3, "char_1": 18, "pos_2": 10, "char_2": 16, "pos_3": 11, "char_3": 17, "pos_4": -1, "char_4": null, "pos_5": -1, "char_5": null, "is_tourney": false}}, {"model": "playerdata.placement", "pk": 7, "fields": {"user": null, "pos_1": 12, "char_1": 20, "pos_2": 13, "char_2": 17, "pos_3": 14, "char_3": 5, "pos_4": 15, "char_4": 16, "pos_5": 16, "char_5": 3, "is_tourney": false}}, {"model": "playerdata.placement", "pk": 8, "fields": {"user": null, "pos_1": 1, "char_1": 19, "pos_2": 2, "char_2": 3, "pos_3": 3, "char_3": 5, "pos_4": 4, "char_4": 6, "pos_5": 15, "char_5": 4, "is_tourney": false}}, {"model": "playerdata.placement", "pk": 9, "fields": {"user": null, "pos_1": 1, "char_1": 8, "pos_2": 2, "char_2": 7, "pos_3": 3, "char_3": 11, "pos_4": 4, "char_4": 14, "pos_5": 5, "char_5": 9, "is_tourney": false}}, {"model": "playerdata.placement", "pk": 10, "fields": {"user": null, "pos_1": 1, "char_1": 3, "pos_2": -1, "char_2": null, "pos_3": -1, "char_3": null, "pos_4": -1, "char_4": null, "pos_5": -1, "char_5": null, "is_tourney": false}}, {"model": "playerdata.placement", "pk": 11, "fields": {"user": null, "pos_1": -1, "char_1": null, "pos_2": -1, "char_2": null, "pos_3": -1, "char_3": null, "pos_4": -1, "char_4": null, "pos_5": -1, "char_5": null, "is_tourney": false}}, {"model": "playerdata.placement", "pk": 12, "fields": {"user": null, "pos_1": -1, "char_1": null, "pos_2": -1, "char_2": null, "pos_3": -1, "char_3": null, "pos_4": -1, "char_4": null, "pos_5": -1, "char_5": null, "is_tourney": false}}, {"model": "playerdata.placement", "pk": 13, "fields": {"user": null, "pos_1": -1, "char_1": null, "pos_2": -1, "char_2": null, "pos_3": -1, "char_3": null, "pos_4": -1, "char_4": null, "pos_5": -1, "char_5": null, "is_tourney": false}}, {"model": "playerdata.placement", "pk": 14, "fields": {"user": null, "pos_1": -1, "char_1": null, "pos_2": -1, "char_2": null, "pos_3": -1, "char_3": null, "pos_4": -1, "char_4": null, "pos_5": -1, "char_5": null, "is_tourney": false}}, {"model": "playerdata.placement", "pk": 15, "fields": {"user": null, "pos_1": -1, "char_1": null, "pos_2": -1, "char_2": null, "pos_3": -1, "char_3": null, "pos_4": -1, "char_4": null, "pos_5": -1, "char_5": null, "is_tourney": false}}, {"model": "playerdata.placement", "pk": 16, "fields": {"user": null, "pos_1": -1, "char_1": null, "pos_2": -1, "char_2": null, "pos_3": -1, "char_3": null, "pos_4": -1, "char_4": null, "pos_5": -1, "char_5": null, "is_tourney": false}}, {"model": "playerdata.placement", "pk": 17, "fields": {"user": null, "pos_1": -1, "char_1": null, "pos_2": -1, "char_2": null, "pos_3": -1, "char_3": null, "pos_4": -1, "char_4": null, "pos_5": -1, "char_5": null, "is_tourney": false}}, {"model": "playerdata.placement", "pk": 18, "fields": {"user": null, "pos_1": -1, "char_1": null, "pos_2": -1, "char_2": null, "pos_3": -1, "char_3": null, "pos_4": -1, "char_4": null, "pos_5": -1, "char_5": null, "is_tourney": false}}, {"model": "playerdata.placement", "pk": 19, "fields": {"user": null, "pos_1": -1, "char_1": null, "pos_2": -1, "char_2": null, "pos_3": -1, "char_3": null, "pos_4": -1, "char_4": null, "pos_5": -1, "char_5": null, "is_tourney": false}}, {"model": "playerdata.placement", "pk": 20, "fields": {"user": null, "pos_1": -1, "char_1": null, "pos_2": -1, "char_2": null, "pos_3": -1, "char_3": null, "pos_4": -1, "char_4": null, "pos_5": -1, "char_5": null, "is_tourney": false}}, {"model": "playerdata.placement", "pk": 21, "fields": {"user": null, "pos_1": -1, "char_1": null, "pos_2": -1, "char_2": null, "pos_3": -1, "char_3": null, "pos_4": -1, "char_4": null, "pos_5": -1, "char_5": null, "is_tourney": false}}, {"model": "playerdata.placement", "pk": 22, "fields": {"user": null, "pos_1": -1, "char_1": null, "pos_2": -1, "char_2": null, "pos_3": -1, "char_3": null, "pos_4": -1, "char_4": null, "pos_5": -1, "char_5": null, "is_tourney": false}}, {"model": "playerdata.placement", "pk": 23, "fields": {"user": null, "pos_1": -1, "char_1": null, "pos_2": -1, "char_2": null, "pos_3": -1, "char_3": null, "pos_4": -1, "char_4": null, "pos_5": -1, "char_5": null, "is_tourney": false}}, {"model": "playerdata.placement", "pk": 24, "fields": {"user": null, "pos_1": -1, "char_1": null, "pos_2": -1, "char_2": null, "pos_3": -1, "char_3": null, "pos_4": -1, "char_4": null, "pos_5": -1, "char_5": null, "is_tourney": false}}, {"model": "playerdata.placement", "pk": 25, "fields": {"user": null, "pos_1": -1, "char_1": null, "pos_2": -1, "char_2": null, "pos_3": -1, "char_3": null, "pos_4": -1, "char_4": null, "pos_5": -1, "char_5": null, "is_tourney": false}}, {"model": "playerdata.placement", "pk": 26, "fields": {"user": null, "pos_1": -1, "char_1": null, "pos_2": -1, "char_2": null, "pos_3": -1, "char_3": null, "pos_4": -1, "char_4": null, "pos_5": -1, "char_5": null, "is_tourney": false}}, {"model": "playerdata.placement", "pk": 27, "fields": {"user": 12, "pos_1": 3, "char_1": 81, "pos_2": 10, "char_2": 79, "pos_3": 11, "char_3": 80, "pos_4": -1, "char_4": null, "pos_5": -1, "char_5": null, "is_tourney": false}}, {"model": "playerdata.placement", "pk": 28, "fields": {"user": 13, "pos_1": 3, "char_1": 84, "pos_2": 10, "char_2": 82, "pos_3": 11, "char_3": 83, "pos_4": -1, "char_4": null, "pos_5": -1, "char_5": null, "is_tourney": false}}, {"model": "playerdata.placement", "pk": 29, "fields": {"user": 14, "pos_1": 3, "char_1": 87, "pos_2": 10, "char_2": 85, "pos_3": 11, "char_3": 86, "pos_4": -1, "char_4": null, "pos_5": -1, "char_5": null, "is_tourney": false}}, {"model": "playerdata.placement", "pk": 30, "fields": {"user": 15, "pos_1": 3, "char_1": 90, "pos_2": 10, "char_2": 88, "pos_3": 11, "char_3": 89, "pos_4": -1, "char_4": null, "pos_5": -1, "char_5": null, "is_tourney": false}}, {"model": "playerdata.placement", "pk": 31, "fields": {"user": 16, "pos_1": 3, "char_1": 93, "pos_2": 10, "char_2": 91, "pos_3": 11, "char_3": 92, "pos_4": -1, "char_4": null, "pos_5": -1, "char_5": null, "is_tourney": false}}, {"model": "playerdata.placement", "pk": 32, "fields": {"user": 17, "pos_1": 3, "char_1": 96, "pos_2": 10, "char_2": 94, "pos_3": 11, "char_3": 95, "pos_4": -1, "char_4": null, "pos_5": -1, "char_5": null, "is_tourney": false}}, {"model": "playerdata.placement", "pk": 33, "fields": {"user": 18, "pos_1": 3, "char_1": 99, "pos_2": 10, "char_2": 97, "pos_3": 11, "char_3": 98, "pos_4": -1, "char_4": null, "pos_5": -1, "char_5": null, "is_tourney": false}}, {"model": "playerdata.placement", "pk": 34, "fields": {"user": 19, "pos_1": 3, "char_1": 102, "pos_2": 10, "char_2": 100, "pos_3": 11, "char_3": 101, "pos_4": -1, "char_4": null, "pos_5": -1, "char_5": null, "is_tourney": false}}, {"model": "playerdata.placement", "pk": 35, "fields": {"user": 20, "pos_1": 3, "char_1": 105, "pos_2": 10, "char_2": 103, "pos_3": 11, "char_3": 104, "pos_4": -1, "char_4": null, "pos_5": -1, "char_5": null, "is_tourney": false}}, {"model": "playerdata.placement", "pk": 36, "fields": {"user": 21, "pos_1": 3, "char_1": 108, "pos_2": 10, "char_2": 106, "pos_3": 11, "char_3": 107, "pos_4": -1, "char_4": null, "pos_5": -1, "char_5": null, "is_tourney": false}}, {"model": "playerdata.placement", "pk": 37, "fields": {"user": 22, "pos_1": 3, "char_1": 111, "pos_2": 10, "char_2": 109, "pos_3": 11, "char_3": 110, "pos_4": -1, "char_4": null, "pos_5": -1, "char_5": null, "is_tourney": false}}, {"model": "playerdata.placement", "pk": 38, "fields": {"user": 23, "pos_1": 3, "char_1": 114, "pos_2": 10, "char_2": 112, "pos_3": 11, "char_3": 113, "pos_4": -1, "char_4": null, "pos_5": -1, "char_5": null, "is_tourney": false}}, {"model": "playerdata.placement", "pk": 39, "fields": {"user": 24, "pos_1": 3, "char_1": 117, "pos_2": 10, "char_2": 115, "pos_3": 11, "char_3": 116, "pos_4": -1, "char_4": null, "pos_5": -1, "char_5": null, "is_tourney": false}}, {"model": "playerdata.placement", "pk": 40, "fields": {"user": 25, "pos_1": 3, "char_1": 120, "pos_2": 10, "char_2": 118, "pos_3": 11, "char_3": 119, "pos_4": -1, "char_4": null, "pos_5": -1, "char_5": null, "is_tourney": false}}, {"model": "playerdata.placement", "pk": 41, "fields": {"user": 26, "pos_1": 3, "char_1": 123, "pos_2": 10, "char_2": 121, "pos_3": 11, "char_3": 122, "pos_4": -1, "char_4": null, "pos_5": -1, "char_5": null, "is_tourney": false}}, {"model": "playerdata.placement", "pk": 42, "fields": {"user": 27, "pos_1": 3, "char_1": 126, "pos_2": 10, "char_2": 124, "pos_3": 11, "char_3": 125, "pos_4": -1, "char_4": null, "pos_5": -1, "char_5": null, "is_tourney": false}}, {"model": "playerdata.placement", "pk": 43, "fields": {"user": 28, "pos_1": 3, "char_1": 129, "pos_2": 10, "char_2": 127, "pos_3": 11, "char_3": 128, "pos_4": -1, "char_4": null, "pos_5": -1, "char_5": null, "is_tourney": false}}, {"model": "playerdata.placement", "pk": 44, "fields": {"user": 29, "pos_1": 3, "char_1": 132, "pos_2": 10, "char_2": 130, "pos_3": 11, "char_3": 131, "pos_4": -1, "char_4": null, "pos_5": -1, "char_5": null, "is_tourney": false}}, {"model": "playerdata.placement", "pk": 45, "fields": {"user": 30, "pos_1": 3, "char_1": 135, "pos_2": 10, "char_2": 133, "pos_3": 11, "char_3": 134, "pos_4": -1, "char_4": null, "pos_5": -1, "char_5": null, "is_tourney": false}}, {"model": "playerdata.placement", "pk": 46, "fields": {"user": 31, "pos_1": 3, "char_1": 138, "pos_2": 10, "char_2": 136, "pos_3": 11, "char_3": 137, "pos_4": -1, "char_4": null, "pos_5": -1, "char_5": null, "is_tourney": false}}, {"model": "playerdata.placement", "pk": 47, "fields": {"user": 32, "pos_1": 3, "char_1": 141, "pos_2": 10, "char_2": 139, "pos_3": 11, "char_3": 140, "pos_4": -1, "char_4": null, "pos_5": -1, "char_5": null, "is_tourney": false}}, {"model": "playerdata.placement", "pk": 48, "fields": {"user": 33, "pos_1": 3, "char_1": 144, "pos_2": 10, "char_2": 142, "pos_3": 11, "char_3": 143, "pos_4": -1, "char_4": null, "pos_5": -1, "char_5": null, "is_tourney": false}}, {"model": "playerdata.placement", "pk": 49, "fields": {"user": 34, "pos_1": 3, "char_1": 147, "pos_2": 10, "char_2": 145, "pos_3": 11, "char_3": 146, "pos_4": -1, "char_4": null, "pos_5": -1, "char_5": null, "is_tourney": false}}, {"model": "playerdata.placement", "pk": 50, "fields": {"user": 35, "pos_1": 3, "char_1": 150, "pos_2": 10, "char_2": 148, "pos_3": 11, "char_3": 149, "pos_4": -1, "char_4": null, "pos_5": -1, "char_5": null, "is_tourney": false}}, {"model": "playerdata.placement", "pk": 51, "fields": {"user": 36, "pos_1": 3, "char_1": 153, "pos_2": 10, "char_2": 151, "pos_3": 11, "char_3": 152, "pos_4": -1, "char_4": null, "pos_5": -1, "char_5": null, "is_tourney": false}}, {"model": "playerdata.userinfo", "pk": 1, "fields": {"name": "new player", "description": "A description has not been set.", "profile_picture": 0, "default_placement": null, "player_exp": 0, "vip_exp": 0, "is_bot": false, "is_monthly_sub": false, "elo": 0, "highest_elo": 0, "highest_season_elo": 0, "tier_rank": 1, "tourney_elo": 0, "prev_tourney_elo": 0, "best_daily_dungeon_stage": 0, "best_moevasion_stage": 0, "highest_moevasion_reward_collected": 0}}, {"model": "playerdata.userinfo", "pk": 2, "fields": {"name": "new player", "description": "A description has not been set.", "profile_picture": 0, "default_placement": null, "player_exp": 0, "vip_exp": 0, "is_bot": false, "is_monthly_sub": false, "elo": 0, "highest_elo": 0, "highest_season_elo": 0, "tier_rank": 1, "tourney_elo": 0, "prev_tourney_elo": 0, "best_daily_dungeon_stage": 0, "best_moevasion_stage": 0, "highest_moevasion_reward_collected": 0}}, {"model": "playerdata.userinfo", "pk": 3, "fields": {"name": "new player", "description": "A description has not been set.", "profile_picture": 0, "default_placement": null, "player_exp": 0, "vip_exp": 0, "is_bot": false, "is_monthly_sub": false, "elo": 0, "highest_elo": 0, "highest_season_elo": 0, "tier_rank": 1, "tourney_elo": 0, "prev_tourney_elo": 0, "best_daily_dungeon_stage": 0, "best_moevasion_stage": 0, "highest_moevasion_reward_collected": 0}}, {"model": "playerdata.userinfo", "pk": 12, "fields": {"name": "new player", "description": "A description has not been set.", "profile_picture": 0, "default_placement": 1, "player_exp": 0, "vip_exp": 0, "is_bot": false, "is_monthly_sub": false, "elo": 0, "highest_elo": 0, "highest_season_elo": 0, "tier_rank": 1, "tourney_elo": 0, "prev_tourney_elo": 0, "best_daily_dungeon_stage": 0, "best_moevasion_stage": 0, "highest_moevasion_reward_collected": 0}}, {"model": "playerdata.userinfo", "pk": 13, "fields": {"name": "new player", "description": "A description has not been set.", "profile_picture": 0, "default_placement": null, "player_exp": 0, "vip_exp": 0, "is_bot": false, "is_monthly_sub": false, "elo": 0, "highest_elo": 0, "highest_season_elo": 0, "tier_rank": 1, "tourney_elo": 0, "prev_tourney_elo": 0, "best_daily_dungeon_stage": 0, "best_moevasion_stage": 0, "highest_moevasion_reward_collected": 0}}, {"model": "playerdata.userinfo", "pk": 14, "fields": {"name": "Daniel", "description": "A description has not been set.", "profile_picture": 5, "default_placement": 7, "player_exp": 0, "vip_exp": 0, "is_bot": false, "is_monthly_sub": false, "elo": 1362, "highest_elo": 0, "highest_season_elo": 0, "tier_rank": 1, "tourney_elo": 0, "prev_tourney_elo": 0, "best_daily_dungeon_stage": 0, "best_moevasion_stage": 0, "highest_moevasion_reward_collected": 0}}, {"model": "playerdata.userinfo", "pk": 15, "fields": {"name": "wilson", "description": "A description has not been set.", "profile_picture": 0, "default_placement": 8, "player_exp": 0, "vip_exp": 0, "is_bot": false, "is_monthly_sub": false, "elo": 1336, "highest_elo": 0, "highest_season_elo": 0, "tier_rank": 1, "tourney_elo": 0, "prev_tourney_elo": 0, "best_daily_dungeon_stage": 0, "best_moevasion_stage": 0, "highest_moevasion_reward_collected": 0}}, {"model": "playerdata.userinfo", "pk": 16, "fields": {"name": "new player", "description": "A description has not been set.", "profile_picture": 0, "default_placement": null, "player_exp": 0, "vip_exp": 0, "is_bot": false, "is_monthly_sub": false, "elo": 0, "highest_elo": 0, "highest_season_elo": 0, "tier_rank": 1, "tourney_elo": 0, "prev_tourney_elo": 0, "best_daily_dungeon_stage": 0, "best_moevasion_stage": 0, "highest_moevasion_reward_collected": 0}}, {"model": "playerdata.userinfo", "pk": 17, "fields": {"name": "new player", "description": "A description has not been set.", "profile_picture": 0, "default_placement": null, "player_exp": 0, "vip_exp": 0, "is_bot": false, "is_monthly_sub": false, "elo": 0, "highest_elo": 0, "highest_season_elo": 0, "tier_rank": 1, "tourney_elo": 0, "prev_tourney_elo": 0, "best_daily_dungeon_stage": 0, "best_moevasion_stage": 0, "highest_moevasion_reward_collected": 0}}, {"model": "playerdata.userinfo", "pk": 18, "fields": {"name": "new player", "description": "A description has not been set.", "profile_picture": 0, "default_placement": null, "player_exp": 0, "vip_exp": 0, "is_bot": false, "is_monthly_sub": false, "elo": 0, "highest_elo": 0, "highest_season_elo": 0, "tier_rank": 1, "tourney_elo": 0, "prev_tourney_elo": 0, "best_daily_dungeon_stage": 0, "best_moevasion_stage": 0, "highest_moevasion_reward_collected": 0}}, {"model": "playerdata.userinfo", "pk": 19, "fields": {"name": "new player", "description": "A description has not been set.", "profile_picture": 0, "default_placement": null, "player_exp": 0, "vip_exp": 0, "is_bot": false, "is_monthly_sub": false, "elo": 0, "highest_elo": 0, "highest_season_elo": 0, "tier_rank": 1, "tourney_elo": 0, "prev_tourney_elo": 0, "best_daily_dungeon_stage": 0, "best_moevasion_stage": 0, "highest_moevasion_reward_collected": 0}}, {"model": "playerdata.userinfo", "pk": 20, "fields": {"name": "new player", "description": "A description has not been set.", "profile_picture": 0, "default_placement": null, "player_exp": 0, "vip_exp": 0, "is_bot": false, "is_monthly_sub": false, "elo": 0, "highest_elo": 0, "highest_season_elo": 0, "tier_rank": 1, "tourney_elo": 0, "prev_tourney_elo": 0, "best_daily_dungeon_stage": 0, "best_moevasion_stage": 0, "highest_moevasion_reward_collected": 0}}, {"model": "playerdata.userinfo", "pk": 21, "fields": {"name": "testWilson", "description": "A description has not been set.", "profile_picture": 10, "default_placement": 9, "player_exp": 0, "vip_exp": 0, "is_bot": false, "is_monthly_sub": false, "elo": 1312, "highest_elo": 0, "highest_season_elo": 0, "tier_rank": 1, "tourney_elo": 0, "prev_tourney_elo": 0, "best_daily_dungeon_stage": 0, "best_moevasion_stage": 0, "highest_moevasion_reward_collected": 0}}, {"model": "playerdata.userinfo", "pk": 22, "fields": {"name": "George", "description": "A description has not been set.", "profile_picture": 0, "default_placement": 10, "player_exp": 0, "vip_exp": 0, "is_bot": false, "is_monthly_sub": false, "elo": 1337, "highest_elo": 0, "highest_season_elo": 0, "tier_rank": 1, "tourney_elo": 0, "prev_tourney_elo": 0, "best_daily_dungeon_stage": 0, "best_moevasion_stage": 0, "highest_moevasion_reward_collected": 0}}, {"model": "playerdata.userinfo", "pk": 23, "fields": {"name": "new player", "description": "A description has not been set.", "profile_picture": 0, "default_placement": null, "player_exp": 0, "vip_exp": 0, "is_bot": false, "is_monthly_sub": false, "elo": 0, "highest_elo": 0, "highest_season_elo": 0, "tier_rank": 1, "tourney_elo": 0, "prev_tourney_elo": 0, "best_daily_dungeon_stage": 0, "best_moevasion_stage": 0, "highest_moevasion_reward_collected": 0}}, {"model": "playerdata.userinfo", "pk": 24, "fields": {"name": "new player", "description": "A description has not been set.", "profile_picture": 0, "default_placement": null, "player_exp": 0, "vip_exp": 0, "is_bot": false, "is_monthly_sub": false, "elo": 0, "highest_elo": 0, "highest_season_elo": 0, "tier_rank": 1, "tourney_elo": 0, "prev_tourney_elo": 0, "best_daily_dungeon_stage": 0, "best_moevasion_stage": 0, "highest_moevasion_reward_collected": 0}}, {"model": "playerdata.userinfo", "pk": 25, "fields": {"name": "Advait (TH)", "description": "A description has not been set.", "profile_picture": 0, "default_placement": null, "player_exp": 0, "vip_exp": 0, "is_bot": false, "is_monthly_sub": false, "elo": 0, "highest_elo": 0, "highest_season_elo": 0, "tier_rank": 1, "tourney_elo": 0, "prev_tourney_elo": 0, "best_daily_dungeon_stage": 0, "best_moevasion_stage": 0, "highest_moevasion_reward_collected": 0}}, {"model": "playerdata.userinfo", "pk": 26, "fields": {"name": "Wilson (TH)", "description": "A description has not been set.", "profile_picture": 0, "default_placement": null, "player_exp": 0, "vip_exp": 0, "is_bot": false, "is_monthly_sub": false, "elo": 0, "highest_elo": 0, "highest_season_elo": 0, "tier_rank": 1, "tourney_elo": 0, "prev_tourney_elo": 0, "best_daily_dungeon_stage": 0, "best_moevasion_stage": 0, "highest_moevasion_reward_collected": 0}}, {"model": "playerdata.userinfo", "pk": 27, "fields": {"name": "Daniel (TH)", "description": "A description has not been set.", "profile_picture": 0, "default_placement": null, "player_exp": 0, "vip_exp": 0, "is_bot": false, "is_monthly_sub": false, "elo": 0, "highest_elo": 0, "highest_season_elo": 0, "tier_rank": 1, "tourney_elo": 0, "prev_tourney_elo": 0, "best_daily_dungeon_stage": 0, "best_moevasion_stage": 0, "highest_moevasion_reward_collected": 0}}, {"model": "playerdata.userinfo", "pk": 28, "fields": {"name": "Yan (TH)", "description": "A description has not been set.", "profile_picture": 0, "default_placement": null, "player_exp": 0, "vip_exp": 0, "is_bot": false, "is_monthly_sub": false, "elo": 0, "highest_elo": 0, "highest_season_elo": 0, "tier_rank": 1, "tourney_elo": 0, "prev_tourney_elo": 0, "best_daily_dungeon_stage": 0, "best_moevasion_stage": 0, "highest_moevasion_reward_collected": 0}}, {"model": "playerdata.userinfo", "pk": 29, "fields": {"name": "new player", "description": "A description has not been set.", "profile_picture": 0, "default_placement": 44, "player_exp": 0, "vip_exp": 0, "is_bot": false, "is_monthly_sub": false, "elo": 0, "highest_elo": 0, "highest_season_elo": 0, "tier_rank": 1, "tourney_elo": 0, "prev_tourney_elo": 0, "best_daily_dungeon_stage": 0, "best_moevasion_stage": 0, "highest_moevasion_reward_collected": 0}}, {"model": "playerdata.userinfo", "pk": 30, "fields": {"name": "new player", "description": "A description has not been set.", "profile_picture": 0, "default_placement": 45, "player_exp": 0, "vip_exp": 0, "is_bot": false, "is_monthly_sub": false, "elo": 0, "highest_elo": 0, "highest_season_elo": 0, "tier_rank": 1, "tourney_elo": 0, "prev_tourney_elo": 0, "best_daily_dungeon_stage": 0, "best_moevasion_stage": 0, "highest_moevasion_reward_collected": 0}}, {"model": "playerdata.userinfo", "pk": 31, "fields": {"name": "new player", "description": "A description has not been set.", "profile_picture": 0, "default_placement": 46, "player_exp": 0, "vip_exp": 0, "is_bot": false, "is_monthly_sub": false, "elo": 0, "highest_elo": 0, "highest_season_elo": 0, "tier_rank": 1, "tourney_elo": 0, "prev_tourney_elo": 0, "best_daily_dungeon_stage": 0, "best_moevasion_stage": 0, "highest_moevasion_reward_collected": 0}}, {"model": "playerdata.userinfo", "pk": 32, "fields": {"name": "test1", "description": "A description has not been set.", "profile_picture": 0, "default_placement": 47, "player_exp": 0, "vip_exp": 0, "is_bot": false, "is_monthly_sub": false, "elo": 0, "highest_elo": 0, "highest_season_elo": 0, "tier_rank": 1, "tourney_elo": 0, "prev_tourney_elo": 0, "best_daily_dungeon_stage": 0, "best_moevasion_stage": 0, "highest_moevasion_reward_collected": 0}}, {"model": "playerdata.userinfo", "pk": 33, "fields": {"name": "yes", "description": "A description has not been set.", "profile_picture": 0, "default_placement": 48, "player_exp": 0, "vip_exp": 0, "is_bot": false, "is_monthly_sub": false, "elo": 0, "highest_elo": 0, "highest_season_elo": 0, "tier_rank": 1, "tourney_elo": 0, "prev_tourney_elo": 0, "best_daily_dungeon_stage": 0, "best_moevasion_stage": 0, "highest_moevasion_reward_collected": 0}}, {"model": "playerdata.userinfo", "pk": 34, "fields": {"name": "new player", "description": "A description has not been set.", "profile_picture": 0, "default_placement": 49, "player_exp": 0, "vip_exp": 0, "is_bot": false, "is_monthly_sub": false, "elo": 0, "highest_elo": 0, "highest_season_elo": 0, "tier_rank": 1, "tourney_elo": 0, "prev_tourney_elo": 0, "best_daily_dungeon_stage": 0, "best_moevasion_stage": 0, "highest_moevasion_reward_collected": 0}}, {"model": "playerdata.userinfo", "pk": 35, "fields": {"name": "new player", "description": "A description has not been set.", "profile_picture": 0, "default_placement": 50, "player_exp": 0, "vip_exp": 0, "is_bot": false, "is_monthly_sub": false, "elo": 0, "highest_elo": 0, "highest_season_elo": 0, "tier_rank": 1, "tourney_elo": 0, "prev_tourney_elo": 0, "best_daily_dungeon_stage": 0, "best_moevasion_stage": 0, "highest_moevasion_reward_collected": 0}}, {"model": "playerdata.userinfo", "pk": 36, "fields": {"name": "new player", "description": "A description has not been set.", "profile_picture": 0, "default_placement": 51, "player_exp": 0, "vip_exp": 0, "is_bot": false, "is_monthly_sub": false, "elo": 0, "highest_elo": 0, "highest_season_elo": 0, "tier_rank": 1, "tourney_elo": 0, "prev_tourney_elo": 0, "best_daily_dungeon_stage": 0, "best_moevasion_stage": 0, "highest_moevasion_reward_collected": 0}}, {"model": "playerdata.userstats", "pk": 1, "fields": {"num_games": 0, "num_wins": 0, "time_started": "2020-05-04T20:35:34.001Z", "win_streak": 0, "longest_win_streak": 0, "daily_wins": 0, "mythic_pity_counter": 0, "chest_counter": 0, "silver_chest_counter": 0, "pvp_skips": 5, "cumulative_stats": {}}}, {"model": "playerdata.userstats", "pk": 2, "fields": {"num_games": 0, "num_wins": 0, "time_started": "2020-09-17T00:42:44.782Z", "win_streak": 0, "longest_win_streak": 0, "daily_wins": 0, "mythic_pity_counter": 0, "chest_counter": 0, "silver_chest_counter": 0, "pvp_skips": 5, "cumulative_stats": {}}}, {"model": "playerdata.userstats", "pk": 3, "fields": {"num_games": 0, "num_wins": 0, "time_started": "2020-09-17T00:42:44.790Z", "win_streak": 0, "longest_win_streak": 0, "daily_wins": 0, "mythic_pity_counter": 0, "chest_counter": 0, "silver_chest_counter": 0, "pvp_skips": 5, "cumulative_stats": {}}}, {"model": "playerdata.userstats", "pk": 12, "fields": {"num_games": 0, "num_wins": 0, "time_started": "2020-09-17T00:42:44.799Z", "win_streak": 0, "longest_win_streak": 0, "daily_wins": 0, "mythic_pity_counter": 0, "chest_counter": 0, "silver_chest_counter": 0, "pvp_skips": 5, "cumulative_stats": {}}}, {"model": "playerdata.userstats", "pk": 13, "fields": {"num_games": 0, "num_wins": 0, "time_started": "2020-09-17T00:42:44.811Z", "win_streak": 0, "longest_win_streak": 0, "daily_wins": 0, "mythic_pity_counter": 0, "chest_counter": 0, "silver_chest_counter": 0, "pvp_skips": 5, "cumulative_stats": {}}}, {"model": "playerdata.userstats", "pk": 14, "fields": {"num_games": 58, "num_wins": 52, "time_started": "2020-06-12T01:40:41.474Z", "win_streak": 0, "longest_win_streak": 0, "daily_wins": 0, "mythic_pity_counter": 0, "chest_counter": 0, "silver_chest_counter": 0, "pvp_skips": 5, "cumulative_stats": {}}}, {"model": "playerdata.userstats", "pk": 15, "fields": {"num_games": 324, "num_wins": 164, "time_started": "2020-06-20T21:55:19.948Z", "win_streak": 0, "longest_win_streak": 0, "daily_wins": 0, "mythic_pity_counter": 0, "chest_counter": 0, "silver_chest_counter": 0, "pvp_skips": 5, "cumulative_stats": {}}}, {"model": "playerdata.userstats", "pk": 16, "fields": {"num_games": 0, "num_wins": 0, "time_started": "2020-05-04T20:35:34.001Z", "win_streak": 0, "longest_win_streak": 0, "daily_wins": 0, "mythic_pity_counter": 0, "chest_counter": 0, "silver_chest_counter": 0, "pvp_skips": 5, "cumulative_stats": {}}}, {"model": "playerdata.userstats", "pk": 17, "fields": {"num_games": 0, "num_wins": 0, "time_started": "2020-05-04T20:35:34.001Z", "win_streak": 0, "longest_win_streak": 0, "daily_wins": 0, "mythic_pity_counter": 0, "chest_counter": 0, "silver_chest_counter": 0, "pvp_skips": 5, "cumulative_stats": {}}}, {"model": "playerdata.userstats", "pk": 18, "fields": {"num_games": 0, "num_wins": 0, "time_started": "2020-05-26T03:31:19.584Z", "win_streak": 0, "longest_win_streak": 0, "daily_wins": 0, "mythic_pity_counter": 0, "chest_counter": 0, "silver_chest_counter": 0, "pvp_skips": 5, "cumulative_stats": {}}}, {"model": "playerdata.userstats", "pk": 19, "fields": {"num_games": 0, "num_wins": 0, "time_started": "2020-05-29T22:42:57.733Z", "win_streak": 0, "longest_win_streak": 0, "daily_wins": 0, "mythic_pity_counter": 0, "chest_counter": 0, "silver_chest_counter": 0, "pvp_skips": 5, "cumulative_stats": {}}}, {"model": "playerdata.userstats", "pk": 20, "fields": {"num_games": 0, "num_wins": 0, "time_started": "2020-05-30T03:19:58.196Z", "win_streak": 0, "longest_win_streak": 0, "daily_wins": 0, "mythic_pity_counter": 0, "chest_counter": 0, "silver_chest_counter": 0, "pvp_skips": 5, "cumulative_stats": {}}}, {"model": "playerdata.userstats", "pk": 21, "fields": {"num_games": 607, "num_wins": 314, "time_started": "2020-06-02T19:25:03.024Z", "win_streak": 0, "longest_win_streak": 0, "daily_wins": 0, "mythic_pity_counter": 0, "chest_counter": 0, "silver_chest_counter": 0, "pvp_skips": 5, "cumulative_stats": {}}}, {"model": "playerdata.userstats", "pk": 22, "fields": {"num_games": 211, "num_wins": 73, "time_started": "2020-06-25T20:54:44.930Z", "win_streak": 0, "longest_win_streak": 0, "daily_wins": 0, "mythic_pity_counter": 0, "chest_counter": 0, "silver_chest_counter": 0, "pvp_skips": 5, "cumulative_stats": {}}}, {"model": "playerdata.userstats", "pk": 23, "fields": {"num_games": 0, "num_wins": 0, "time_started": "2020-08-01T20:23:17.625Z", "win_streak": 0, "longest_win_streak": 0, "daily_wins": 0, "mythic_pity_counter": 0, "chest_counter": 0, "silver_chest_counter": 0, "pvp_skips": 5, "cumulative_stats": {}}}, {"model": "playerdata.userstats", "pk": 24, "fields": {"num_games": 0, "num_wins": 0, "time_started": "2020-09-05T16:20:11.360Z", "win_streak": 0, "longest_win_streak": 0, "daily_wins": 0, "mythic_pity_counter": 0, "chest_counter": 0, "silver_chest_counter": 0, "pvp_skips": 5, "cumulative_stats": {}}}, {"model": "playerdata.userstats", "pk": 25, "fields": {"num_games": 0, "num_wins": 0, "time_started": "2020-09-15T17:47:42.302Z", "win_streak": 0, "longest_win_streak": 0, "daily_wins": 0, "mythic_pity_counter": 0, "chest_counter": 0, "silver_chest_counter": 0, "pvp_skips": 5, "cumulative_stats": {}}}, {"model": "playerdata.userstats", "pk": 26, "fields": {"num_games": 0, "num_wins": 0, "time_started": "2020-09-15T18:20:29.044Z", "win_streak": 0, "longest_win_streak": 0, "daily_wins": 0, "mythic_pity_counter": 0, "chest_counter": 0, "silver_chest_counter": 0, "pvp_skips": 5, "cumulative_stats": {}}}, {"model": "playerdata.userstats", "pk": 27, "fields": {"num_games": 0, "num_wins": 0, "time_started": "2020-09-15T18:20:57.272Z", "win_streak": 0, "longest_win_streak": 0, "daily_wins": 0, "mythic_pity_counter": 0, "chest_counter": 0, "silver_chest_counter": 0, "pvp_skips": 5, "cumulative_stats": {}}}, {"model": "playerdata.userstats", "pk": 28, "fields": {"num_games": 0, "num_wins": 0, "time_started": "2020-09-15T18:21:35.430Z", "win_streak": 0, "longest_win_streak": 0, "daily_wins": 0, "mythic_pity_counter": 0, "chest_counter": 0, "silver_chest_counter": 0, "pvp_skips": 5, "cumulative_stats": {}}}, {"model": "playerdata.userstats", "pk": 29, "fields": {"num_games": 0, "num_wins": 0, "time_started": "2021-01-15T02:44:39.375Z", "win_streak": 0, "longest_win_streak": 0, "daily_wins": 0, "mythic_pity_counter": 0, "chest_counter": 0, "silver_chest_counter": 0, "pvp_skips": 5, "cumulative_stats": {}}}, {"model": "playerdata.userstats", "pk": 30, "fields": {"num_games": 0, "num_wins": 0, "time_started": "2021-01-15T23:35:37.915Z", "win_streak": 0, "longest_win_streak": 0, "daily_wins": 0, "mythic_pity_counter": 0, "chest_counter": 0, "silver_chest_counter": 0, "pvp_skips": 5, "cumulative_stats": {}}}, {"model": "playerdata.userstats", "pk": 31, "fields": {"num_games": 0, "num_wins": 0, "time_started": "2021-01-17T02:53:36.873Z", "win_streak": 0, "longest_win_streak": 0, "daily_wins": 0, "mythic_pity_counter": 0, "chest_counter": 0, "silver_chest_counter": 0, "pvp_skips": 5, "cumulative_stats": {}}}, {"model": "playerdata.userstats", "pk": 32, "fields": {"num_games": 0, "num_wins": 0, "time_started": "2021-01-17T03:04:21.528Z", "win_streak": 0, "longest_win_streak": 0, "daily_wins": 0, "mythic_pity_counter": 0, "chest_counter": 0, "silver_chest_counter": 0, "pvp_skips": 5, "cumulative_stats": {}}}, {"model": "playerdata.userstats", "pk": 33, "fields": {"num_games": 0, "num_wins": 0, "time_started": "2021-01-17T03:08:49.063Z", "win_streak": 0, "longest_win_streak": 0, "daily_wins": 0, "mythic_pity_counter": 0, "chest_counter": 0, "silver_chest_counter": 0, "pvp_skips": 5, "cumulative_stats": {}}}, {"model": "playerdata.userstats", "pk": 34, "fields": {"num_games": 0, "num_wins": 0, "time_started": "2021-01-17T03:23:21.645Z", "win_streak": 0, "longest_win_streak": 0, "daily_wins": 0, "mythic_pity_counter": 0, "chest_counter": 0, "silver_chest_counter": 0, "pvp_skips": 5, "cumulative_stats": {}}}, {"model": "playerdata.userstats", "pk": 35, "fields": {"num_games": 0, "num_wins": 0, "time_started": "2021-01-17T03:28:16.671Z", "win_streak": 0, "longest_win_streak": 0, "daily_wins": 0, "mythic_pity_counter": 0, "chest_counter": 0, "silver_chest_counter": 0, "pvp_skips": 5, "cumulative_stats": {}}}, {"model": "playerdata.userstats", "pk": 36, "fields": {"num_games": 0, "num_wins": 0, "time_started": "2021-01-17T03:32:40.942Z", "win_streak": 0, "longest_win_streak": 0, "daily_wins": 0, "mythic_pity_counter": 0, "chest_counter": 0, "silver_chest_counter": 0, "pvp_skips": 5, "cumulative_stats": {}}}, {"model": "playerdata.match", "pk": 1, "fields": {"attacker": 22, "defender": 17, "is_win": false, "uploaded_at": "2021-01-13T23:06:27.173Z", "version": null, "match_type": "", "original_attacker_elo": 0, "updated_attacker_elo": 0, "original_defender_elo": 0, "updated_defender_elo": 0}}, {"model": "playerdata.match", "pk": 2, "fields": {"attacker": 21, "defender": 14, "is_win": false, "uploaded_at": "2021-01-13T23:16:04.629Z", "version": null, "match_type": "", "original_attacker_elo": 0, "updated_attacker_elo": 0, "original_defender_elo": 0, "updated_defender_elo": 0}}, {"model": "playerdata.match", "pk": 3, "fields": {"attacker": 15, "defender": 21, "is_win": false, "uploaded_at": "2021-01-14T18:01:29.747Z", "version": null, "match_type": "", "original_attacker_elo": 0, "updated_attacker_elo": 0, "original_defender_elo": 0, "updated_defender_elo": 0}}, {"model": "playerdata.chest", "pk": 1, "fields": {"user": 1, "rarity": 7, "locked_until": "2021-10-26T17:29:42.161Z", "tier_rank": 1}}, {"model": "playerdata.chest", "pk": 2, "fields": {"user": 2, "rarity": 7, "locked_until": "2021-10-26T17:29:42.192Z", "tier_rank": 1}}, {"model": "playerdata.chest", "pk": 3, "fields": {"user": 3, "rarity": 7, "locked_until": "2021-10-26T17:29:42.213Z", "tier_rank": 1}}, {"model": "playerdata.chest", "pk": 4, "fields": {"user": 12, "rarity": 7, "locked_until": "2021-10-26T17:29:42.233Z", "tier_rank": 1}}, {"model": "playerdata.chest", "pk": 5, "fields": {"user": 13, "rarity": 7, "locked_until": "2021-10-26T17:29:42.254Z", "tier_rank": 1}}, {"model": "playerdata.chest", "pk": 6, "fields": {"user": 14, "rarity": 7, "locked_until": "2021-10-26T17:29:42.274Z", "tier_rank": 1}}, {"model": "playerdata.chest", "pk": 7, "fields": {"user": 15, "rarity": 7, "locked_until": "2021-10-26T17:29:42.295Z", "tier_rank": 1}}, {"model": "playerdata.chest", "pk": 8, "fields": {"user": 16, "rarity": 7, "locked_until": "2021-10-26T17:29:42.316Z", "tier_rank": 1}}, {"model": "playerdata.chest", "pk": 9, "fields": {"user": 17, "rarity": 7, "locked_until": "2021-10-26T17:29:42.337Z", "tier_rank": 1}}, {"model": "playerdata.chest", "pk": 10, "fields": {"user": 18, "rarity": 7, "locked_until": "2021-10-26T17:29:42.357Z", "tier_rank": 1}}, {"model": "playerdata.chest", "pk": 11, "fields": {"user": 19, "rarity": 7, "locked_until": "2021-10-26T17:29:42.378Z", "tier_rank": 1}}, {"model": "playerdata.chest", "pk": 12, "fields": {"user": 20, "rarity": 7, "locked_until": "2021-10-26T17:29:42.398Z", "tier_rank": 1}}, {"model": "playerdata.chest", "pk": 13, "fields": {"user": 21, "rarity": 7, "locked_until": "2021-10-26T17:29:42.420Z", "tier_rank": 1}}, {"model": "playerdata.chest", "pk": 14, "fields": {"user": 22, "rarity": 7, "locked_until": "2021-10-26T17:29:42.443Z", "tier_rank": 1}}, {"model": "playerdata.chest", "pk": 15, "fields": {"user": 23, "rarity": 7, "locked_until": "2021-10-26T17:29:42.464Z", "tier_rank": 1}}, {"model": "playerdata.chest", "pk": 16, "fields": {"user": 24, "rarity": 7, "locked_until": "2021-10-26T17:29:42.486Z", "tier_rank": 1}}, {"model": "playerdata.chest", "pk": 17, "fields": {"user": 25, "rarity": 7, "locked_until": "2021-10-26T17:29:42.507Z", "tier_rank": 1}}, {"model": "playerdata.chest", "pk": 18, "fields": {"user": 26, "rarity": 7, "locked_until": "2021-10-26T17:29:42.527Z", "tier_rank": 1}}, {"model": "playerdata.chest", "pk": 19, "fields": {"user": 27, "rarity": 7, "locked_until": "2021-10-26T17:29:42.547Z", "tier_rank": 1}}, {"model": "playerdata.chest", "pk": 20, "fields": {"user": 28, "rarity": 7, "locked_until": "2021-10-26T17:29:42.568Z", "tier_rank": 1}}, {"model": "playerdata.chest", "pk": 21, "fields": {"user": 29, "rarity": 7, "locked_until": "2021-10-26T17:29:42.589Z", "tier_rank": 1}}, {"model": "playerdata.chest", "pk": 22, "fields": {"user": 30, "rarity": 7, "locked_until": "2021-10-26T17:29:42.610Z", "tier_rank": 1}}, {"model": "playerdata.chest", "pk": 23, "fields": {"user": 31, "rarity": 7, "locked_until": "2021-10-26T17:29:42.630Z", "tier_rank": 1}}, {"model": "playerdata.chest", "pk": 24, "fields": {"user": 32, "rarity": 7, "locked_until": "2021-10-26T17:29:42.650Z", "tier_rank": 1}}, {"model": "playerdata.chest", "pk": 25, "fields": {"user": 33, "rarity": 7, "locked_until": "2021-10-26T17:29:42.670Z", "tier_rank": 1}}, {"model": "playerdata.chest", "pk": 26, "fields": {"user": 34, "rarity": 7, "locked_until": "2021-10-26T17:29:42.692Z", "tier_rank": 1}}, {"model": "playerdata.chest", "pk": 27, "fields": {"user": 35, "rarity": 7, "locked_until": "2021-10-26T17:29:42.712Z", "tier_rank": 1}}, {"model": "playerdata.chest", "pk": 28, "fields": {"user": 36, "rarity": 7, "locked_until": "2021-10-26T17:29:42.734Z", "tier_rank": 1}}, {"model": "playerdata.elorewardtracker", "pk": 1, "fields": {"last_completed": -1, "last_claimed": -1}}, {"model": "playerdata.elorewardtracker", "pk": 2, "fields": {"last_completed": -1, "last_claimed": -1}}, {"model": "playerdata.elorewardtracker", "pk": 3, "fields": {"last_completed": -1, "last_claimed": -1}}, {"model": "playerdata.elorewardtracker", "pk": 12, "fields": {"last_completed": -1, "last_claimed": -1}}, {"model": "playerdata.elorewardtracker", "pk": 13, "fields": {"last_completed": -1, "last_claimed": -1}}, {"model": "playerdata.elorewardtracker", "pk": 14, "fields": {"last_completed": -1, "last_claimed": -1}}, {"model": "playerdata.elorewardtracker", "pk": 15, "fields": {"last_completed": -1, "last_claimed": -1}}, {"model": "playerdata.elorewardtracker", "pk": 16, "fields": {"last_completed": -1, "last_claimed": -1}}, {"model": "playerdata.elorewardtracker", "pk": 17, "fields": {"last_completed": -1, "last_claimed": -1}}, {"model": "playerdata.elorewardtracker", "pk": 18, "fields": {"last_completed": -1, "last_claimed": -1}}, {"model": "playerdata.elorewardtracker", "pk": 19, "fields": {"last_completed": -1, "last_claimed": -1}}, {"model": "playerdata.elorewardtracker", "pk": 20, "fields": {"last_completed": -1, "last_claimed": -1}}, {"model": "playerdata.elorewardtracker", "pk": 21, "fields": {"last_completed": -1, "last_claimed": -1}}, {"model": "playerdata.elorewardtracker", "pk": 22, "fields": {"last_completed": -1, "last_claimed": -1}}, {"model": "playerdata.elorewardtracker", "pk": 23, "fields": {"last_completed": -1, "last_claimed": -1}}, {"model": "playerdata.elorewardtracker", "pk": 24, "fields": {"last_completed": -1, "last_claimed": -1}}, {"model": "playerdata.elorewardtracker", "pk": 25, "fields": {"last_completed": -1, "last_claimed": -1}}, {"model": "playerdata.elorewardtracker", "pk": 26, "fields": {"last_completed": -1, "last_claimed": -1}}, {"model": "playerdata.elorewardtracker", "pk": 27, "fields": {"last_completed": -1, "last_claimed": -1}}, {"model": "playerdata.elorewardtracker", "pk": 28, "fields": {"last_completed": -1, "last_claimed": -1}}, {"model": "playerdata.elorewardtracker", "pk": 29, "fields": {"last_completed": -1, "last_claimed": -1}}, {"model": "playerdata.elorewardtracker", "pk": 30, "fields": {"last_completed": -1, "last_claimed": -1}}, {"model": "playerdata.elorewardtracker", "pk": 31, "fields": {"last_completed": -1, "last_claimed": -1}}, {"model": "playerdata.elorewardtracker", "pk": 32, "fields": {"last_completed": -1, "last_claimed": -1}}, {"model": "playerdata.elorewardtracker", "pk": 33, "fields": {"last_completed": -1, "last_claimed": -1}}, {"model": "playerdata.elorewardtracker", "pk": 34, "fields": {"last_completed": -1, "last_claimed": -1}}, {"model": "playerdata.elorewardtracker", "pk": 35, "fields": {"last_completed": -1, "last_claimed": -1}}, {"model": "playerdata.elorewardtracker", "pk": 36, "fields": {"last_completed": -1, "last_claimed": -1}}, {"model": "playerdata.champbadgetracker", "pk": 1, "fields": {"last_completed": -1, "last_claimed": -1}}, {"model": "playerdata.champbadgetracker", "pk": 2, "fields": {"last_completed": -1, "last_claimed": -1}}, {"model": "playerdata.champbadgetracker", "pk": 3, "fields": {"last_completed": -1, "last_claimed": -1}}, {"model": "playerdata.champbadgetracker", "pk": 12, "fields": {"last_completed": -1, "last_claimed": -1}}, {"model": "playerdata.champbadgetracker", "pk": 13, "fields": {"last_completed": -1, "last_claimed": -1}}, {"model": "playerdata.champbadgetracker", "pk": 14, "fields": {"last_completed": -1, "last_claimed": -1}}, {"model": "playerdata.champbadgetracker", "pk": 15, "fields": {"last_completed": -1, "last_claimed": -1}}, {"model": "playerdata.champbadgetracker", "pk": 16, "fields": {"last_completed": -1, "last_claimed": -1}}, {"model": "playerdata.champbadgetracker", "pk": 17, "fields": {"last_completed": -1, "last_claimed": -1}}, {"model": "playerdata.champbadgetracker", "pk": 18, "fields": {"last_completed": -1, "last_claimed": -1}}, {"model": "playerdata.champbadgetracker", "pk": 19, "fields": {"last_completed": -1, "last_claimed": -1}}, {"model": "playerdata.champbadgetracker", "pk": 20, "fields": {"last_completed": -1, "last_claimed": -1}}, {"model": "playerdata.champbadgetracker", "pk": 21, "fields": {"last_completed": -1, "last_claimed": -1}}, {"model": "playerdata.champbadgetracker", "pk": 22, "fields": {"last_completed": -1, "last_claimed": -1}}, {"model": "playerdata.champbadgetracker", "pk": 23, "fields": {"last_completed": -1, "last_claimed": -1}}, {"model": "playerdata.champbadgetracker", "pk": 24, "fields": {"last_completed": -1, "last_claimed": -1}}, {"model": "playerdata.champbadgetracker", "pk": 25, "fields": {"last_completed": -1, "last_claimed": -1}}, {"model": "playerdata.champbadgetracker", "pk": 26, "fields": {"last_completed": -1, "last_claimed": -1}}, {"model": "playerdata.champbadgetracker", "pk": 27, "fields": {"last_completed": -1, "last_claimed": -1}}, {"model": "playerdata.champbadgetracker", "pk": 28, "fields": {"last_completed": -1, "last_claimed": -1}}, {"model": "playerdata.champbadgetracker", "pk": 29, "fields": {"last_completed": -1, "last_claimed": -1}}, {"model": "playerdata.champbadgetracker", "pk": 30, "fields": {"last_completed": -1, "last_claimed": -1}}, {"model": "playerdata.champbadgetracker", "pk": 31, "fields": {"last_completed": -1, "last_claimed": -1}}, {"model": "playerdata.champbadgetracker", "pk": 32, "fields": {"last_completed": -1, "last_claimed": -1}}, {"model": "playerdata.champbadgetracker", "pk": 33, "fields": {"last_completed": -1, "last_claimed": -1}}, {"model": "playerdata.champbadgetracker", "pk": 34, "fields": {"last_completed": -1, "last_claimed": -1}}, {"model": "playerdata.champbadgetracker", "pk": 35, "fields": {"last_completed": -1, "last_claimed": -1}}, {"model": "playerdata.champbadgetracker", "pk": 36, "fields": {"last_completed": -1, "last_claimed": -1}}, {"model": "playerdata.seasonreward", "pk": 1, "fields": {"tier_rank": 1, "is_claimed": true}}, {"model": "playerdata.seasonreward", "pk": 2, "fields": {"tier_rank": 1, "is_claimed": true}}, {"model": "playerdata.seasonreward", "pk": 3, "fields": {"tier_rank": 1, "is_claimed": true}}, {"model": "playerdata.seasonreward", "pk": 12, "fields": {"tier_rank": 1, "is_claimed": true}}, {"model": "playerdata.seasonreward", "pk": 13, "fields": {"tier_rank": 1, "is_claimed": true}}, {"model": "playerdata.seasonreward", "pk": 14, "fields": {"tier_rank": 1, "is_claimed": true}}, {"model": "playerdata.seasonreward", "pk": 15, "fields": {"tier_rank": 1, "is_claimed": true}}, {"model": "playerdata.seasonreward", "pk": 16, "fields": {"tier_rank": 1, "is_claimed": true}}, {"model": "playerdata.seasonreward", "pk": 17, "fields": {"tier_rank": 1, "is_claimed": true}}, {"model": "playerdata.seasonreward", "pk": 18, "fields": {"tier_rank": 1, "is_claimed": true}}, {"model": "playerdata.seasonreward", "pk": 19, "fields": {"tier_rank": 1, "is_claimed": true}}, {"model": "playerdata.seasonreward", "pk": 20, "fields": {"tier_rank": 1, "is_claimed": true}}, {"model": "playerdata.seasonreward", "pk": 21, "fields": {"tier_rank": 1, "is_claimed": true}}, {"model": "playerdata.seasonreward", "pk": 22, "fields": {"tier_rank": 1, "is_claimed": true}}, {"model": "playerdata.seasonreward", "pk": 23, "fields": {"tier_rank": 1, "is_claimed": true}}, {"model": "playerdata.seasonreward", "pk": 24, "fields": {"tier_rank": 1, "is_claimed": true}}, {"model": "playerdata.seasonreward", "pk": 25, "fields": {"tier_rank": 1, "is_claimed": true}}, {"model": "playerdata.seasonreward", "pk": 26, "fields": {"tier_rank": 1, "is_claimed": true}}, {"model": "playerdata.seasonreward", "pk": 27, "fields": {"tier_rank": 1, "is_claimed": true}}, {"model": "playerdata.seasonreward", "pk": 28, "fields": {"tier_rank": 1, "is_claimed": true}}, {"model": "playerdata.seasonreward", "pk": 29, "fields": {"tier_rank": 1, "is_claimed": true}}, {"model": "playerdata.seasonreward", "pk": 30, "fields": {"tier_rank": 1, "is_claimed": true}}, {"model": "playerdata.seasonreward", "pk": 31, "fields": {"tier_rank": 1, "is_claimed": true}}, {"model": "playerdata.seasonreward", "pk": 32, "fields": {"tier_rank": 1, "is_claimed": true}}, {"model": "playerdata.seasonreward", "pk": 33, "fields": {"tier_rank": 1, "is_claimed": true}}, {"model": "playerdata.seasonreward", "pk": 34, "fields": {"tier_rank": 1, "is_claimed": true}}, {"model": "playerdata.seasonreward", "pk": 35, "fields": {"tier_rank": 1, "is_claimed": true}}, {"model": "playerdata.seasonreward", "pk": 36, "fields": {"tier_rank": 1, "is_claimed": true}}, {"model": "playerdata.afkreward", "pk": 1, "fields": {"unclaimed_gold": 0.0, "unclaimed_dust": 0.0, "unclaimed_shards": "[\"0\", \"0\", \"0\"]", "leftover_shard_interval": 0.0, "last_eval_time": "2021-10-26T17:29:42.175Z", "reward_ticks": 0, "runes_left": 0, "last_collected_time": "2021-10-26T14:29:56.013Z"}}, {"model": "playerdata.afkreward", "pk": 2, "fields": {"unclaimed_gold": 0.0, "unclaimed_dust": 0.0, "unclaimed_shards": "[\"0\", \"0\", \"0\"]", "leftover_shard_interval": 0.0, "last_eval_time": "2021-10-26T17:29:42.200Z", "reward_ticks": 0, "runes_left": 0, "last_collected_time": "2021-10-26T14:29:56.013Z"}}, {"model": "playerdata.afkreward", "pk": 3, "fields": {"unclaimed_gold": 0.0, "unclaimed_dust": 0.0, "unclaimed_shards": "[\"0\", \"0\", \"0\"]", "leftover_shard_interval": 0.0, "last_eval_time": "2021-10-26T17:29:42.220Z", "reward_ticks": 0, "runes_left": 0, "last_collected_time": "2021-10-26T14:29:56.013Z"}}, {"model": "playerdata.afkreward", "pk": 12, "fields": {"unclaimed_gold": 0.0, "unclaimed_dust": 0.0, "unclaimed_shards": "[\"0\", \"0\", \"0\"]", "leftover_shard_interval": 0.0, "last_eval_time": "2021-10-26T17:29:42.241Z", "reward_ticks": 0, "runes_left": 0, "last_collected_time": "2021-10-26T14:29:56.013Z"}}, {"model": "playerdata.afkreward", "pk": 13, "fields": {"unclaimed_gold": 0.0, "unclaimed_dust": 0.0, "unclaimed_shards": "[\"0\", \"0\", \"0\"]", "leftover_shard_interval": 0.0, "last_eval_time": "2021-10-26T17:29:42.261Z", "reward_ticks": 0, "runes_left": 0, "last_collected_time": "2021-10-26T14:29:56.013Z"}}, {"model": "playerdata.afkreward", "pk": 14, "fields": {"unclaimed_gold": 0.0, "unclaimed_dust": 0.0, "unclaimed_shards": "[\"0\", \"0\", \"0\"]", "leftover_shard_interval": 0.0, "last_eval_time": "2021-10-26T17:29:42.282Z", "reward_ticks": 0, "runes_left": 0, "last_collected_time": "2021-10-26T14:29:56.013Z"}}, {"model": "playerdata.afkreward", "pk": 15, "fields": {"unclaimed_gold": 0.0, "unclaimed_dust": 0.0, "unclaimed_shards": "[\"0\", \"0\", \"0\"]", "leftover_shard_interval": 0.0, "last_eval_time": "2021-10-26T17:29:42.303Z", "reward_ticks": 0, "runes_left": 0, "last_collected_time": "2021-10-26T14:29:56.013Z"}}, {"model": "playerdata.afkreward", "pk": 16, "fields": {"unclaimed_gold": 0.0, "unclaimed_dust": 0.0, "unclaimed_shards": "[\"0\", \"0\", \"0\"]", "leftover_shard_interval": 0.0, "last_eval_time": "2021-10-26T17:29:42.323Z", "reward_ticks": 0, "runes_left": 0, "last_collected_time": "2021-10-26T14:29:56.013Z"}}, {"model": "playerdata.afkreward", "pk": 17, "fields": {"unclaimed_gold": 0.0, "unclaimed_dust": 0.0, "unclaimed_shards": "[\"0\", \"0\", \"0\"]", "leftover_shard_interval": 0.0, "last_eval_time": "2021-10-26T17:29:42.345Z", "reward_ticks": 0, "runes_left": 0, "last_collected_time": "2021-10-26T14:29:56.013Z"}}, {"model": "playerdata.afkreward", "pk": 18, "fields": {"unclaimed_gold": 0.0, "unclaimed_dust": 0.0, "unclaimed_shards": "[\"0\", \"0\", \"0\"]", "leftover_shard_interval": 0.0, "last_eval_time": "2021-10-26T17:29:42.365Z", "reward_ticks": 0, "runes_left": 0, "last_collected_time": "2021-10-26T14:29:56.013Z"}}, {"model": "playerdata.afkreward", "pk": 19, "fields": {"unclaimed_gold": 0.0, "unclaimed_dust": 0.0, "unclaimed_shards": "[\"0\", \"0\", \"0\"]", "leftover_shard_interval": 0.0, "last_eval_time": "2021-10-26T17:29:42.385Z", "reward_ticks": 0, "runes_left": 0, "last_collected_time": "2021-10-26T14:29:56.013Z"}}, {"model": "playerdata.afkreward", "pk": 20, "fields": {"unclaimed_gold": 0.0, "unclaimed_dust": 0.0, "unclaimed_shards": "[\"0\", \"0\", \"0\"]", "leftover_shard_interval": 0.0, "last_eval_time": "2021-10-26T17:29:42.405Z", "reward_ticks": 0, "runes_left": 0, "last_collected_time": "2021-10-26T14:29:56.013Z"}}, {"model": "playerdata.afkreward", "pk": 21, "fields": {"unclaimed_gold": 0.0, "unclaimed_dust": 0.0, "unclaimed_shards": "[\"0\", \"0\", \"0\"]", "leftover_shard_interval": 0.0, "last_eval_time": "2021-10-26T17:29:42.429Z", "reward_ticks": 0, "runes_left": 0, "last_collected_time": "2021-10-26T14:29:56.013Z"}}, {"model": "playerdata.afkreward", "pk": 22, "fields": {"unclaimed_gold": 0.0, "unclaimed_dust": 0.0, "unclaimed_shards": "[\"0\", \"0\", \"0\"]", "leftover_shard_interval": 0.0, "last_eval_time": "2021-10-26T17:29:42.451Z", "reward_ticks": 0, "runes_left": 0, "last_collected_time": "2021-10-26T14:29:56.013Z"}}, {"model": "playerdata.afkreward", "pk": 23, "fields": {"unclaimed_gold": 0.0, "unclaimed_dust": 0.0, "unclaimed_shards": "[\"0\", \"0\", \"0\"]", "leftover_shard_interval": 0.0, "last_eval_time": "2021-10-26T17:29:42.471Z", "reward_ticks": 0, "runes_left": 0, "last_collected_time": "2021-10-26T14:29:56.013Z"}}, {"model": "playerdata.afkreward", "pk": 24, "fields": {"unclaimed_gold": 0.0, "unclaimed_dust": 0.0, "unclaimed_shards": "[\"0\", \"0\", \"0\"]", "leftover_shard_interval": 0.0, "last_eval_time": "2021-10-26T17:29:42.494Z", "reward_ticks": 0, "runes_left": 0, "last_collected_time": "2021-10-26T14:29:56.013Z"}}, {"model": "playerdata.afkreward", "pk": 25, "fields": {"unclaimed_gold": 0.0, "unclaimed_dust": 0.0, "unclaimed_shards": "[\"0\", \"0\", \"0\"]", "leftover_shard_interval": 0.0, "last_eval_time": "2021-10-26T17:29:42.514Z", "reward_ticks": 0, "runes_left": 0, "last_collected_time": "2021-10-26T14:29:56.013Z"}}, {"model": "playerdata.afkreward", "pk": 26, "fields": {"unclaimed_gold": 0.0, "unclaimed_dust": 0.0, "unclaimed_shards": "[\"0\", \"0\", \"0\"]", "leftover_shard_interval": 0.0, "last_eval_time": "2021-10-26T17:29:42.535Z", "reward_ticks": 0, "runes_left": 0, "last_collected_time": "2021-10-26T14:29:56.013Z"}}, {"model": "playerdata.afkreward", "pk": 27, "fields": {"unclaimed_gold": 0.0, "unclaimed_dust": 0.0, "unclaimed_shards": "[\"0\", \"0\", \"0\"]", "leftover_shard_interval": 0.0, "last_eval_time": "2021-10-26T17:29:42.555Z", "reward_ticks": 0, "runes_left": 0, "last_collected_time": "2021-10-26T14:29:56.013Z"}}, {"model": "playerdata.afkreward", "pk": 28, "fields": {"unclaimed_gold": 0.0, "unclaimed_dust": 0.0, "unclaimed_shards": "[\"0\", \"0\", \"0\"]", "leftover_shard_interval": 0.0, "last_eval_time": "2021-10-26T17:29:42.577Z", "reward_ticks": 0, "runes_left": 0, "last_collected_time": "2021-10-26T14:29:56.013Z"}}, {"model": "playerdata.afkreward", "pk": 29, "fields": {"unclaimed_gold": 0.0, "unclaimed_dust": 0.0, "unclaimed_shards": "[\"0\", \"0\", \"0\"]", "leftover_shard_interval": 0.0, "last_eval_time": "2021-10-26T17:29:42.597Z", "reward_ticks": 0, "runes_left": 0, "last_collected_time": "2021-10-26T14:29:56.013Z"}}, {"model": "playerdata.afkreward", "pk": 30, "fields": {"unclaimed_gold": 0.0, "unclaimed_dust": 0.0, "unclaimed_shards": "[\"0\", \"0\", \"0\"]", "leftover_shard_interval": 0.0, "last_eval_time": "2021-10-26T17:29:42.617Z", "reward_ticks": 0, "runes_left": 0, "last_collected_time": "2021-10-26T14:29:56.013Z"}}, {"model": "playerdata.afkreward", "pk": 31, "fields": {"unclaimed_gold": 0.0, "unclaimed_dust": 0.0, "unclaimed_shards": "[\"0\", \"0\", \"0\"]", "leftover_shard_interval": 0.0, "last_eval_time": "2021-10-26T17:29:42.637Z", "reward_ticks": 0, "runes_left": 0, "last_collected_time": "2021-10-26T14:29:56.013Z"}}, {"model": "playerdata.afkreward", "pk": 32, "fields": {"unclaimed_gold": 0.0, "unclaimed_dust": 0.0, "unclaimed_shards": "[\"0\", \"0\", \"0\"]", "leftover_shard_interval": 0.0, "last_eval_time": "2021-10-26T17:29:42.657Z", "reward_ticks": 0, "runes_left": 0, "last_collected_time": "2021-10-26T14:29:56.013Z"}}, {"model": "playerdata.afkreward", "pk": 33, "fields": {"unclaimed_gold": 0.0, "unclaimed_dust": 0.0, "unclaimed_shards": "[\"0\", \"0\", \"0\"]", "leftover_shard_interval": 0.0, "last_eval_time": "2021-10-26T17:29:42.678Z", "reward_ticks": 0, "runes_left": 0, "last_collected_time": "2021-10-26T14:29:56.013Z"}}, {"model": "playerdata.afkreward", "pk": 34, "fields": {"unclaimed_gold": 0.0, "unclaimed_dust": 0.0, "unclaimed_shards": "[\"0\", \"0\", \"0\"]", "leftover_shard_interval": 0.0, "last_eval_time": "2021-10-26T17:29:42.699Z", "reward_ticks": 0, "runes_left": 0, "last_collected_time": "2021-10-26T14:29:56.013Z"}}, {"model": "playerdata.afkreward", "pk": 35, "fields": {"unclaimed_gold": 0.0, "unclaimed_dust": 0.0, "unclaimed_shards": "[\"0\", \"0\", \"0\"]", "leftover_shard_interval": 0.0, "last_eval_time": "2021-10-26T17:29:42.720Z", "reward_ticks": 0, "runes_left": 0, "last_collected_time": "2021-10-26T14:29:56.013Z"}}, {"model": "playerdata.afkreward", "pk": 36, "fields": {"unclaimed_gold": 0.0, "unclaimed_dust": 0.0, "unclaimed_shards": "[\"0\", \"0\", \"0\"]", "leftover_shard_interval": 0.0, "last_eval_time": "2021-10-26T17:29:42.741Z", "reward_ticks": 0, "runes_left": 0, "last_collected_time": "2021-10-26T14:29:56.013Z"}}, {"model": "playerdata.inventory", "pk": 1, "fields": {"char_limit": 50, "coins": 0, "gems": 0, "dust": 100, "essence": 0, "relic_stones": 0, "champ_badges": 0, "pet_points": 0, "rare_shards": 0, "epic_shards": 0, "legendary_shards": 0, "active_pet_id": 0, "daily_dungeon_ticket": 3, "daily_dungeon_golden_ticket": 1, "hero_exp": 0, "is_auto_retire": false, "profile_pics": null, "pets_unlocked": "[\"0\"]", "gems_bought": 0, "chest_slot_1": null, "chest_slot_2": null, "chest_slot_3": null, "chest_slot_4": null, "login_chest": null}}, {"model": "playerdata.inventory", "pk": 2, "fields": {"char_limit": 50, "coins": 0, "gems": 0, "dust": 100, "essence": 0, "relic_stones": 0, "champ_badges": 0, "pet_points": 0, "rare_shards": 0, "epic_shards": 0, "legendary_shards": 0, "active_pet_id": 0, "daily_dungeon_ticket": 3, "daily_dungeon_golden_ticket": 1, "hero_exp": 0, "is_auto_retire": false, "profile_pics": null, "pets_unlocked": "[\"0\"]", "gems_bought": 0, "chest_slot_1": null, "chest_slot_2": null, "chest_slot_3": null, "chest_slot_4": null, "login_chest": null}}, {"model": "playerdata.inventory", "pk": 3, "fields": {"char_limit": 50, "coins": 0, "gems": 0, "dust": 100, "essence": 0, "relic_stones": 0, "champ_badges": 0, "pet_points": 0, "rare_shards": 0, "epic_shards": 0, "legendary_shards": 0, "active_pet_id": 0, "daily_dungeon_ticket": 3, "daily_dungeon_golden_ticket": 1, "hero_exp": 0, "is_auto_retire": false, "profile_pics": null, "pets_unlocked": "[\"0\"]", "gems_bought": 0, "chest_slot_1": null, "chest_slot_2": null, "chest_slot_3": null, "chest_slot_4": null, "login_chest": null}}, {"model": "playerdata.inventory", "pk": 12, "fields": {"char_limit": 50, "coins": 0, "gems": 0, "dust": 100, "essence": 0, "relic_stones": 0, "champ_badges": 0, "pet_points": 0, "rare_shards": 0, "epic_shards": 0, "legendary_shards": 0, "active_pet_id": 0, "daily_dungeon_ticket": 3, "daily_dungeon_golden_ticket": 1, "hero_exp": 0, "is_auto_retire": false, "profile_pics": null, "pets_unlocked": "[\"0\"]", "gems_bought": 0, "chest_slot_1": null, "chest_slot_2": null, "chest_slot_3": null, "chest_slot_4": null, "login_chest": null}}, {"model": "playerdata.inventory", "pk": 13, "fields": {"char_limit": 50, "coins": 0, "gems": 0, "dust": 100, "essence": 0, "relic_stones": 0, "champ_badges": 0, "pet_points": 0, "rare_shards": 0, "epic_shards": 0, "legendary_shards": 0, "active_pet_id": 0, "daily_dungeon_ticket": 3, "daily_dungeon_golden_ticket": 1, "hero_exp": 0, "is_auto_retire": false, "profile_pics": null, "pets_unlocked": "[\"0\"]", "gems_bought": 0, "chest_slot_1": null, "chest_slot_2": null, "chest_slot_3": null, "chest_slot_4": null, "login_chest": null}}, {"model": "playerdata.inventory", "pk": 14, "fields": {"char_limit": 50, "coins": 8884753, "gems": 4619800, "dust": 100, "essence": 0, "relic_stones": 0, "champ_badges": 0, "pet_points": 0, "rare_shards": 0, "epic_shards": 0, "legendary_shards": 0, "active_pet_id": 0, "daily_dungeon_ticket": 3, "daily_dungeon_golden_ticket": 1, "hero_exp": 100, "is_auto_retire": false, "profile_pics": null, "pets_unlocked": "[\"0\"]", "gems_bought": 0, "chest_slot_1": null, "chest_slot_2": null, "chest_slot_3": null, "chest_slot_4": null, "login_chest": null}}, {"model": "playerdata.inventory", "pk": 15, "fields": {"char_limit": 50, "coins": 0, "gems": 0, "dust": 100, "essence": 0, "relic_stones": 0, "champ_badges": 0, "pet_points": 0, "rare_shards": 0, "epic_shards": 0, "legendary_shards": 0, "active_pet_id": 0, "daily_dungeon_ticket": 3, "daily_dungeon_golden_ticket": 1, "hero_exp": 0, "is_auto_retire": false, "profile_pics": null, "pets_unlocked": "[\"0\"]", "gems_bought": 0, "chest_slot_1": null, "chest_slot_2": null, "chest_slot_3": null, "chest_slot_4": null, "login_chest": null}}, {"model": "playerdata.inventory", "pk": 16, "fields": {"char_limit": 50, "coins": 0, "gems": 0, "dust": 100, "essence": 0, "relic_stones": 0, "champ_badges": 0, "pet_points": 0, "rare_shards": 0, "epic_shards": 0, "legendary_shards": 0, "active_pet_id": 0, "daily_dungeon_ticket": 3, "daily_dungeon_golden_ticket": 1, "hero_exp": 0, "is_auto_retire": false, "profile_pics": null, "pets_unlocked": "[\"0\"]", "gems_bought": 0, "chest_slot_1": null, "chest_slot_2": null, "chest_slot_3": null, "chest_slot_4": null, "login_chest": null}}, {"model": "playerdata.inventory", "pk": 17, "fields": {"char_limit": 50, "coins": 0, "gems": 0, "dust": 100, "essence": 0, "relic_stones": 0, "champ_badges": 0, "pet_points": 0, "rare_shards": 0, "epic_shards": 0, "legendary_shards": 0, "active_pet_id": 0, "daily_dungeon_ticket": 3, "daily_dungeon_golden_ticket": 1, "hero_exp": 0, "is_auto_retire": false, "profile_pics": null, "pets_unlocked": "[\"0\"]", "gems_bought": 0, "chest_slot_1": null, "chest_slot_2": null, "chest_slot_3": null, "chest_slot_4": null, "login_chest": null}}, {"model": "playerdata.inventory", "pk": 18, "fields": {"char_limit": 50, "coins": 0, "gems": 0, "dust": 100, "essence": 0, "relic_stones": 0, "champ_badges": 0, "pet_points": 0, "rare_shards": 0, "epic_shards": 0, "legendary_shards": 0, "active_pet_id": 0, "daily_dungeon_ticket": 3, "daily_dungeon_golden_ticket": 1, "hero_exp": 0, "is_auto_retire": false, "profile_pics": null, "pets_unlocked": "[\"0\"]", "gems_bought": 0, "chest_slot_1": null, "chest_slot_2": null, "chest_slot_3": null, "chest_slot_4": null, "login_chest": null}}, {"model": "playerdata.inventory", "pk": 19, "fields": {"char_limit": 50, "coins": 0, "gems": 0, "dust": 100, "essence": 0, "relic_stones": 0, "champ_badges": 0, "pet_points": 0, "rare_shards": 0, "epic_shards": 0, "legendary_shards": 0, "active_pet_id": 0, "daily_dungeon_ticket": 3, "daily_dungeon_golden_ticket": 1, "hero_exp": 0, "is_auto_retire": false, "profile_pics": null, "pets_unlocked": "[\"0\"]", "gems_bought": 0, "chest_slot_1": null, "chest_slot_2": null, "chest_slot_3": null, "chest_slot_4": null, "login_chest": null}}, {"model": "playerdata.inventory", "pk": 20, "fields": {"char_limit": 50, "coins": 0, "gems": 0, "dust": 100, "essence": 0, "relic_stones": 0, "champ_badges": 0, "pet_points": 0, "rare_shards": 0, "epic_shards": 0, "legendary_shards": 0, "active_pet_id": 0, "daily_dungeon_ticket": 3, "daily_dungeon_golden_ticket": 1, "hero_exp": 0, "is_auto_retire": false, "profile_pics": null, "pets_unlocked": "[\"0\"]", "gems_bought": 0, "chest_slot_1": null, "chest_slot_2": null, "chest_slot_3": null, "chest_slot_4": null, "login_chest": null}}, {"model": "playerdata.inventory", "pk": 21, "fields": {"char_limit": 50, "coins": 49973741, "gems": 500275, "dust": 100, "essence": 0, "relic_stones": 0, "champ_badges": 0, "pet_points": 0, "rare_shards": 0, "epic_shards": 0, "legendary_shards": 0, "active_pet_id": 0, "daily_dungeon_ticket": 3, "daily_dungeon_golden_ticket": 1, "hero_exp": 0, "is_auto_retire": false, "profile_pics": null, "pets_unlocked": "[\"0\"]", "gems_bought": 0, "chest_slot_1": null, "chest_slot_2": null, "chest_slot_3": null, "chest_slot_4": null, "login_chest": null}}, {"model": "playerdata.inventory", "pk": 22, "fields": {"char_limit": 50, "coins": 0, "gems": 0, "dust": 100, "essence": 0, "relic_stones": 0, "champ_badges": 0, "pet_points": 0, "rare_shards": 0, "epic_shards": 0, "legendary_shards": 0, "active_pet_id": 0, "daily_dungeon_ticket": 3, "daily_dungeon_golden_ticket": 1, "hero_exp": 0, "is_auto_retire": false, "profile_pics": null, "pets_unlocked": "[\"0\"]", "gems_bought": 0, "chest_slot_1": null, "chest_slot_2": null, "chest_slot_3": null, "chest_slot_4": null, "login_chest": null}}, {"model": "playerdata.inventory", "pk": 23, "fields": {"char_limit": 50, "coins": 0, "gems": 0, "dust": 100, "essence": 0, "relic_stones": 0, "champ_badges": 0, "pet_points": 0, "rare_shards": 0, "epic_shards": 0, "legendary_shards": 0, "active_pet_id": 0, "daily_dungeon_ticket": 3, "daily_dungeon_golden_ticket": 1, "hero_exp": 0, "is_auto_retire": false, "profile_pics": null, "pets_unlocked": "[\"0\"]", "gems_bought": 0, "chest_slot_1": null, "chest_slot_2": null, "chest_slot_3": null, "chest_slot_4": null, "login_chest": null}}, {"model": "playerdata.inventory", "pk": 24, "fields": {"char_limit": 50, "coins": 0, "gems": 0, "dust": 100, "essence": 0, "relic_stones": 0, "champ_badges": 0, "pet_points": 0, "rare_shards": 0, "epic_shards": 0, "legendary_shards": 0, "active_pet_id": 0, "daily_dungeon_ticket": 3, "daily_dungeon_golden_ticket": 1, "hero_exp": 0, "is_auto_retire": false, "profile_pics": null, "pets_unlocked": "[\"0\"]", "gems_bought": 0, "chest_slot_1": null, "chest_slot_2": null, "chest_slot_3": null, "chest_slot_4": null, "login_chest": null}}, {"model": "playerdata.inventory", "pk": 25, "fields": {"char_limit": 50, "coins": 0, "gems": 0, "dust": 100, "essence": 0, "relic_stones": 0, "champ_badges": 0, "pet_points": 0, "rare_shards": 0, "epic_shards": 0, "legendary_shards": 0, "active_pet_id": 0, "daily_dungeon_ticket": 3, "daily_dungeon_golden_ticket": 1, "hero_exp": 0, "is_auto_retire": false, "profile_pics": null, "pets_unlocked": "[\"0\"]", "gems_bought": 0, "chest_slot_1": null, "chest_slot_2": null, "chest_slot_3": null, "chest_slot_4": null, "login_chest": null}}, {"model": "playerdata.inventory", "pk": 26, "fields": {"char_limit": 50, "coins": 0, "gems": 0, "dust": 100, "essence": 0, "relic_stones": 0, "champ_badges": 0, "pet_points": 0, "rare_shards": 0, "epic_shards": 0, "legendary_shards": 0, "active_pet_id": 0, "daily_dungeon_ticket": 3, "daily_dungeon_golden_ticket": 1, "hero_exp": 0, "is_auto_retire": false, "profile_pics": null, "pets_unlocked": "[\"0\"]", "gems_bought": 0, "chest_slot_1": null, "chest_slot_2": null, "chest_slot_3": null, "chest_slot_4": null, "login_chest": null}}, {"model": "playerdata.inventory", "pk": 27, "fields": {"char_limit": 50, "coins": 0, "gems": 0, "dust": 100, "essence": 0, "relic_stones": 0, "champ_badges": 0, "pet_points": 0, "rare_shards": 0, "epic_shards": 0, "legendary_shards": 0, "active_pet_id": 0, "daily_dungeon_ticket": 3, "daily_dungeon_golden_ticket": 1, "hero_exp": 0, "is_auto_retire": false, "profile_pics": null, "pets_unlocked": "[\"0\"]", "gems_bought": 0, "chest_slot_1": null, "chest_slot_2": null, "chest_slot_3": null, "chest_slot_4": null, "login_chest": null}}, {"model": "playerdata.inventory", "pk": 28, "fields": {"char_limit": 50, "coins": 0, "gems": 0, "dust": 100, "essence": 0, "relic_stones": 0, "champ_badges": 0, "pet_points": 0, "rare_shards": 0, "epic_shards": 0, "legendary_shards": 0, "active_pet_id": 0, "daily_dungeon_ticket": 3, "daily_dungeon_golden_ticket": 1, "hero_exp": 0, "is_auto_retire": false, "profile_pics": null, "pets_unlocked": "[\"0\"]", "gems_bought": 0, "chest_slot_1": null, "chest_slot_2": null, "chest_slot_3": null, "chest_slot_4": null, "login_chest": null}}, {"model": "playerdata.inventory", "pk": 29, "fields": {"char_limit": 50, "coins": 1000, "gems": 5000, "dust": 100, "essence": 0, "relic_stones": 0, "champ_badges": 0, "pet_points": 0, "rare_shards": 0, "epic_shards": 0, "legendary_shards": 0, "active_pet_id": 0, "daily_dungeon_ticket": 3, "daily_dungeon_golden_ticket": 1, "hero_exp": 0, "is_auto_retire": false, "profile_pics": null, "pets_unlocked": "[\"0\"]", "gems_bought": 0, "chest_slot_1": null, "chest_slot_2": null, "chest_slot_3": null, "chest_slot_4": null, "login_chest": null}}, {"model": "playerdata.inventory", "pk": 30, "fields": {"char_limit": 50, "coins": 1000, "gems": 5000, "dust": 100, "essence": 0, "relic_stones": 0, "champ_badges": 0, "pet_points": 0, "rare_shards": 0, "epic_shards": 0, "legendary_shards": 0, "active_pet_id": 0, "daily_dungeon_ticket": 3, "daily_dungeon_golden_ticket": 1, "hero_exp": 0, "is_auto_retire": false, "profile_pics": null, "pets_unlocked": "[\"0\"]", "gems_bought": 0, "chest_slot_1": null, "chest_slot_2": null, "chest_slot_3": null, "chest_slot_4": null, "login_chest": null}}, {"model": "playerdata.inventory", "pk": 31, "fields": {"char_limit": 50, "coins": 1000, "gems": 5000, "dust": 100, "essence": 0, "relic_stones": 0, "champ_badges": 0, "pet_points": 0, "rare_shards": 0, "epic_shards": 0, "legendary_shards": 0, "active_pet_id": 0, "daily_dungeon_ticket": 3, "daily_dungeon_golden_ticket": 1, "hero_exp": 0, "is_auto_retire": false, "profile_pics": null, "pets_unlocked": "[\"0\"]", "gems_bought": 0, "chest_slot_1": null, "chest_slot_2": null, "chest_slot_3": null, "chest_slot_4": null, "login_chest": null}}, {"model": "playerdata.inventory", "pk": 32, "fields": {"char_limit": 50, "coins": 1000, "gems": 5000, "dust": 100, "essence": 0, "relic_stones": 0, "champ_badges": 0, "pet_points": 0, "rare_shards": 0, "epic_shards": 0, "legendary_shards": 0, "active_pet_id": 0, "daily_dungeon_ticket": 3, "daily_dungeon_golden_ticket": 1, "hero_exp": 0, "is_auto_retire": false, "profile_pics": null, "pets_unlocked": "[\"0\"]", "gems_bought": 0, "chest_slot_1": null, "chest_slot_2": null, "chest_slot_3": null, "chest_slot_4": null, "login_chest": null}}, {"model": "playerdata.inventory", "pk": 33, "fields": {"char_limit": 50, "coins": 1000, "gems": 5000, "dust": 100, "essence": 0, "relic_stones": 0, "champ_badges": 0, "pet_points": 0, "rare_shards": 0, "epic_shards": 0, "legendary_shards": 0, "active_pet_id": 0, "daily_dungeon_ticket": 3, "daily_dungeon_golden_ticket": 1, "hero_exp": 0, "is_auto_retire": false, "profile_pics": null, "pets_unlocked": "[\"0\"]", "gems_bought": 0, "chest_slot_1": null, "chest_slot_2": null, "chest_slot_3": null, "chest_slot_4": null, "login_chest": null}}, {"model": "playerdata.inventory", "pk": 34, "fields": {"char_limit": 50, "coins": 1000, "gems": 5000, "dust": 100, "essence": 0, "relic_stones": 0, "champ_badges": 0, "pet_points": 0, "rare_shards": 0, "epic_shards": 0, "legendary_shards": 0, "active_pet_id": 0, "daily_dungeon_ticket": 3, "daily_dungeon_golden_ticket": 1, "hero_exp": 0, "is_auto_retire": false, "profile_pics": null, "pets_unlocked": "[\"0\"]", "gems_bought": 0, "chest_slot_1": null, "chest_slot_2": null, "chest_slot_3": null, "chest_slot_4": null, "login_chest": null}}, {"model": "playerdata.inventory", "pk": 35, "fields": {"char_limit": 50, "coins": 1000, "gems": 5000, "dust": 100, "essence": 0, "relic_stones": 0, "champ_badges": 0, "pet_points": 0, "rare_shards": 0, "epic_shards": 0, "legendary_shards": 0, "active_pet_id": 0, "daily_dungeon_ticket": 3, "daily_dungeon_golden_ticket": 1, "hero_exp": 0, "is_auto_retire": false, "profile_pics": null, "pets_unlocked": "[\"0\"]", "gems_bought": 0, "chest_slot_1": null, "chest_slot_2": null, "chest_slot_3": null, "chest_slot_4": null, "login_chest": null}}, {"model": "playerdata.inventory", "pk": 36, "fields": {"char_limit": 50, "coins": 1000, "gems": 5000, "dust": 100, "essence": 0, "relic_stones": 0, "champ_badges": 0, "pet_points": 0, "rare_shards": 0, "epic_shards": 0, "legendary_shards": 0, "active_pet_id": 0, "daily_dungeon_ticket": 3, "daily_dungeon_golden_ticket": 1, "hero_exp": 0, "is_auto_retire": false, "profile_pics": null, "pets_unlocked": "[\"0\"]", "gems_bought": 0, "chest_slot_1": null, "chest_slot_2": null, "chest_slot_3": null, "chest_slot_4": null, "login_chest": null}}, {"model": "playerdata.chat", "pk": 1, "fields": {"chat_name": "Global"}}, {"model": "playerdata.chat", "pk": 2, "fields": {"chat_name": "Global 2"}}, {"model": "playerdata.chat", "pk": 3, "fields": {"chat_name": "My clan"}}, {"model": "playerdata.chat", "pk": 4, "fields": {"chat_name": "My clan"}}, {"model": "playerdata.chat", "pk": 5, "fields": {"chat_name": "My clan"}}, {"model": "playerdata.chat", "pk": 6, "fields": {"chat_name": "My clan"}}, {"model": "playerdata.chat", "pk": 7, "fields": {"chat_name": "My clan"}}, {"model": "playerdata.chat", "pk": 8, "fields": {"chat_name": "My clan2"}}, {"model": "playerdata.chat", "pk": 9, "fields": {"chat_name": "My clan3"}}, {"model": "playerdata.chat", "pk": 11, "fields": {"chat_name": ""}}, {"model": "playerdata.chatmessage", "pk": 1, "fields": {"chat": 1, "message": "hello", "sender": 14, "sender_profile_picture_id": 0, "time_send": "2020-04-23T01:29:09Z"}}, {"model": "playerdata.chatmessage", "pk": 2, "fields": {"chat": 1, "message": "hello2", "sender": 14, "sender_profile_picture_id": 0, "time_send": "2020-04-23T01:30:40.742Z"}}, {"model": "playerdata.chatmessage", "pk": 3, "fields": {"chat": 1, "message": "test2", "sender": 14, "sender_profile_picture_id": 0, "time_send": "2020-04-23T03:48:42.568Z"}}, {"model": "playerdata.chatmessage", "pk": 4, "fields": {"chat": 1, "message": "latestmessage", "sender": 14, "sender_profile_picture_id": 0, "time_send": "2020-04-23T04:02:38.408Z"}}, {"model": "playerdata.chatmessage", "pk": 5, "fields": {"chat": 1, "message": "test", "sender": 14, "sender_profile_picture_id": 0, "time_send": "2020-04-23T04:20:45.081Z"}}, {"model": "playerdata.chatmessage", "pk": 6, "fields": {"chat": 1, "message": "test 1", "sender": 14, "sender_profile_picture_id": 0, "time_send": "2020-04-23T04:45:56.910Z"}}, {"model": "playerdata.chatmessage", "pk": 7, "fields": {"chat": 1, "message": "2", "sender": 14, "sender_profile_picture_id": 0, "time_send": "2020-04-23T04:45:59.098Z"}}, {"model": "playerdata.chatmessage", "pk": 8, "fields": {"chat": 1, "message": "4", "sender": 14, "sender_profile_picture_id": 0, "time_send": "2020-04-23T04:45:59.853Z"}}, {"model": "playerdata.chatmessage", "pk": 9, "fields": {"chat": 1, "message": "5", "sender": 14, "sender_profile_picture_id": 0, "time_send": "2020-04-23T04:46:04.293Z"}}, {"model": "playerdata.chatmessage", "pk": 10, "fields": {"chat": 1, "message": "6", "sender": 14, "sender_profile_picture_id": 0, "time_send": "2020-04-23T04:46:05.877Z"}}, {"model": "playerdata.chatmessage", "pk": 11, "fields": {"chat": 1, "message": "6", "sender": 14, "sender_profile_picture_id": 0, "time_send": "2020-04-23T04:46:07.146Z"}}, {"model": "playerdata.chatmessage", "pk": 12, "fields": {"chat": 1, "message": "7", "sender": 14, "sender_profile_picture_id": 0, "time_send": "2020-04-23T04:46:08.769Z"}}, {"model": "playerdata.chatmessage", "pk": 13, "fields": {"chat": 1, "message": "8", "sender": 14, "sender_profile_picture_id": 0, "time_send": "2020-04-23T04:46:10.630Z"}}, {"model": "playerdata.chatmessage", "pk": 14, "fields": {"chat": 1, "message": "9", "sender": 14, "sender_profile_picture_id": 0, "time_send": "2020-04-23T04:46:11.647Z"}}, {"model": "playerdata.chatmessage", "pk": 15, "fields": {"chat": 1, "message": "test", "sender": 14, "sender_profile_picture_id": 0, "time_send": "2020-04-23T06:50:02.633Z"}}, {"model": "playerdata.chatmessage", "pk": 16, "fields": {"chat": 1, "message": "hello", "sender": 14, "sender_profile_picture_id": 0, "time_send": "2020-04-23T06:50:07.137Z"}}, {"model": "playerdata.chatmessage", "pk": 17, "fields": {"chat": 1, "message": "test2", "sender": 14, "sender_profile_picture_id": 0, "time_send": "2020-04-23T06:52:52.237Z"}}, {"model": "playerdata.chatmessage", "pk": 18, "fields": {"chat": 1, "message": "test 3", "sender": 14, "sender_profile_picture_id": 0, "time_send": "2020-04-23T06:54:58.286Z"}}, {"model": "playerdata.chatmessage", "pk": 19, "fields": {"chat": 1, "message": "test 4", "sender": 14, "sender_profile_picture_id": 0, "time_send": "2020-04-23T06:56:07.085Z"}}, {"model": "playerdata.chatmessage", "pk": 20, "fields": {"chat": 1, "message": "test 5", "sender": 14, "sender_profile_picture_id": 0, "time_send": "2020-04-23T06:58:16.009Z"}}, {"model": "playerdata.chatmessage", "pk": 21, "fields": {"chat": 1, "message": "test 6", "sender": 14, "sender_profile_picture_id": 0, "time_send": "2020-04-23T06:58:20.604Z"}}, {"model": "playerdata.chatmessage", "pk": 22, "fields": {"chat": 1, "message": "test 7", "sender": 14, "sender_profile_picture_id": 0, "time_send": "2020-04-23T06:59:52.307Z"}}, {"model": "playerdata.chatmessage", "pk": 23, "fields": {"chat": 1, "message": "helllo", "sender": 14, "sender_profile_picture_id": 0, "time_send": "2020-04-23T16:59:01.603Z"}}, {"model": "playerdata.chatmessage", "pk": 24, "fields": {"chat": 1, "message": "hello", "sender": 14, "sender_profile_picture_id": 0, "time_send": "2020-04-23T16:59:06.208Z"}}, {"model": "playerdata.chatmessage", "pk": 25, "fields": {"chat": 1, "message": "test", "sender": 14, "sender_profile_picture_id": 0, "time_send": "2020-04-23T16:59:55.594Z"}}, {"model": "playerdata.chatmessage", "pk": 26, "fields": {"chat": 1, "message": "updating", "sender": 14, "sender_profile_picture_id": 0, "time_send": "2020-04-23T17:00:01.037Z"}}, {"model": "playerdata.chatmessage", "pk": 27, "fields": {"chat": 1, "message": "refresh", "sender": 14, "sender_profile_picture_id": 0, "time_send": "2020-04-23T17:00:12.508Z"}}, {"model": "playerdata.chatmessage", "pk": 28, "fields": {"chat": 1, "message": ".", "sender": 14, "sender_profile_picture_id": 0, "time_send": "2020-04-23T17:00:17.735Z"}}, {"model": "playerdata.chatmessage", "pk": 29, "fields": {"chat": 1, "message": "hello", "sender": 14, "sender_profile_picture_id": 0, "time_send": "2020-04-23T19:39:54.413Z"}}, {"model": "playerdata.chatmessage", "pk": 30, "fields": {"chat": 1, "message": "helllo", "sender": 14, "sender_profile_picture_id": 0, "time_send": "2020-04-24T04:06:40.092Z"}}, {"model": "playerdata.chatmessage", "pk": 31, "fields": {"chat": 1, "message": "hello 1", "sender": 14, "sender_profile_picture_id": 0, "time_send": "2020-04-24T04:14:59.806Z"}}, {"model": "playerdata.chatmessage", "pk": 32, "fields": {"chat": 1, "message": "hello 2", "sender": 14, "sender_profile_picture_id": 0, "time_send": "2020-04-24T04:15:05.342Z"}}, {"model": "playerdata.chatmessage", "pk": 33, "fields": {"chat": 1, "message": "new hello 1", "sender": 14, "sender_profile_picture_id": 0, "time_send": "2020-04-24T04:18:50.972Z"}}, {"model": "playerdata.chatmessage", "pk": 34, "fields": {"chat": 2, "message": "new hello 2", "sender": 14, "sender_profile_picture_id": 0, "time_send": "2020-04-24T04:18:58.227Z"}}, {"model": "playerdata.chatmessage", "pk": 35, "fields": {"chat": 2, "message": "hello 2 new", "sender": 14, "sender_profile_picture_id": 0, "time_send": "2020-04-26T20:36:04.030Z"}}, {"model": "playerdata.chatmessage", "pk": 36, "fields": {"chat": 1, "message": "hello there", "sender": 14, "sender_profile_picture_id": 0, "time_send": "2020-04-27T02:57:02.494Z"}}, {"model": "playerdata.chatmessage", "pk": 37, "fields": {"chat": 1, "message": "1", "sender": 14, "sender_profile_picture_id": 0, "time_send": "2020-04-27T23:26:04.666Z"}}, {"model": "playerdata.chatmessage", "pk": 38, "fields": {"chat": 1, "message": "2", "sender": 14, "sender_profile_picture_id": 0, "time_send": "2020-04-27T23:26:06.803Z"}}, {"model": "playerdata.chatmessage", "pk": 39, "fields": {"chat": 1, "message": "3", "sender": 14, "sender_profile_picture_id": 0, "time_send": "2020-04-27T23:26:07.792Z"}}, {"model": "playerdata.chatmessage", "pk": 40, "fields": {"chat": 1, "message": "4", "sender": 14, "sender_profile_picture_id": 0, "time_send": "2020-04-27T23:26:09.105Z"}}, {"model": "playerdata.chatmessage", "pk": 41, "fields": {"chat": 1, "message": "5", "sender": 14, "sender_profile_picture_id": 0, "time_send": "2020-04-27T23:26:09.991Z"}}, {"model": "playerdata.chatmessage", "pk": 42, "fields": {"chat": 1, "message": "6", "sender": 14, "sender_profile_picture_id": 0, "time_send": "2020-04-27T23:26:11.168Z"}}, {"model": "playerdata.chatmessage", "pk": 43, "fields": {"chat": 1, "message": "7", "sender": 14, "sender_profile_picture_id": 0, "time_send": "2020-04-27T23:26:12.419Z"}}, {"model": "playerdata.chatmessage", "pk": 44, "fields": {"chat": 1, "message": "8", "sender": 14, "sender_profile_picture_id": 0, "time_send": "2020-04-27T23:26:13.413Z"}}, {"model": "playerdata.chatmessage", "pk": 45, "fields": {"chat": 1, "message": "9", "sender": 14, "sender_profile_picture_id": 0, "time_send": "2020-04-27T23:26:14.346Z"}}, {"model": "playerdata.chatmessage", "pk": 46, "fields": {"chat": 1, "message": "10", "sender": 14, "sender_profile_picture_id": 0, "time_send": "2020-04-27T23:26:15.675Z"}}, {"model": "playerdata.chatmessage", "pk": 47, "fields": {"chat": 1, "message": "11", "sender": 14, "sender_profile_picture_id": 0, "time_send": "2020-04-27T23:26:16.591Z"}}, {"model": "playerdata.chatmessage", "pk": 48, "fields": {"chat": 1, "message": "12", "sender": 14, "sender_profile_picture_id": 0, "time_send": "2020-04-27T23:26:18.473Z"}}, {"model": "playerdata.chatmessage", "pk": 49, "fields": {"chat": 1, "message": "13", "sender": 14, "sender_profile_picture_id": 0, "time_send": "2020-04-27T23:26:19.728Z"}}, {"model": "playerdata.chatmessage", "pk": 50, "fields": {"chat": 1, "message": "14", "sender": 14, "sender_profile_picture_id": 0, "time_send": "2020-04-27T23:26:20.967Z"}}, {"model": "playerdata.chatmessage", "pk": 51, "fields": {"chat": 1, "message": "15", "sender": 14, "sender_profile_picture_id": 0, "time_send": "2020-04-27T23:26:22.075Z"}}, {"model": "playerdata.chatmessage", "pk": 52, "fields": {"chat": 1, "message": "16", "sender": 14, "sender_profile_picture_id": 0, "time_send": "2020-04-27T23:26:23.288Z"}}, {"model": "playerdata.chatmessage", "pk": 53, "fields": {"chat": 1, "message": "17", "sender": 14, "sender_profile_picture_id": 0, "time_send": "2020-04-27T23:26:25.246Z"}}, {"model": "playerdata.chatmessage", "pk": 54, "fields": {"chat": 1, "message": "18", "sender": 14, "sender_profile_picture_id": 0, "time_send": "2020-04-27T23:26:26.542Z"}}, {"model": "playerdata.chatmessage", "pk": 55, "fields": {"chat": 1, "message": "19", "sender": 14, "sender_profile_picture_id": 0, "time_send": "2020-04-27T23:26:27.992Z"}}, {"model": "playerdata.chatmessage", "pk": 56, "fields": {"chat": 1, "message": "20", "sender": 14, "sender_profile_picture_id": 0, "time_send": "2020-04-27T23:26:29.263Z"}}, {"model": "playerdata.chatmessage", "pk": 57, "fields": {"chat": 1, "message": "21", "sender": 14, "sender_profile_picture_id": 0, "time_send": "2020-04-27T23:26:30.369Z"}}, {"model": "playerdata.chatmessage", "pk": 58, "fields": {"chat": 1, "message": "22", "sender": 14, "sender_profile_picture_id": 0, "time_send": "2020-04-27T23:26:32.218Z"}}, {"model": "playerdata.chatmessage", "pk": 59, "fields": {"chat": 1, "message": "23", "sender": 14, "sender_profile_picture_id": 0, "time_send": "2020-04-27T23:26:34.362Z"}}, {"model": "playerdata.chatmessage", "pk": 60, "fields": {"chat": 1, "message": "24", "sender": 14, "sender_profile_picture_id": 0, "time_send": "2020-04-27T23:26:36.822Z"}}, {"model": "playerdata.chatmessage", "pk": 61, "fields": {"chat": 1, "message": "25", "sender": 14, "sender_profile_picture_id": 0, "time_send": "2020-04-27T23:26:38.304Z"}}, {"model": "playerdata.chatmessage", "pk": 62, "fields": {"chat": 1, "message": "26", "sender": 14, "sender_profile_picture_id": 0, "time_send": "2020-04-27T23:26:40.788Z"}}, {"model": "playerdata.chatmessage", "pk": 63, "fields": {"chat": 1, "message": "27", "sender": 14, "sender_profile_picture_id": 0, "time_send": "2020-04-27T23:26:41.918Z"}}, {"model": "playerdata.chatmessage", "pk": 64, "fields": {"chat": 1, "message": "28", "sender": 14, "sender_profile_picture_id": 0, "time_send": "2020-04-27T23:26:43.017Z"}}, {"model": "playerdata.chatmessage", "pk": 65, "fields": {"chat": 1, "message": "29", "sender": 14, "sender_profile_picture_id": 0, "time_send": "2020-04-27T23:26:44.996Z"}}, {"model": "playerdata.chatmessage", "pk": 66, "fields": {"chat": 1, "message": "30", "sender": 14, "sender_profile_picture_id": 0, "time_send": "2020-04-27T23:26:47Z"}}, {"model": "playerdata.chatmessage", "pk": 70, "fields": {"chat": 1, "message": "hello", "sender": 14, "sender_profile_picture_id": 0, "time_send": "2020-05-31T18:42:20.711Z"}}, {"model": "playerdata.chatmessage", "pk": 71, "fields": {"chat": 1, "message": "hello mr wang", "sender": 21, "sender_profile_picture_id": 0, "time_send": "2020-06-02T19:30:29.390Z"}}, {"model": "playerdata.chatmessage", "pk": 72, "fields": {"chat": 1, "message": "how are you", "sender": 21, "sender_profile_picture_id": 0, "time_send": "2020-06-02T19:30:33.834Z"}}, {"model": "playerdata.chatmessage", "pk": 73, "fields": {"chat": 2, "message": "Hello", "sender": 14, "sender_profile_picture_id": 0, "time_send": "2020-06-02T21:49:00.570Z"}}, {"model": "playerdata.chatmessage", "pk": 74, "fields": {"chat": 2, "message": "1", "sender": 14, "sender_profile_picture_id": 0, "time_send": "2020-06-02T21:49:26.577Z"}}, {"model": "playerdata.chatmessage", "pk": 75, "fields": {"chat": 2, "message": "2", "sender": 14, "sender_profile_picture_id": 0, "time_send": "2020-06-02T21:49:41.038Z"}}, {"model": "playerdata.chatmessage", "pk": 76, "fields": {"chat": 1, "message": "hello", "sender": 21, "sender_profile_picture_id": 0, "time_send": "2020-06-02T23:26:42.737Z"}}, {"model": "playerdata.chatmessage", "pk": 77, "fields": {"chat": 1, "message": "party in my dorm", "sender": 21, "sender_profile_picture_id": 0, "time_send": "2020-06-04T03:25:19.140Z"}}, {"model": "playerdata.chatmessage", "pk": 78, "fields": {"chat": 1, "message": "test", "sender": 14, "sender_profile_picture_id": 0, "time_send": "2020-06-04T16:27:44.022Z"}}, {"model": "playerdata.chatmessage", "pk": 79, "fields": {"chat": 1, "message": "big money", "sender": 21, "sender_profile_picture_id": 0, "time_send": "2020-06-04T17:52:58.115Z"}}, {"model": "playerdata.chatmessage", "pk": 80, "fields": {"chat": 1, "message": "hello mr. wu", "sender": 14, "sender_profile_picture_id": 0, "time_send": "2020-06-04T17:54:51.745Z"}}, {"model": "playerdata.chatmessage", "pk": 81, "fields": {"chat": 1, "message": "hello again mr daniel", "sender": 21, "sender_profile_picture_id": 0, "time_send": "2020-06-05T19:59:33.567Z"}}, {"model": "playerdata.chatmessage", "pk": 82, "fields": {"chat": 9, "message": "text", "sender": 14, "sender_profile_picture_id": 0, "time_send": "2020-06-09T03:26:59.967Z"}}, {"model": "playerdata.chatmessage", "pk": 83, "fields": {"chat": 1, "message": "text", "sender": 14, "sender_profile_picture_id": 0, "time_send": "2020-06-09T03:27:05.819Z"}}, {"model": "playerdata.chatmessage", "pk": 84, "fields": {"chat": 1, "message": "hello again", "sender": 21, "sender_profile_picture_id": 0, "time_send": "2020-06-13T22:21:30.960Z"}}, {"model": "playerdata.chatmessage", "pk": 85, "fields": {"chat": 1, "message": "jim is here", "sender": 21, "sender_profile_picture_id": 0, "time_send": "2020-06-13T22:21:35.648Z"}}, {"model": "playerdata.chatmessage", "pk": 86, "fields": {"chat": 1, "message": "this is wilson", "sender": 21, "sender_profile_picture_id": 0, "time_send": "2020-06-26T17:49:15.155Z"}}, {"model": "playerdata.chatmessage", "pk": 87, "fields": {"chat": 1, "message": "this is wilson here with yan", "sender": 21, "sender_profile_picture_id": 0, "time_send": "2020-07-31T23:47:37.973Z"}}, {"model": "playerdata.chatmessage", "pk": 88, "fields": {"chat": 11, "message": "hello my dearest friend", "sender": 21, "sender_profile_picture_id": 0, "time_send": "2020-08-28T06:42:25.300Z"}}, {"model": "playerdata.chatmessage", "pk": 89, "fields": {"chat": 11, "message": "tester", "sender": 21, "sender_profile_picture_id": 0, "time_send": "2020-08-28T17:19:29.771Z"}}, {"model": "playerdata.chatmessage", "pk": 90, "fields": {"chat": 11, "message": "Hello", "sender": 21, "sender_profile_picture_id": 0, "time_send": "2020-08-28T18:16:01.957Z"}}, {"model": "playerdata.chatmessage", "pk": 91, "fields": {"chat": 1, "message": "test", "sender": 21, "sender_profile_picture_id": 0, "time_send": "2020-08-28T22:03:46.646Z"}}, {"model": "playerdata.chatmessage", "pk": 92, "fields": {"chat": 1, "message": "yello", "sender": 21, "sender_profile_picture_id": 0, "time_send": "2020-08-28T22:04:01.552Z"}}, {"model": "playerdata.chatmessage", "pk": 93, "fields": {"chat": 1, "message": "testad", "sender": 21, "sender_profile_picture_id": 0, "time_send": "2020-09-07T18:34:24.985Z"}}, {"model": "playerdata.chatmessage", "pk": 94, "fields": {"chat": 1, "message": "testwilson", "sender": 21, "sender_profile_picture_id": 0, "time_send": "2020-09-08T21:50:34.211Z"}}, {"model": "playerdata.chatmessage", "pk": 95, "fields": {"chat": 2, "message": "test2", "sender": 21, "sender_profile_picture_id": 0, "time_send": "2020-09-08T21:50:38.600Z"}}, {"model": "playerdata.chatmessage", "pk": 96, "fields": {"chat": 11, "message": "hello me", "sender": 21, "sender_profile_picture_id": 0, "time_send": "2020-09-08T21:50:43.163Z"}}, {"model": "playerdata.chatmessage", "pk": 97, "fields": {"chat": 1, "message": "testad4", "sender": 21, "sender_profile_picture_id": 0, "time_send": "2020-09-10T15:09:30.815Z"}}, {"model": "playerdata.chatmessage", "pk": 98, "fields": {"chat": 1, "message": "test play internal ad", "sender": 21, "sender_profile_picture_id": 0, "time_send": "2020-09-14T15:46:06.774Z"}}, {"model": "playerdata.chatlastreadmessage", "pk": 2, "fields": {"chat": 1, "user": 14, "time_send": "2020-06-09T03:27:05.819Z"}}, {"model": "playerdata.chatlastreadmessage", "pk": 3, "fields": {"chat": 1, "user": 21, "time_send": "2020-09-14T15:46:06.774Z"}}, {"model": "playerdata.chatlastreadmessage", "pk": 4, "fields": {"chat": 2, "user": 14, "time_send": "2020-06-02T21:49:41.038Z"}}, {"model": "playerdata.chatlastreadmessage", "pk": 5, "fields": {"chat": 9, "user": 14, "time_send": "2020-06-09T03:26:59.996Z"}}, {"model": "playerdata.chatlastreadmessage", "pk": 6, "fields": {"chat": 11, "user": 21, "time_send": "2020-09-08T21:50:43.163Z"}}, {"model": "playerdata.chatlastreadmessage", "pk": 7, "fields": {"chat": 2, "user": 21, "time_send": "2020-09-08T21:50:38.600Z"}}, {"model": "playerdata.friend", "pk": 8, "fields": {"user_1": 21, "user_2": 14, "chat": 11}}, {"model": "playerdata.friendrequest", "pk": 11, "fields": {"user": 21, "target": 14}}, {"model": "playerdata.clan2", "pk": 1, "fields": {"name": "My clan", "description": "my clan description", "chat": 7, "time_started": "2021-04-12T04:42:58.138Z", "elo": 0, "profile_picture": 0, "num_members": 0, "cap": 30, "exp": 0}}, {"model": "playerdata.clan2", "pk": 2, "fields": {"name": "My clan2", "description": "my clan description", "chat": 8, "time_started": "2021-04-12T04:42:58.145Z", "elo": 0, "profile_picture": 0, "num_members": 0, "cap": 30, "exp": 0}}, {"model": "playerdata.clan2", "pk": 3, "fields": {"name": "My clan3", "description": "New Description", "chat": 9, "time_started": "2021-04-12T04:42:58.149Z", "elo": 420, "profile_picture": 4, "num_members": 0, "cap": 30, "exp": 0}}, {"model": "playerdata.clanmember", "pk": 1, "fields": {"clan2": null, "is_elder": false, "is_admin": false, "is_owner": false, "pve_character_lending": "[]", "last_farm_reward": "2021-08-31"}}, {"model": "playerdata.clanmember", "pk": 2, "fields": {"clan2": null, "is_elder": false, "is_admin": false, "is_owner": false, "pve_character_lending": "[]", "last_farm_reward": "2021-08-31"}}, {"model": "playerdata.clanmember", "pk": 3, "fields": {"clan2": null, "is_elder": false, "is_admin": false, "is_owner": false, "pve_character_lending": "[]", "last_farm_reward": "2021-08-31"}}, {"model": "playerdata.clanmember", "pk": 12, "fields": {"clan2": null, "is_elder": false, "is_admin": false, "is_owner": false, "pve_character_lending": "[]", "last_farm_reward": "2021-08-31"}}, {"model": "playerdata.clanmember", "pk": 13, "fields": {"clan2": null, "is_elder": false, "is_admin": false, "is_owner": false, "pve_character_lending": "[]", "last_farm_reward": "2021-08-31"}}, {"model": "playerdata.clanmember", "pk": 14, "fields": {"clan2": 3, "is_elder": false, "is_admin": true, "is_owner": true, "pve_character_lending": "[]", "last_farm_reward": "2021-08-31"}}, {"model": "playerdata.clanmember", "pk": 15, "fields": {"clan2": null, "is_elder": false, "is_admin": false, "is_owner": false, "pve_character_lending": "[]", "last_farm_reward": "2021-08-31"}}, {"model": "playerdata.clanmember", "pk": 16, "fields": {"clan2": null, "is_elder": false, "is_admin": false, "is_owner": false, "pve_character_lending": "[]", "last_farm_reward": "2021-08-31"}}, {"model": "playerdata.clanmember", "pk": 17, "fields": {"clan2": null, "is_elder": false, "is_admin": false, "is_owner": false, "pve_character_lending": "[]", "last_farm_reward": "2021-08-31"}}, {"model": "playerdata.clanmember", "pk": 18, "fields": {"clan2": null, "is_elder": false, "is_admin": false, "is_owner": false, "pve_character_lending": "[]", "last_farm_reward": "2021-08-31"}}, {"model": "playerdata.clanmember", "pk": 19, "fields": {"clan2": null, "is_elder": false, "is_admin": false, "is_owner": false, "pve_character_lending": "[]", "last_farm_reward": "2021-08-31"}}, {"model": "playerdata.clanmember", "pk": 20, "fields": {"clan2": null, "is_elder": false, "is_admin": false, "is_owner": false, "pve_character_lending": "[]", "last_farm_reward": "2021-08-31"}}, {"model": "playerdata.clanmember", "pk": 21, "fields": {"clan2": null, "is_elder": false, "is_admin": false, "is_owner": false, "pve_character_lending": "[]", "last_farm_reward": "2021-08-31"}}, {"model": "playerdata.clanmember", "pk": 22, "fields": {"clan2": null, "is_elder": false, "is_admin": false, "is_owner": false, "pve_character_lending": "[]", "last_farm_reward": "2021-08-31"}}, {"model": "playerdata.clanmember", "pk": 23, "fields": {"clan2": null, "is_elder": false, "is_admin": false, "is_owner": false, "pve_character_lending": "[]", "last_farm_reward": "2021-08-31"}}, {"model": "playerdata.clanmember", "pk": 24, "fields": {"clan2": null, "is_elder": false, "is_admin": false, "is_owner": false, "pve_character_lending": "[]", "last_farm_reward": "2021-08-31"}}, {"model": "playerdata.clanmember", "pk": 25, "fields": {"clan2": null, "is_elder": false, "is_admin": false, "is_owner": false, "pve_character_lending": "[]", "last_farm_reward": "2021-08-31"}}, {"model": "playerdata.clanmember", "pk": 26, "fields": {"clan2": null, "is_elder": false, "is_admin": false, "is_owner": false, "pve_character_lending": "[]", "last_farm_reward": "2021-08-31"}}, {"model": "playerdata.clanmember", "pk": 27, "fields": {"clan2": null, "is_elder": false, "is_admin": false, "is_owner": false, "pve_character_lending": "[]", "last_farm_reward": "2021-08-31"}}, {"model": "playerdata.clanmember", "pk": 28, "fields": {"clan2": null, "is_elder": false, "is_admin": false, "is_owner": false, "pve_character_lending": "[]", "last_farm_reward": "2021-08-31"}}, {"model": "playerdata.clanmember", "pk": 29, "fields": {"clan2": null, "is_elder": false, "is_admin": false, "is_owner": false, "pve_character_lending": "[]", "last_farm_reward": "2021-08-31"}}, {"model": "playerdata.clanmember", "pk": 30, "fields": {"clan2": null, "is_elder": false, "is_admin": false, "is_owner": false, "pve_character_lending": "[]", "last_farm_reward": "2021-08-31"}}, {"model": "playerdata.clanmember", "pk": 31, "fields": {"clan2": null, "is_elder": false, "is_admin": false, "is_owner": false, "pve_character_lending": "[]", "last_farm_reward": "2021-08-31"}}, {"model": "playerdata.clanmember", "pk": 32, "fields": {"clan2": null, "is_elder": false, "is_admin": false, "is_owner": false, "pve_character_lending": "[]", "last_farm_reward": "2021-08-31"}}, {"model": "playerdata.clanmember", "pk": 33, "fields": {"clan2": null, "is_elder": false, "is_admin": false, "is_owner": false, "pve_character_lending": "[]", "last_farm_reward": "2021-08-31"}}, {"model": "playerdata.clanmember", "pk": 34, "fields": {"clan2": null, "is_elder": false, "is_admin": false, "is_owner": false, "pve_character_lending": "[]", "last_farm_reward": "2021-08-31"}}, {"model": "playerdata.clanmember", "pk": 35, "fields": {"clan2": null, "is_elder": false, "is_admin": false, "is_owner": false, "pve_character_lending": "[]", "last_farm_reward": "2021-08-31"}}, {"model": "playerdata.clanmember", "pk": 36, "fields": {"clan2": null, "is_elder": false, "is_admin": false, "is_owner": false, "pve_character_lending": "[]", "last_farm_reward": "2021-08-31"}}, {"model": "playerdata.clanrequest", "pk": 4, "fields": {"userinfo": 21, "clan2": 3}}, {"model": "playerdata.dungeonstage", "pk": 1, "fields": {"stage": null, "mob": 7, "player_exp": 10, "coins": 50, "gems": 0, "dungeon_type": 0, "story_text": ""}}, {"model": "playerdata.dungeonstage", "pk": 2, "fields": {"stage": null, "mob": 7, "player_exp": 20, "coins": 100, "gems": 1, "dungeon_type": 0, "story_text": ""}}, {"model": "playerdata.dungeonprogress", "pk": 1, "fields": {"campaign_stage": 1, "tower_stage": 1}}, {"model": "playerdata.dungeonprogress", "pk": 2, "fields": {"campaign_stage": 1, "tower_stage": 1}}, {"model": "playerdata.dungeonprogress", "pk": 3, "fields": {"campaign_stage": 1, "tower_stage": 1}}, {"model": "playerdata.dungeonprogress", "pk": 12, "fields": {"campaign_stage": 1, "tower_stage": 1}}, {"model": "playerdata.dungeonprogress", "pk": 13, "fields": {"campaign_stage": 1, "tower_stage": 1}}, {"model": "playerdata.dungeonprogress", "pk": 14, "fields": {"campaign_stage": 1, "tower_stage": 1}}, {"model": "playerdata.dungeonprogress", "pk": 15, "fields": {"campaign_stage": 1, "tower_stage": 1}}, {"model": "playerdata.dungeonprogress", "pk": 16, "fields": {"campaign_stage": 1, "tower_stage": 1}}, {"model": "playerdata.dungeonprogress", "pk": 17, "fields": {"campaign_stage": 1, "tower_stage": 1}}, {"model": "playerdata.dungeonprogress", "pk": 18, "fields": {"campaign_stage": 1, "tower_stage": 1}}, {"model": "playerdata.dungeonprogress", "pk": 19, "fields": {"campaign_stage": 1, "tower_stage": 1}}, {"model": "playerdata.dungeonprogress", "pk": 20, "fields": {"campaign_stage": 1, "tower_stage": 1}}, {"model": "playerdata.dungeonprogress", "pk": 21, "fields": {"campaign_stage": 3, "tower_stage": 1}}, {"model": "playerdata.dungeonprogress", "pk": 22, "fields": {"campaign_stage": 1, "tower_stage": 1}}, {"model": "playerdata.dungeonprogress", "pk": 23, "fields": {"campaign_stage": 1, "tower_stage": 1}}, {"model": "playerdata.dungeonprogress", "pk": 24, "fields": {"campaign_stage": 1, "tower_stage": 1}}, {"model": "playerdata.dungeonprogress", "pk": 25, "fields": {"campaign_stage": 1, "tower_stage": 1}}, {"model": "playerdata.dungeonprogress", "pk": 26, "fields": {"campaign_stage": 1, "tower_stage": 1}}, {"model": "playerdata.dungeonprogress", "pk": 27, "fields": {"campaign_stage": 1, "tower_stage": 1}}, {"model": "playerdata.dungeonprogress", "pk": 28, "fields": {"campaign_stage": 1, "tower_stage": 1}}, {"model": "playerdata.dungeonprogress", "pk": 29, "fields": {"campaign_stage": 1, "tower_stage": 1}}, {"model": "playerdata.dungeonprogress", "pk": 30, "fields": {"campaign_stage": 1, "tower_stage": 1}}, {"model": "playerdata.dungeonprogress", "pk": 31, "fields": {"campaign_stage": 1, "tower_stage": 1}}, {"model": "playerdata.dungeonprogress", "pk": 32, "fields": {"campaign_stage": 1, "tower_stage": 1}}, {"model": "playerdata.dungeonprogress", "pk": 33, "fields": {"campaign_stage": 1, "tower_stage": 1}}, {"model": "playerdata.dungeonprogress", "pk": 34, "fields": {"campaign_stage": 1, "tower_stage": 1}}, {"model": "playerdata.dungeonprogress", "pk": 35, "fields": {"campaign_stage": 1, "tower_stage": 1}}, {"model": "playerdata.dungeonprogress", "pk": 36, "fields": {"campaign_stage": 1, "tower_stage": 1}}, {"model": "playerdata.basequest", "pk": 1, "fields": {"title": "Deal 5k damage", "type": 0, "total": 5000, "gems": 5, "coins": 500, "dust": 0, "points": 0, "item_type": null, "char_type": null}}, {"model": "playerdata.basequest", "pk": 2, "fields": {"title": "Deal 15k damage", "type": 0, "total": 15000, "gems": 5, "coins": 500, "dust": 0, "points": 0, "item_type": null, "char_type": null}}, {"model": "playerdata.basequest", "pk": 3, "fields": {"title": "Deal 30k damage", "type": 0, "total": 30000, "gems": 5, "coins": 500, "dust": 0, "points": 0, "item_type": null, "char_type": null}}, {"model": "playerdata.basequest", "pk": 4, "fields": {"title": "Make a friend", "type": 10, "total": 1, "gems": 100, "coins": 500, "dust": 0, "points": 0, "item_type": null, "char_type": null}}, {"model": "playerdata.basequest", "pk": 5, "fields": {"title": "Win 5 QuickPlay games", "type": 11, "total": 5, "gems": 5, "coins": 500, "dust": 0, "points": 0, "item_type": null, "char_type": null}}, {"model": "playerdata.basequest", "pk": 6, "fields": {"title": "Win 5 Dungeon games", "type": 12, "total": 5, "gems": 5, "coins": 500, "dust": 0, "points": 0, "item_type": null, "char_type": null}}, {"model": "playerdata.basequest", "pk": 7, "fields": {"title": "Join the Discord!", "type": 5, "total": 1, "gems": 200, "coins": 500, "dust": 0, "points": 0, "item_type": null, "char_type": null}}, {"model": "playerdata.basequest", "pk": 8, "fields": {"title": "Refer a friend", "type": 16, "total": 1, "gems": 500, "coins": 1000, "dust": 0, "points": 0, "item_type": null, "char_type": null}}, {"model": "playerdata.basequest", "pk": 9, "fields": {"title": "Win 1 QuickPlay game", "type": 11, "total": 1, "gems": 30, "coins": 100, "dust": 0, "points": 0, "item_type": null, "char_type": null}}, {"model": "playerdata.basequest", "pk": 10, "fields": {"title": "Win 1 Dungeon game", "type": 12, "total": 1, "gems": 30, "coins": 100, "dust": 0, "points": 0, "item_type": null, "char_type": null}}, {"model": "playerdata.basequest", "pk": 11, "fields": {"title": "Win 20 QuickPlay games", "type": 11, "total": 20, "gems": 600, "coins": 500, "dust": 0, "points": 0, "item_type": null, "char_type": null}}, {"model": "playerdata.basequest", "pk": 12, "fields": {"title": "Win 20 Dungeon games", "type": 12, "total": 20, "gems": 500, "coins": 1000, "dust": 0, "points": 0, "item_type": null, "char_type": null}}, {"model": "playerdata.basequest", "pk": 13, "fields": {"title": "Buy an item from shop", "type": 4, "total": 1, "gems": 400, "coins": 0, "dust": 0, "points": 0, "item_type": null, "char_type": null}}, {"model": "playerdata.basequest", "pk": 14, "fields": {"title": "Own 10 heroes", "type": 13, "total": 10, "gems": 500, "coins": 1000, "dust": 0, "points": 0, "item_type": null, "char_type": null}}, {"model": "playerdata.basequest", "pk": 15, "fields": {"title": "Own 15 heroes", "type": 13, "total": 15, "gems": 500, "coins": 1000, "dust": 0, "points": 0, "item_type": null, "char_type": null}}, {"model": "playerdata.basequest", "pk": 16, "fields": {"title": "Own 20 heroes", "type": 13, "total": 20, "gems": 500, "coins": 1000, "dust": 0, "points": 0, "item_type": null, "char_type": null}}, {"model": "playerdata.basequest", "pk": 17, "fields": {"title": "Win 5 QuickPlay games with Viking", "type": 100, "total": 5, "gems": 500, "coins": 1000, "dust": 0, "points": 0, "item_type": null, "char_type": null}}, {"model": "playerdata.basequest", "pk": 18, "fields": {"title": "Win 5 QuickPlay games with Archer", "type": 101, "total": 5, "gems": 500, "coins": 1000, "dust": 0, "points": 0, "item_type": null, "char_type": null}}, {"model": "playerdata.basequest", "pk": 19, "fields": {"title": "Win 5 QuickPlay games with Mage", "type": 102, "total": 5, "gems": 500, "coins": 1000, "dust": 0, "points": 0, "item_type": null, "char_type": null}}, {"model": "playerdata.basequest", "pk": 20, "fields": {"title": "Win 5 QuickPlay games with Swordsman", "type": 103, "total": 5, "gems": 500, "coins": 1000, "dust": 0, "points": 0, "item_type": null, "char_type": null}}, {"model": "playerdata.basequest", "pk": 21, "fields": {"title": "Win 5 QuickPlay games with Hammer Knight", "type": 104, "total": 5, "gems": 500, "coins": 1000, "dust": 0, "points": 0, "item_type": null, "char_type": null}}, {"model": "playerdata.basequest", "pk": 22, "fields": {"title": "Win 5 QuickPlay games with Golem", "type": 105, "total": 5, "gems": 500, "coins": 1000, "dust": 0, "points": 0, "item_type": null, "char_type": null}}, {"model": "playerdata.basequest", "pk": 23, "fields": {"title": "Win 5 QuickPlay games with Pirate", "type": 106, "total": 5, "gems": 500, "coins": 1000, "dust": 0, "points": 0, "item_type": null, "char_type": null}}, {"model": "playerdata.basequest", "pk": 24, "fields": {"title": "Win 5 QuickPlay games with Ninja", "type": 107, "total": 5, "gems": 500, "coins": 1000, "dust": 0, "points": 0, "item_type": null, "char_type": null}}, {"model": "playerdata.basequest", "pk": 25, "fields": {"title": "Win 5 QuickPlay games with Chef", "type": 107, "total": 5, "gems": 500, "coins": 1000, "dust": 0, "points": 0, "item_type": null, "char_type": null}}, {"model": "playerdata.basequest", "pk": 26, "fields": {"title": "Win 5 QuickPlay games with Fire Bender", "type": 109, "total": 5, "gems": 500, "coins": 1000, "dust": 0, "points": 0, "item_type": null, "char_type": null}}, {"model": "playerdata.playerquestcumulative2", "pk": 1, "fields": {"completed_quests": "[]", "claimed_quests": "[]"}}, {"model": "playerdata.playerquestcumulative2", "pk": 2, "fields": {"completed_quests": "[]", "claimed_quests": "[]"}}, {"model": "playerdata.playerquestcumulative2", "pk": 3, "fields": {"completed_quests": "[]", "claimed_quests": "[]"}}, {"model": "playerdata.playerquestcumulative2", "pk": 12, "fields": {"completed_quests": "[]", "claimed_quests": "[]"}}, {"model": "playerdata.playerquestcumulative2", "pk": 13, "fields": {"completed_quests": "[]", "claimed_quests": "[]"}}, {"model": "playerdata.playerquestcumulative2", "pk": 14, "fields": {"completed_quests": "[]", "claimed_quests": "[]"}}, {"model": "playerdata.playerquestcumulative2", "pk": 15, "fields": {"completed_quests": "[]", "claimed_quests": "[]"}}, {"model": "playerdata.playerquestcumulative2", "pk": 16, "fields": {"completed_quests": "[]", "claimed_quests": "[]"}}, {"model": "playerdata.playerquestcumulative2", "pk": 17, "fields": {"completed_quests": "[]", "claimed_quests": "[]"}}, {"model": "playerdata.playerquestcumulative2", "pk": 18, "fields": {"completed_quests": "[]", "claimed_quests": "[]"}}, {"model": "playerdata.playerquestcumulative2", "pk": 19, "fields": {"completed_quests": "[]", "claimed_quests": "[]"}}, {"model": "playerdata.playerquestcumulative2", "pk": 20, "fields": {"completed_quests": "[]", "claimed_quests": "[]"}}, {"model": "playerdata.playerquestcumulative2", "pk": 21, "fields": {"completed_quests": "[]", "claimed_quests": "[]"}}, {"model": "playerdata.playerquestcumulative2", "pk": 22, "fields": {"completed_quests": "[]", "claimed_quests": "[]"}}, {"model": "playerdata.playerquestcumulative2", "pk": 23, "fields": {"completed_quests": "[]", "claimed_quests": "[]"}}, {"model": "playerdata.playerquestcumulative2", "pk": 24, "fields": {"completed_quests": "[]", "claimed_quests": "[]"}}, {"model": "playerdata.playerquestcumulative2", "pk": 25, "fields": {"completed_quests": "[]", "claimed_quests": "[]"}}, {"model": "playerdata.playerquestcumulative2", "pk": 26, "fields": {"completed_quests": "[]", "claimed_quests": "[]"}}, {"model": "playerdata.playerquestcumulative2", "pk": 27, "fields": {"completed_quests": "[]", "claimed_quests": "[]"}}, {"model": "playerdata.playerquestcumulative2", "pk": 28, "fields": {"completed_quests": "[]", "claimed_quests": "[]"}}, {"model": "playerdata.playerquestcumulative2", "pk": 29, "fields": {"completed_quests": "[]", "claimed_quests": "[]"}}, {"model": "playerdata.playerquestcumulative2", "pk": 30, "fields": {"completed_quests": "[]", "claimed_quests": "[]"}}, {"model": "playerdata.playerquestcumulative2", "pk": 31, "fields": {"completed_quests": "[]", "claimed_quests": "[]"}}, {"model": "playerdata.playerquestcumulative2", "pk": 32, "fields": {"completed_quests": "[]", "claimed_quests": "[]"}}, {"model": "playerdata.playerquestcumulative2", "pk": 33, "fields": {"completed_quests": "[]", "claimed_quests": "[]"}}, {"model": "playerdata.playerquestcumulative2", "pk": 34, "fields": {"completed_quests": "[]", "claimed_quests": "[]"}}, {"model": "playerdata.playerquestcumulative2", "pk": 35, "fields": {"completed_quests": "[]", "claimed_quests": "[]"}}, {"model": "playerdata.playerquestcumulative2", "pk": 36, "fields": {"completed_quests": "[]", "claimed_quests": "[]"}}, {"model": "playerdata.playerquestdaily", "pk": 501, "fields": {"base_quest": 9, "user": 25, "progress": 0, "completed": false, "claimed": false, "expiration_date": "2020-09-18T00:00:00Z"}}, {"model": "playerdata.playerquestdaily", "pk": 502, "fields": {"base_quest": 9, "user": 2, "progress": 0, "completed": false, "claimed": false, "expiration_date": "2020-09-18T00:00:00Z"}}, {"model": "playerdata.playerquestdaily", "pk": 503, "fields": {"base_quest": 9, "user": 3, "progress": 0, "completed": false, "claimed": false, "expiration_date": "2020-09-18T00:00:00Z"}}, {"model": "playerdata.playerquestdaily", "pk": 504, "fields": {"base_quest": 9, "user": 26, "progress": 0, "completed": false, "claimed": false, "expiration_date": "2020-09-18T00:00:00Z"}}, {"model": "playerdata.playerquestdaily", "pk": 505, "fields": {"base_quest": 9, "user": 27, "progress": 0, "completed": false, "claimed": false, "expiration_date": "2020-09-18T00:00:00Z"}}, {"model": "playerdata.playerquestdaily", "pk": 506, "fields": {"base_quest": 9, "user": 21, "progress": 0, "completed": false, "claimed": false, "expiration_date": "2020-09-18T00:00:00Z"}}, {"model": "playerdata.playerquestdaily", "pk": 507, "fields": {"base_quest": 9, "user": 28, "progress": 0, "completed": false, "claimed": false, "expiration_date": "2020-09-18T00:00:00Z"}}, {"model": "playerdata.playerquestdaily", "pk": 508, "fields": {"base_quest": 9, "user": 22, "progress": 0, "completed": false, "claimed": false, "expiration_date": "2020-09-18T00:00:00Z"}}, {"model": "playerdata.playerquestdaily", "pk": 509, "fields": {"base_quest": 9, "user": 12, "progress": 0, "completed": false, "claimed": false, "expiration_date": "2020-09-18T00:00:00Z"}}, {"model": "playerdata.playerquestdaily", "pk": 510, "fields": {"base_quest": 9, "user": 13, "progress": 0, "completed": false, "claimed": false, "expiration_date": "2020-09-18T00:00:00Z"}}, {"model": "playerdata.playerquestdaily", "pk": 511, "fields": {"base_quest": 9, "user": 14, "progress": 0, "completed": false, "claimed": false, "expiration_date": "2020-09-18T00:00:00Z"}}, {"model": "playerdata.playerquestdaily", "pk": 512, "fields": {"base_quest": 9, "user": 15, "progress": 0, "completed": false, "claimed": false, "expiration_date": "2020-09-18T00:00:00Z"}}, {"model": "playerdata.playerquestdaily", "pk": 513, "fields": {"base_quest": 9, "user": 16, "progress": 0, "completed": false, "claimed": false, "expiration_date": "2020-09-18T00:00:00Z"}}, {"model": "playerdata.playerquestdaily", "pk": 514, "fields": {"base_quest": 9, "user": 17, "progress": 0, "completed": false, "claimed": false, "expiration_date": "2020-09-18T00:00:00Z"}}, {"model": "playerdata.playerquestdaily", "pk": 515, "fields": {"base_quest": 9, "user": 18, "progress": 0, "completed": false, "claimed": false, "expiration_date": "2020-09-18T00:00:00Z"}}, {"model": "playerdata.playerquestdaily", "pk": 516, "fields": {"base_quest": 9, "user": 19, "progress": 0, "completed": false, "claimed": false, "expiration_date": "2020-09-18T00:00:00Z"}}, {"model": "playerdata.playerquestdaily", "pk": 517, "fields": {"base_quest": 9, "user": 23, "progress": 0, "completed": false, "claimed": false, "expiration_date": "2020-09-18T00:00:00Z"}}, {"model": "playerdata.playerquestdaily", "pk": 518, "fields": {"base_quest": 9, "user": 1, "progress": 0, "completed": false, "claimed": false, "expiration_date": "2020-09-18T00:00:00Z"}}, {"model": "playerdata.playerquestdaily", "pk": 519, "fields": {"base_quest": 9, "user": 20, "progress": 0, "completed": false, "claimed": false, "expiration_date": "2020-09-18T00:00:00Z"}}, {"model": "playerdata.playerquestdaily", "pk": 520, "fields": {"base_quest": 9, "user": 24, "progress": 0, "completed": false, "claimed": false, "expiration_date": "2020-09-18T00:00:00Z"}}, {"model": "playerdata.playerquestdaily", "pk": 521, "fields": {"base_quest": 10, "user": 25, "progress": 0, "completed": false, "claimed": false, "expiration_date": "2020-09-18T00:00:00Z"}}, {"model": "playerdata.playerquestdaily", "pk": 522, "fields": {"base_quest": 10, "user": 2, "progress": 0, "completed": false, "claimed": false, "expiration_date": "2020-09-18T00:00:00Z"}}, {"model": "playerdata.playerquestdaily", "pk": 523, "fields": {"base_quest": 10, "user": 3, "progress": 0, "completed": false, "claimed": false, "expiration_date": "2020-09-18T00:00:00Z"}}, {"model": "playerdata.playerquestdaily", "pk": 524, "fields": {"base_quest": 10, "user": 26, "progress": 0, "completed": false, "claimed": false, "expiration_date": "2020-09-18T00:00:00Z"}}, {"model": "playerdata.playerquestdaily", "pk": 525, "fields": {"base_quest": 10, "user": 27, "progress": 0, "completed": false, "claimed": false, "expiration_date": "2020-09-18T00:00:00Z"}}, {"model": "playerdata.playerquestdaily", "pk": 526, "fields": {"base_quest": 10, "user": 21, "progress": 0, "completed": false, "claimed": false, "expiration_date": "2020-09-18T00:00:00Z"}}, {"model": "playerdata.playerquestdaily", "pk": 527, "fields": {"base_quest": 10, "user": 28, "progress": 0, "completed": false, "claimed": false, "expiration_date": "2020-09-18T00:00:00Z"}}, {"model": "playerdata.playerquestdaily", "pk": 528, "fields": {"base_quest": 10, "user": 22, "progress": 0, "completed": false, "claimed": false, "expiration_date": "2020-09-18T00:00:00Z"}}, {"model": "playerdata.playerquestdaily", "pk": 529, "fields": {"base_quest": 10, "user": 12, "progress": 0, "completed": false, "claimed": false, "expiration_date": "2020-09-18T00:00:00Z"}}, {"model": "playerdata.playerquestdaily", "pk": 530, "fields": {"base_quest": 10, "user": 13, "progress": 0, "completed": false, "claimed": false, "expiration_date": "2020-09-18T00:00:00Z"}}, {"model": "playerdata.playerquestdaily", "pk": 531, "fields": {"base_quest": 10, "user": 14, "progress": 0, "completed": false, "claimed": false, "expiration_date": "2020-09-18T00:00:00Z"}}, {"model": "playerdata.playerquestdaily", "pk": 532, "fields": {"base_quest": 10, "user": 15, "progress": 0, "completed": false, "claimed": false, "expiration_date": "2020-09-18T00:00:00Z"}}, {"model": "playerdata.playerquestdaily", "pk": 533, "fields": {"base_quest": 10, "user": 16, "progress": 0, "completed": false, "claimed": false, "expiration_date": "2020-09-18T00:00:00Z"}}, {"model": "playerdata.playerquestdaily", "pk": 534, "fields": {"base_quest": 10, "user": 17, "progress": 0, "completed": false, "claimed": false, "expiration_date": "2020-09-18T00:00:00Z"}}, {"model": "playerdata.playerquestdaily", "pk": 535, "fields": {"base_quest": 10, "user": 18, "progress": 0, "completed": false, "claimed": false, "expiration_date": "2020-09-18T00:00:00Z"}}, {"model": "playerdata.playerquestdaily", "pk": 536, "fields": {"base_quest": 10, "user": 19, "progress": 0, "completed": false, "claimed": false, "expiration_date": "2020-09-18T00:00:00Z"}}, {"model": "playerdata.playerquestdaily", "pk": 537, "fields": {"base_quest": 10, "user": 23, "progress": 0, "completed": false, "claimed": false, "expiration_date": "2020-09-18T00:00:00Z"}}, {"model": "playerdata.playerquestdaily", "pk": 538, "fields": {"base_quest": 10, "user": 1, "progress": 0, "completed": false, "claimed": false, "expiration_date": "2020-09-18T00:00:00Z"}}, {"model": "playerdata.playerquestdaily", "pk": 539, "fields": {"base_quest": 10, "user": 20, "progress": 0, "completed": false, "claimed": false, "expiration_date": "2020-09-18T00:00:00Z"}}, {"model": "playerdata.playerquestdaily", "pk": 540, "fields": {"base_quest": 10, "user": 24, "progress": 0, "completed": false, "claimed": false, "expiration_date": "2020-09-18T00:00:00Z"}}, {"model": "playerdata.playerquestdaily", "pk": 541, "fields": {"base_quest": 13, "user": 25, "progress": 0, "completed": false, "claimed": false, "expiration_date": "2020-09-18T00:00:00Z"}}, {"model": "playerdata.playerquestdaily", "pk": 542, "fields": {"base_quest": 13, "user": 2, "progress": 0, "completed": false, "claimed": false, "expiration_date": "2020-09-18T00:00:00Z"}}, {"model": "playerdata.playerquestdaily", "pk": 543, "fields": {"base_quest": 13, "user": 3, "progress": 0, "completed": false, "claimed": false, "expiration_date": "2020-09-18T00:00:00Z"}}, {"model": "playerdata.playerquestdaily", "pk": 544, "fields": {"base_quest": 13, "user": 26, "progress": 0, "completed": false, "claimed": false, "expiration_date": "2020-09-18T00:00:00Z"}}, {"model": "playerdata.playerquestdaily", "pk": 545, "fields": {"base_quest": 13, "user": 27, "progress": 0, "completed": false, "claimed": false, "expiration_date": "2020-09-18T00:00:00Z"}}, {"model": "playerdata.playerquestdaily", "pk": 546, "fields": {"base_quest": 13, "user": 21, "progress": 0, "completed": false, "claimed": false, "expiration_date": "2020-09-18T00:00:00Z"}}, {"model": "playerdata.playerquestdaily", "pk": 547, "fields": {"base_quest": 13, "user": 28, "progress": 0, "completed": false, "claimed": false, "expiration_date": "2020-09-18T00:00:00Z"}}, {"model": "playerdata.playerquestdaily", "pk": 548, "fields": {"base_quest": 13, "user": 22, "progress": 0, "completed": false, "claimed": false, "expiration_date": "2020-09-18T00:00:00Z"}}, {"model": "playerdata.playerquestdaily", "pk": 549, "fields": {"base_quest": 13, "user": 12, "progress": 0, "completed": false, "claimed": false, "expiration_date": "2020-09-18T00:00:00Z"}}, {"model": "playerdata.playerquestdaily", "pk": 550, "fields": {"base_quest": 13, "user": 13, "progress": 0, "completed": false, "claimed": false, "expiration_date": "2020-09-18T00:00:00Z"}}, {"model": "playerdata.playerquestdaily", "pk": 551, "fields": {"base_quest": 13, "user": 14, "progress": 0, "completed": false, "claimed": false, "expiration_date": "2020-09-18T00:00:00Z"}}, {"model": "playerdata.playerquestdaily", "pk": 552, "fields": {"base_quest": 13, "user": 15, "progress": 0, "completed": false, "claimed": false, "expiration_date": "2020-09-18T00:00:00Z"}}, {"model": "playerdata.playerquestdaily", "pk": 553, "fields": {"base_quest": 13, "user": 16, "progress": 0, "completed": false, "claimed": false, "expiration_date": "2020-09-18T00:00:00Z"}}, {"model": "playerdata.playerquestdaily", "pk": 554, "fields": {"base_quest": 13, "user": 17, "progress": 0, "completed": false, "claimed": false, "expiration_date": "2020-09-18T00:00:00Z"}}, {"model": "playerdata.playerquestdaily", "pk": 555, "fields": {"base_quest": 13, "user": 18, "progress": 0, "completed": false, "claimed": false, "expiration_date": "2020-09-18T00:00:00Z"}}, {"model": "playerdata.playerquestdaily", "pk": 556, "fields": {"base_quest": 13, "user": 19, "progress": 0, "completed": false, "claimed": false, "expiration_date": "2020-09-18T00:00:00Z"}}, {"model": "playerdata.playerquestdaily", "pk": 557, "fields": {"base_quest": 13, "user": 23, "progress": 0, "completed": false, "claimed": false, "expiration_date": "2020-09-18T00:00:00Z"}}, {"model": "playerdata.playerquestdaily", "pk": 558, "fields": {"base_quest": 13, "user": 1, "progress": 0, "completed": false, "claimed": false, "expiration_date": "2020-09-18T00:00:00Z"}}, {"model": "playerdata.playerquestdaily", "pk": 559, "fields": {"base_quest": 13, "user": 20, "progress": 0, "completed": false, "claimed": false, "expiration_date": "2020-09-18T00:00:00Z"}}, {"model": "playerdata.playerquestdaily", "pk": 560, "fields": {"base_quest": 13, "user": 24, "progress": 0, "completed": false, "claimed": false, "expiration_date": "2020-09-18T00:00:00Z"}}, {"model": "playerdata.playerquestdaily", "pk": 561, "fields": {"base_quest": 9, "user": 29, "progress": 0, "completed": false, "claimed": false, "expiration_date": "2021-01-16T00:00:00Z"}}, {"model": "playerdata.playerquestdaily", "pk": 562, "fields": {"base_quest": 10, "user": 29, "progress": 0, "completed": false, "claimed": false, "expiration_date": "2021-01-16T00:00:00Z"}}, {"model": "playerdata.playerquestdaily", "pk": 563, "fields": {"base_quest": 13, "user": 29, "progress": 0, "completed": false, "claimed": false, "expiration_date": "2021-01-16T00:00:00Z"}}, {"model": "playerdata.playerquestdaily", "pk": 564, "fields": {"base_quest": 9, "user": 30, "progress": 0, "completed": false, "claimed": false, "expiration_date": "2021-01-16T00:00:00Z"}}, {"model": "playerdata.playerquestdaily", "pk": 565, "fields": {"base_quest": 10, "user": 30, "progress": 0, "completed": false, "claimed": false, "expiration_date": "2021-01-16T00:00:00Z"}}, {"model": "playerdata.playerquestdaily", "pk": 566, "fields": {"base_quest": 13, "user": 30, "progress": 0, "completed": false, "claimed": false, "expiration_date": "2021-01-16T00:00:00Z"}}, {"model": "playerdata.playerquestdaily", "pk": 567, "fields": {"base_quest": 9, "user": 31, "progress": 0, "completed": false, "claimed": false, "expiration_date": "2021-01-18T00:00:00Z"}}, {"model": "playerdata.playerquestdaily", "pk": 568, "fields": {"base_quest": 10, "user": 31, "progress": 0, "completed": false, "claimed": false, "expiration_date": "2021-01-18T00:00:00Z"}}, {"model": "playerdata.playerquestdaily", "pk": 569, "fields": {"base_quest": 13, "user": 31, "progress": 0, "completed": false, "claimed": false, "expiration_date": "2021-01-18T00:00:00Z"}}, {"model": "playerdata.playerquestdaily", "pk": 570, "fields": {"base_quest": 9, "user": 32, "progress": 0, "completed": false, "claimed": false, "expiration_date": "2021-01-18T00:00:00Z"}}, {"model": "playerdata.playerquestdaily", "pk": 571, "fields": {"base_quest": 10, "user": 32, "progress": 0, "completed": false, "claimed": false, "expiration_date": "2021-01-18T00:00:00Z"}}, {"model": "playerdata.playerquestdaily", "pk": 572, "fields": {"base_quest": 13, "user": 32, "progress": 0, "completed": false, "claimed": false, "expiration_date": "2021-01-18T00:00:00Z"}}, {"model": "playerdata.playerquestdaily", "pk": 573, "fields": {"base_quest": 9, "user": 33, "progress": 0, "completed": false, "claimed": false, "expiration_date": "2021-01-18T00:00:00Z"}}, {"model": "playerdata.playerquestdaily", "pk": 574, "fields": {"base_quest": 10, "user": 33, "progress": 0, "completed": false, "claimed": false, "expiration_date": "2021-01-18T00:00:00Z"}}, {"model": "playerdata.playerquestdaily", "pk": 575, "fields": {"base_quest": 13, "user": 33, "progress": 0, "completed": false, "claimed": false, "expiration_date": "2021-01-18T00:00:00Z"}}, {"model": "playerdata.playerquestdaily", "pk": 576, "fields": {"base_quest": 9, "user": 34, "progress": 0, "completed": false, "claimed": false, "expiration_date": "2021-01-18T00:00:00Z"}}, {"model": "playerdata.playerquestdaily", "pk": 577, "fields": {"base_quest": 10, "user": 34, "progress": 0, "completed": false, "claimed": false, "expiration_date": "2021-01-18T00:00:00Z"}}, {"model": "playerdata.playerquestdaily", "pk": 578, "fields": {"base_quest": 13, "user": 34, "progress": 0, "completed": false, "claimed": false, "expiration_date": "2021-01-18T00:00:00Z"}}, {"model": "playerdata.playerquestdaily", "pk": 579, "fields": {"base_quest": 9, "user": 35, "progress": 0, "completed": false, "claimed": false, "expiration_date": "2021-01-18T00:00:00Z"}}, {"model": "playerdata.playerquestdaily", "pk": 580, "fields": {"base_quest": 10, "user": 35, "progress": 0, "completed": false, "claimed": false, "expiration_date": "2021-01-18T00:00:00Z"}}, {"model": "playerdata.playerquestdaily", "pk": 581, "fields": {"base_quest": 13, "user": 35, "progress": 0, "completed": false, "claimed": false, "expiration_date": "2021-01-18T00:00:00Z"}}, {"model": "playerdata.playerquestdaily", "pk": 582, "fields": {"base_quest": 9, "user": 36, "progress": 0, "completed": false, "claimed": false, "expiration_date": "2021-01-18T00:00:00Z"}}, {"model": "playerdata.playerquestdaily", "pk": 583, "fields": {"base_quest": 10, "user": 36, "progress": 0, "completed": false, "claimed": false, "expiration_date": "2021-01-18T00:00:00Z"}}, {"model": "playerdata.playerquestdaily", "pk": 584, "fields": {"base_quest": 13, "user": 36, "progress": 0, "completed": false, "claimed": false, "expiration_date": "2021-01-18T00:00:00Z"}}, {"model": "playerdata.playerquestweekly", "pk": 9, "fields": {"base_quest": 25, "user": 25, "progress": 0, "completed": false, "claimed": false, "expiration_date": "2020-09-21T00:00:00Z"}}, {"model": "playerdata.playerquestweekly", "pk": 10, "fields": {"base_quest": 22, "user": 25, "progress": 0, "completed": false, "claimed": false, "expiration_date": "2020-09-21T00:00:00Z"}}, {"model": "playerdata.playerquestweekly", "pk": 11, "fields": {"base_quest": 12, "user": 25, "progress": 0, "completed": false, "claimed": false, "expiration_date": "2020-09-21T00:00:00Z"}}, {"model": "playerdata.playerquestweekly", "pk": 12, "fields": {"base_quest": 11, "user": 25, "progress": 0, "completed": false, "claimed": false, "expiration_date": "2020-09-21T00:00:00Z"}}, {"model": "playerdata.playerquestweekly", "pk": 13, "fields": {"base_quest": 21, "user": 25, "progress": 0, "completed": false, "claimed": false, "expiration_date": "2020-09-21T00:00:00Z"}}, {"model": "playerdata.playerquestweekly", "pk": 14, "fields": {"base_quest": 25, "user": 26, "progress": 0, "completed": false, "claimed": false, "expiration_date": "2020-09-21T00:00:00Z"}}, {"model": "playerdata.playerquestweekly", "pk": 15, "fields": {"base_quest": 22, "user": 26, "progress": 0, "completed": false, "claimed": false, "expiration_date": "2020-09-21T00:00:00Z"}}, {"model": "playerdata.playerquestweekly", "pk": 16, "fields": {"base_quest": 12, "user": 26, "progress": 0, "completed": false, "claimed": false, "expiration_date": "2020-09-21T00:00:00Z"}}, {"model": "playerdata.playerquestweekly", "pk": 17, "fields": {"base_quest": 11, "user": 26, "progress": 0, "completed": false, "claimed": false, "expiration_date": "2020-09-21T00:00:00Z"}}, {"model": "playerdata.playerquestweekly", "pk": 18, "fields": {"base_quest": 21, "user": 26, "progress": 0, "completed": false, "claimed": false, "expiration_date": "2020-09-21T00:00:00Z"}}, {"model": "playerdata.playerquestweekly", "pk": 19, "fields": {"base_quest": 25, "user": 27, "progress": 0, "completed": false, "claimed": false, "expiration_date": "2020-09-21T00:00:00Z"}}, {"model": "playerdata.playerquestweekly", "pk": 20, "fields": {"base_quest": 22, "user": 27, "progress": 0, "completed": false, "claimed": false, "expiration_date": "2020-09-21T00:00:00Z"}}, {"model": "playerdata.playerquestweekly", "pk": 21, "fields": {"base_quest": 12, "user": 27, "progress": 0, "completed": false, "claimed": false, "expiration_date": "2020-09-21T00:00:00Z"}}, {"model": "playerdata.playerquestweekly", "pk": 22, "fields": {"base_quest": 11, "user": 27, "progress": 0, "completed": false, "claimed": false, "expiration_date": "2020-09-21T00:00:00Z"}}, {"model": "playerdata.playerquestweekly", "pk": 23, "fields": {"base_quest": 21, "user": 27, "progress": 0, "completed": false, "claimed": false, "expiration_date": "2020-09-21T00:00:00Z"}}, {"model": "playerdata.playerquestweekly", "pk": 24, "fields": {"base_quest": 25, "user": 28, "progress": 0, "completed": false, "claimed": false, "expiration_date": "2020-09-21T00:00:00Z"}}, {"model": "playerdata.playerquestweekly", "pk": 25, "fields": {"base_quest": 22, "user": 28, "progress": 0, "completed": false, "claimed": false, "expiration_date": "2020-09-21T00:00:00Z"}}, {"model": "playerdata.playerquestweekly", "pk": 26, "fields": {"base_quest": 12, "user": 28, "progress": 0, "completed": false, "claimed": false, "expiration_date": "2020-09-21T00:00:00Z"}}, {"model": "playerdata.playerquestweekly", "pk": 27, "fields": {"base_quest": 11, "user": 28, "progress": 0, "completed": false, "claimed": false, "expiration_date": "2020-09-21T00:00:00Z"}}, {"model": "playerdata.playerquestweekly", "pk": 28, "fields": {"base_quest": 21, "user": 28, "progress": 0, "completed": false, "claimed": false, "expiration_date": "2020-09-21T00:00:00Z"}}, {"model": "playerdata.playerquestweekly", "pk": 29, "fields": {"base_quest": 25, "user": 29, "progress": 0, "completed": false, "claimed": false, "expiration_date": "2021-01-18T00:00:00Z"}}, {"model": "playerdata.playerquestweekly", "pk": 30, "fields": {"base_quest": 22, "user": 29, "progress": 0, "completed": false, "claimed": false, "expiration_date": "2021-01-18T00:00:00Z"}}, {"model": "playerdata.playerquestweekly", "pk": 31, "fields": {"base_quest": 12, "user": 29, "progress": 0, "completed": false, "claimed": false, "expiration_date": "2021-01-18T00:00:00Z"}}, {"model": "playerdata.playerquestweekly", "pk": 32, "fields": {"base_quest": 11, "user": 29, "progress": 0, "completed": false, "claimed": false, "expiration_date": "2021-01-18T00:00:00Z"}}, {"model": "playerdata.playerquestweekly", "pk": 33, "fields": {"base_quest": 21, "user": 29, "progress": 0, "completed": false, "claimed": false, "expiration_date": "2021-01-18T00:00:00Z"}}, {"model": "playerdata.playerquestweekly", "pk": 34, "fields": {"base_quest": 25, "user": 30, "progress": 0, "completed": false, "claimed": false, "expiration_date": "2021-01-18T00:00:00Z"}}, {"model": "playerdata.playerquestweekly", "pk": 35, "fields": {"base_quest": 22, "user": 30, "progress": 0, "completed": false, "claimed": false, "expiration_date": "2021-01-18T00:00:00Z"}}, {"model": "playerdata.playerquestweekly", "pk": 36, "fields": {"base_quest": 12, "user": 30, "progress": 0, "completed": false, "claimed": false, "expiration_date": "2021-01-18T00:00:00Z"}}, {"model": "playerdata.playerquestweekly", "pk": 37, "fields": {"base_quest": 11, "user": 30, "progress": 0, "completed": false, "claimed": false, "expiration_date": "2021-01-18T00:00:00Z"}}, {"model": "playerdata.playerquestweekly", "pk": 38, "fields": {"base_quest": 21, "user": 30, "progress": 0, "completed": false, "claimed": false, "expiration_date": "2021-01-18T00:00:00Z"}}, {"model": "playerdata.playerquestweekly", "pk": 39, "fields": {"base_quest": 25, "user": 31, "progress": 0, "completed": false, "claimed": false, "expiration_date": "2021-01-18T00:00:00Z"}}, {"model": "playerdata.playerquestweekly", "pk": 40, "fields": {"base_quest": 22, "user": 31, "progress": 0, "completed": false, "claimed": false, "expiration_date": "2021-01-18T00:00:00Z"}}, {"model": "playerdata.playerquestweekly", "pk": 41, "fields": {"base_quest": 12, "user": 31, "progress": 0, "completed": false, "claimed": false, "expiration_date": "2021-01-18T00:00:00Z"}}, {"model": "playerdata.playerquestweekly", "pk": 42, "fields": {"base_quest": 11, "user": 31, "progress": 0, "completed": false, "claimed": false, "expiration_date": "2021-01-18T00:00:00Z"}}, {"model": "playerdata.playerquestweekly", "pk": 43, "fields": {"base_quest": 21, "user": 31, "progress": 0, "completed": false, "claimed": false, "expiration_date": "2021-01-18T00:00:00Z"}}, {"model": "playerdata.playerquestweekly", "pk": 44, "fields": {"base_quest": 25, "user": 32, "progress": 0, "completed": false, "claimed": false, "expiration_date": "2021-01-18T00:00:00Z"}}, {"model": "playerdata.playerquestweekly", "pk": 45, "fields": {"base_quest": 22, "user": 32, "progress": 0, "completed": false, "claimed": false, "expiration_date": "2021-01-18T00:00:00Z"}}, {"model": "playerdata.playerquestweekly", "pk": 46, "fields": {"base_quest": 12, "user": 32, "progress": 0, "completed": false, "claimed": false, "expiration_date": "2021-01-18T00:00:00Z"}}, {"model": "playerdata.playerquestweekly", "pk": 47, "fields": {"base_quest": 11, "user": 32, "progress": 0, "completed": false, "claimed": false, "expiration_date": "2021-01-18T00:00:00Z"}}, {"model": "playerdata.playerquestweekly", "pk": 48, "fields": {"base_quest": 21, "user": 32, "progress": 0, "completed": false, "claimed": false, "expiration_date": "2021-01-18T00:00:00Z"}}, {"model": "playerdata.playerquestweekly", "pk": 49, "fields": {"base_quest": 25, "user": 33, "progress": 0, "completed": false, "claimed": false, "expiration_date": "2021-01-18T00:00:00Z"}}, {"model": "playerdata.playerquestweekly", "pk": 50, "fields": {"base_quest": 22, "user": 33, "progress": 0, "completed": false, "claimed": false, "expiration_date": "2021-01-18T00:00:00Z"}}, {"model": "playerdata.playerquestweekly", "pk": 51, "fields": {"base_quest": 12, "user": 33, "progress": 0, "completed": false, "claimed": false, "expiration_date": "2021-01-18T00:00:00Z"}}, {"model": "playerdata.playerquestweekly", "pk": 52, "fields": {"base_quest": 11, "user": 33, "progress": 0, "completed": false, "claimed": false, "expiration_date": "2021-01-18T00:00:00Z"}}, {"model": "playerdata.playerquestweekly", "pk": 53, "fields": {"base_quest": 21, "user": 33, "progress": 0, "completed": false, "claimed": false, "expiration_date": "2021-01-18T00:00:00Z"}}, {"model": "playerdata.playerquestweekly", "pk": 54, "fields": {"base_quest": 25, "user": 34, "progress": 0, "completed": false, "claimed": false, "expiration_date": "2021-01-18T00:00:00Z"}}, {"model": "playerdata.playerquestweekly", "pk": 55, "fields": {"base_quest": 22, "user": 34, "progress": 0, "completed": false, "claimed": false, "expiration_date": "2021-01-18T00:00:00Z"}}, {"model": "playerdata.playerquestweekly", "pk": 56, "fields": {"base_quest": 12, "user": 34, "progress": 0, "completed": false, "claimed": false, "expiration_date": "2021-01-18T00:00:00Z"}}, {"model": "playerdata.playerquestweekly", "pk": 57, "fields": {"base_quest": 11, "user": 34, "progress": 0, "completed": false, "claimed": false, "expiration_date": "2021-01-18T00:00:00Z"}}, {"model": "playerdata.playerquestweekly", "pk": 58, "fields": {"base_quest": 21, "user": 34, "progress": 0, "completed": false, "claimed": false, "expiration_date": "2021-01-18T00:00:00Z"}}, {"model": "playerdata.playerquestweekly", "pk": 59, "fields": {"base_quest": 25, "user": 35, "progress": 0, "completed": false, "claimed": false, "expiration_date": "2021-01-18T00:00:00Z"}}, {"model": "playerdata.playerquestweekly", "pk": 60, "fields": {"base_quest": 22, "user": 35, "progress": 0, "completed": false, "claimed": false, "expiration_date": "2021-01-18T00:00:00Z"}}, {"model": "playerdata.playerquestweekly", "pk": 61, "fields": {"base_quest": 12, "user": 35, "progress": 0, "completed": false, "claimed": false, "expiration_date": "2021-01-18T00:00:00Z"}}, {"model": "playerdata.playerquestweekly", "pk": 62, "fields": {"base_quest": 11, "user": 35, "progress": 0, "completed": false, "claimed": false, "expiration_date": "2021-01-18T00:00:00Z"}}, {"model": "playerdata.playerquestweekly", "pk": 63, "fields": {"base_quest": 21, "user": 35, "progress": 0, "completed": false, "claimed": false, "expiration_date": "2021-01-18T00:00:00Z"}}, {"model": "playerdata.playerquestweekly", "pk": 64, "fields": {"base_quest": 25, "user": 36, "progress": 0, "completed": false, "claimed": false, "expiration_date": "2021-01-18T00:00:00Z"}}, {"model": "playerdata.playerquestweekly", "pk": 65, "fields": {"base_quest": 22, "user": 36, "progress": 0, "completed": false, "claimed": false, "expiration_date": "2021-01-18T00:00:00Z"}}, {"model": "playerdata.playerquestweekly", "pk": 66, "fields": {"base_quest": 12, "user": 36, "progress": 0, "completed": false, "claimed": false, "expiration_date": "2021-01-18T00:00:00Z"}}, {"model": "playerdata.playerquestweekly", "pk": 67, "fields": {"base_quest": 11, "user": 36, "progress": 0, "completed": false, "claimed": false, "expiration_date": "2021-01-18T00:00:00Z"}}, {"model": "playerdata.playerquestweekly", "pk": 68, "fields": {"base_quest": 21, "user": 36, "progress": 0, "completed": false, "claimed": false, "expiration_date": "2021-01-18T00:00:00Z"}}, {"model": "playerdata.activitypoints", "pk": 1, "fields": {"daily_last_completed": -1, "daily_last_claimed": -1, "weekly_last_completed": -1, "weekly_last_claimed": -1, "daily_points": 0, "weekly_points": 0}}, {"model": "playerdata.activitypoints", "pk": 2, "fields": {"daily_last_completed": -1, "daily_last_claimed": -1, "weekly_last_completed": -1, "weekly_last_claimed": -1, "daily_points": 0, "weekly_points": 0}}, {"model": "playerdata.activitypoints", "pk": 3, "fields": {"daily_last_completed": -1, "daily_last_claimed": -1, "weekly_last_completed": -1, "weekly_last_claimed": -1, "daily_points": 0, "weekly_points": 0}}, {"model": "playerdata.activitypoints", "pk": 12, "fields": {"daily_last_completed": -1, "daily_last_claimed": -1, "weekly_last_completed": -1, "weekly_last_claimed": -1, "daily_points": 0, "weekly_points": 0}}, {"model": "playerdata.activitypoints", "pk": 13, "fields": {"daily_last_completed": -1, "daily_last_claimed": -1, "weekly_last_completed": -1, "weekly_last_claimed": -1, "daily_points": 0, "weekly_points": 0}}, {"model": "playerdata.activitypoints", "pk": 14, "fields": {"daily_last_completed": -1, "daily_last_claimed": -1, "weekly_last_completed": -1, "weekly_last_claimed": -1, "daily_points": 0, "weekly_points": 0}}, {"model": "playerdata.activitypoints", "pk": 15, "fields": {"daily_last_completed": -1, "daily_last_claimed": -1, "weekly_last_completed": -1, "weekly_last_claimed": -1, "daily_points": 0, "weekly_points": 0}}, {"model": "playerdata.activitypoints", "pk": 16, "fields": {"daily_last_completed": -1, "daily_last_claimed": -1, "weekly_last_completed": -1, "weekly_last_claimed": -1, "daily_points": 0, "weekly_points": 0}}, {"model": "playerdata.activitypoints", "pk": 17, "fields": {"daily_last_completed": -1, "daily_last_claimed": -1, "weekly_last_completed": -1, "weekly_last_claimed": -1, "daily_points": 0, "weekly_points": 0}}, {"model": "playerdata.activitypoints", "pk": 18, "fields": {"daily_last_completed": -1, "daily_last_claimed": -1, "weekly_last_completed": -1, "weekly_last_claimed": -1, "daily_points": 0, "weekly_points": 0}}, {"model": "playerdata.activitypoints", "pk": 19, "fields": {"daily_last_completed": -1, "daily_last_claimed": -1, "weekly_last_completed": -1, "weekly_last_claimed": -1, "daily_points": 0, "weekly_points": 0}}, {"model": "playerdata.activitypoints", "pk": 20, "fields": {"daily_last_completed": -1, "daily_last_claimed": -1, "weekly_last_completed": -1, "weekly_last_claimed": -1, "daily_points": 0, "weekly_points": 0}}, {"model": "playerdata.activitypoints", "pk": 21, "fields": {"daily_last_completed": -1, "daily_last_claimed": -1, "weekly_last_completed": -1, "weekly_last_claimed": -1, "daily_points": 0, "weekly_points": 0}}, {"model": "playerdata.activitypoints", "pk": 22, "fields": {"daily_last_completed": -1, "daily_last_claimed": -1, "weekly_last_completed": -1, "weekly_last_claimed": -1, "daily_points": 0, "weekly_points": 0}}, {"model": "playerdata.activitypoints", "pk": 23, "fields": {"daily_last_completed": -1, "daily_last_claimed": -1, "weekly_last_completed": -1, "weekly_last_claimed": -1, "daily_points": 0, "weekly_points": 0}}, {"model": "playerdata.activitypoints", "pk": 24, "fields": {"daily_last_completed": -1, "daily_last_claimed": -1, "weekly_last_completed": -1, "weekly_last_claimed": -1, "daily_points": 0, "weekly_points": 0}}, {"model": "playerdata.activitypoints", "pk": 25, "fields": {"daily_last_completed": -1, "daily_last_claimed": -1, "weekly_last_completed": -1, "weekly_last_claimed": -1, "daily_points": 0, "weekly_points": 0}}, {"model": "playerdata.activitypoints", "pk": 26, "fields": {"daily_last_completed": -1, "daily_last_claimed": -1, "weekly_last_completed": -1, "weekly_last_claimed": -1, "daily_points": 0, "weekly_points": 0}}, {"model": "playerdata.activitypoints", "pk": 27, "fields": {"daily_last_completed": -1, "daily_last_claimed": -1, "weekly_last_completed": -1, "weekly_last_claimed": -1, "daily_points": 0, "weekly_points": 0}}, {"model": "playerdata.activitypoints", "pk": 28, "fields": {"daily_last_completed": -1, "daily_last_claimed": -1, "weekly_last_completed": -1, "weekly_last_claimed": -1, "daily_points": 0, "weekly_points": 0}}, {"model": "playerdata.activitypoints", "pk": 29, "fields": {"daily_last_completed": -1, "daily_last_claimed": -1, "weekly_last_completed": -1, "weekly_last_claimed": -1, "daily_points": 0, "weekly_points": 0}}, {"model": "playerdata.activitypoints", "pk": 30, "fields": {"daily_last_completed": -1, "daily_last_claimed": -1, "weekly_last_completed": -1, "weekly_last_claimed": -1, "daily_points": 0, "weekly_points": 0}}, {"model": "playerdata.activitypoints", "pk": 31, "fields": {"daily_last_completed": -1, "daily_last_claimed": -1, "weekly_last_completed": -1, "weekly_last_claimed": -1, "daily_points": 0, "weekly_points": 0}}, {"model": "playerdata.activitypoints", "pk": 32, "fields": {"daily_last_completed": -1, "daily_last_claimed": -1, "weekly_last_completed": -1, "weekly_last_claimed": -1, "daily_points": 0, "weekly_points": 0}}, {"model": "playerdata.activitypoints", "pk": 33, "fields": {"daily_last_completed": -1, "daily_last_claimed": -1, "weekly_last_completed": -1, "weekly_last_claimed": -1, "daily_points": 0, "weekly_points": 0}}, {"model": "playerdata.activitypoints", "pk": 34, "fields": {"daily_last_completed": -1, "daily_last_claimed": -1, "weekly_last_completed": -1, "weekly_last_claimed": -1, "daily_points": 0, "weekly_points": 0}}, {"model": "playerdata.activitypoints", "pk": 35, "fields": {"daily_last_completed": -1, "daily_last_claimed": -1, "weekly_last_completed": -1, "weekly_last_claimed": -1, "daily_points": 0, "weekly_points": 0}}, {"model": "playerdata.activitypoints", "pk": 36, "fields": {"daily_last_completed": -1, "daily_last_claimed": -1, "weekly_last_completed": -1, "weekly_last_claimed": -1, "daily_points": 0, "weekly_points": 0}}, {"model": "playerdata.activecumulativequest", "pk": 1, "fields": {"base_quest": 1}}, {"model": "playerdata.activecumulativequest", "pk": 2, "fields": {"base_quest": 2}}, {"model": "playerdata.activecumulativequest", "pk": 3, "fields": {"base_quest": 3}}, {"model": "playerdata.activeweeklyquest", "pk": 11, "fields": {"base_quest": 25}}, {"model": "playerdata.activeweeklyquest", "pk": 12, "fields": {"base_quest": 22}}, {"model": "playerdata.activeweeklyquest", "pk": 13, "fields": {"base_quest": 12}}, {"model": "playerdata.activeweeklyquest", "pk": 14, "fields": {"base_quest": 11}}, {"model": "playerdata.activeweeklyquest", "pk": 15, "fields": {"base_quest": 21}}, {"model": "playerdata.activedailyquest", "pk": 46, "fields": {"base_quest": 9}}, {"model": "playerdata.activedailyquest", "pk": 47, "fields": {"base_quest": 10}}, {"model": "playerdata.activedailyquest", "pk": 48, "fields": {"base_quest": 13}}, {"model": "playerdata.basecode", "pk": 1, "fields": {"code": "pumpkinspice", "gems": 500, "coins": 0, "items": null, "item_amount": null, "char_type": 0, "start_time": "2020-07-02T15:15:47Z", "end_time": "2020-07-15T15:15:53Z", "num_left": -1}}, {"model": "playerdata.userreferral", "pk": 1, "fields": {"user": 21, "referral_code": "YEETYEETYEET"}}, {"model": "playerdata.userreferral", "pk": 2, "fields": {"user": 23, "referral_code": "NOQSPTSFBNAE"}}, {"model": "playerdata.userreferral", "pk": 3, "fields": {"user": 24, "referral_code": "LNYYPDIJGFCS"}}, {"model": "playerdata.userreferral", "pk": 4, "fields": {"user": 25, "referral_code": "PRXKIIESGQNY"}}, {"model": "playerdata.userreferral", "pk": 5, "fields": {"user": 26, "referral_code": "KMKYKHRRTKTD"}}, {"model": "playerdata.userreferral", "pk": 6, "fields": {"user": 27, "referral_code": "UXADBZHTZLWG"}}, {"model": "playerdata.userreferral", "pk": 7, "fields": {"user": 28, "referral_code": "GNONNBBLYWUY"}}, {"model": "playerdata.userreferral", "pk": 8, "fields": {"user": 16, "referral_code": "ISZDBEPBLLFE"}}, {"model": "playerdata.userreferral", "pk": 9, "fields": {"user": 17, "referral_code": "EOREPESDPVBV"}}, {"model": "playerdata.userreferral", "pk": 10, "fields": {"user": 18, "referral_code": "IHIULWKMBTLX"}}, {"model": "playerdata.userreferral", "pk": 11, "fields": {"user": 19, "referral_code": "ZCQCLIDTWNWM"}}, {"model": "playerdata.userreferral", "pk": 12, "fields": {"user": 20, "referral_code": "AOFLEKWNCWLO"}}, {"model": "playerdata.userreferral", "pk": 13, "fields": {"user": 21, "referral_code": "IWFVXTQSLZJE"}}, {"model": "playerdata.userreferral", "pk": 14, "fields": {"user": 22, "referral_code": "DIWMPTMMGLCB"}}, {"model": "playerdata.userreferral", "pk": 15, "fields": {"user": 23, "referral_code": "JCYBKFXBLOFX"}}, {"model": "playerdata.userreferral", "pk": 16, "fields": {"user": 24, "referral_code": "KIEVILCHTGQX"}}, {"model": "playerdata.userreferral", "pk": 17, "fields": {"user": 25, "referral_code": "VCHSMBYCGLOH"}}, {"model": "playerdata.userreferral", "pk": 18, "fields": {"user": 26, "referral_code": "TUXUXJNVKEQM"}}, {"model": "playerdata.userreferral", "pk": 19, "fields": {"user": 27, "referral_code": "GJRHFKKJXWGJ"}}, {"model": "playerdata.userreferral", "pk": 20, "fields": {"user": 28, "referral_code": "NDTQYBQTJQYW"}}, {"model": "playerdata.userreferral", "pk": 21, "fields": {"user": 1, "referral_code": "PJCNYAFDORKO"}}, {"model": "playerdata.userreferral", "pk": 22, "fields": {"user": 2, "referral_code": "LAXIGJFCEOAN"}}, {"model": "playerdata.userreferral", "pk": 23, "fields": {"user": 3, "referral_code": "WFBGBGMIRCAQ"}}, {"model": "playerdata.userreferral", "pk": 24, "fields": {"user": 12, "referral_code": "SUDOVZLMNYOV"}}, {"model": "playerdata.userreferral", "pk": 25, "fields": {"user": 13, "referral_code": "CHNXBJQBOYBK"}}, {"model": "playerdata.userreferral", "pk": 26, "fields": {"user": 14, "referral_code": "CMYSIDFKEFJZ"}}, {"model": "playerdata.userreferral", "pk": 27, "fields": {"user": 15, "referral_code": "NHEFPHDKYGRU"}}, {"model": "playerdata.userreferral", "pk": 28, "fields": {"user": 16, "referral_code": "FPADIKMJOODU"}}, {"model": "playerdata.userreferral", "pk": 29, "fields": {"user": 17, "referral_code": "WLPJCQSPKMXV"}}, {"model": "playerdata.userreferral", "pk": 30, "fields": {"user": 18, "referral_code": "SUOVNYYFLWUR"}}, {"model": "playerdata.userreferral", "pk": 31, "fields": {"user": 19, "referral_code": "WBCJPNYMHCGO"}}, {"model": "playerdata.userreferral", "pk": 32, "fields": {"user": 20, "referral_code": "RIPJYIIEIIOI"}}, {"model": "playerdata.userreferral", "pk": 33, "fields": {"user": 21, "referral_code": "HGADNRUMZFIO"}}, {"model": "playerdata.userreferral", "pk": 34, "fields": {"user": 22, "referral_code": "FCIKHQTEKWEY"}}, {"model": "playerdata.userreferral", "pk": 35, "fields": {"user": 23, "referral_code": "ABPEMYBIVFQZ"}}, {"model": "playerdata.userreferral", "pk": 36, "fields": {"user": 24, "referral_code": "VKXBWJVTQQVC"}}, {"model": "playerdata.userreferral", "pk": 37, "fields": {"user": 25, "referral_code": "IXDNHBACULDF"}}, {"model": "playerdata.userreferral", "pk": 38, "fields": {"user": 26, "referral_code": "TEKPSKLHDSJI"}}, {"model": "playerdata.userreferral", "pk": 39, "fields": {"user": 27, "referral_code": "XXYWQSLSYTKC"}}, {"model": "playerdata.userreferral", "pk": 40, "fields": {"user": 28, "referral_code": "BBULNQLHOAJP"}}, {"model": "playerdata.userreferral", "pk": 41, "fields": {"user": 29, "referral_code": "UBDEXMWOBPDZ"}}, {"model": "playerdata.userreferral", "pk": 42, "fields": {"user": 30, "referral_code": "WJCJAXFMRKST"}}, {"model": "playerdata.userreferral", "pk": 43, "fields": {"user": 31, "referral_code": "OBFWZNVACYCU"}}, {"model": "playerdata.userreferral", "pk": 44, "fields": {"user": 32, "referral_code": "UEBTHJBGKHJO"}}, {"model": "playerdata.userreferral", "pk": 45, "fields": {"user": 33, "referral_code": "TLMUZHTNBIWU"}}, {"model": "playerdata.userreferral", "pk": 46, "fields": {"user": 34, "referral_code": "JRXDELAZDQZQ"}}, {"model": "playerdata.userreferral", "pk": 47, "fields": {"user": 35, "referral_code": "KCEYIJFUCSFF"}}, {"model": "playerdata.userreferral", "pk": 48, "fields": {"user": 36, "referral_code": "LFZSDHNCQYGL"}}, {"model": "playerdata.tournamentregistration", "pk": 1, "fields": {"user": 21}}, {"model": "playerdata.levelbooster", "pk": 1, "fields": {"booster_level": 240, "unlocked_slots": 0, "slots": "[\"-1\", \"-1\", \"-1\", \"-1\", \"-1\", \"-1\", \"-1\", \"-1\", \"-1\", \"-1\", \"-1\", \"-1\", \"-1\", \"-1\", \"-1\", \"-1\", \"-1\", \"-1\", \"-1\", \"-1\"]", "cooldown_slots": "[null, null, null, null, null, null, null, null, null, null, null, null, null, null, null, null, null, null, null, null]"}}, {"model": "playerdata.levelbooster", "pk": 2, "fields": {"booster_level": 240, "unlocked_slots": 0, "slots": "[\"-1\", \"-1\", \"-1\", \"-1\", \"-1\", \"-1\", \"-1\", \"-1\", \"-1\", \"-1\", \"-1\", \"-1\", \"-1\", \"-1\", \"-1\", \"-1\", \"-1\", \"-1\", \"-1\", \"-1\"]", "cooldown_slots": "[null, null, null, null, null, null, null, null, null, null, null, null, null, null, null, null, null, null, null, null]"}}, {"model": "playerdata.levelbooster", "pk": 3, "fields": {"booster_level": 240, "unlocked_slots": 0, "slots": "[\"-1\", \"-1\", \"-1\", \"-1\", \"-1\", \"-1\", \"-1\", \"-1\", \"-1\", \"-1\", \"-1\", \"-1\", \"-1\", \"-1\", \"-1\", \"-1\", \"-1\", \"-1\", \"-1\", \"-1\"]", "cooldown_slots": "[null, null, null, null, null, null, null, null, null, null, null, null, null, null, null, null, null, null, null, null]"}}, {"model": "playerdata.levelbooster", "pk": 12, "fields": {"booster_level": 240, "unlocked_slots": 0, "slots": "[\"-1\", \"-1\", \"-1\", \"-1\", \"-1\", \"-1\", \"-1\", \"-1\", \"-1\", \"-1\", \"-1\", \"-1\", \"-1\", \"-1\", \"-1\", \"-1\", \"-1\", \"-1\", \"-1\", \"-1\"]", "cooldown_slots": "[null, null, null, null, null, null, null, null, null, null, null, null, null, null, null, null, null, null, null, null]"}}, {"model": "playerdata.levelbooster", "pk": 13, "fields": {"booster_level": 240, "unlocked_slots": 0, "slots": "[\"-1\", \"-1\", \"-1\", \"-1\", \"-1\", \"-1\", \"-1\", \"-1\", \"-1\", \"-1\", \"-1\", \"-1\", \"-1\", \"-1\", \"-1\", \"-1\", \"-1\", \"-1\", \"-1\", \"-1\"]", "cooldown_slots": "[null, null, null, null, null, null, null, null, null, null, null, null, null, null, null, null, null, null, null, null]"}}, {"model": "playerdata.levelbooster", "pk": 14, "fields": {"booster_level": 240, "unlocked_slots": 0, "slots": "[\"-1\", \"-1\", \"-1\", \"-1\", \"-1\", \"-1\", \"-1\", \"-1\", \"-1\", \"-1\", \"-1\", \"-1\", \"-1\", \"-1\", \"-1\", \"-1\", \"-1\", \"-1\", \"-1\", \"-1\"]", "cooldown_slots": "[null, null, null, null, null, null, null, null, null, null, null, null, null, null, null, null, null, null, null, null]"}}, {"model": "playerdata.levelbooster", "pk": 15, "fields": {"booster_level": 240, "unlocked_slots": 0, "slots": "[\"-1\", \"-1\", \"-1\", \"-1\", \"-1\", \"-1\", \"-1\", \"-1\", \"-1\", \"-1\", \"-1\", \"-1\", \"-1\", \"-1\", \"-1\", \"-1\", \"-1\", \"-1\", \"-1\", \"-1\"]", "cooldown_slots": "[null, null, null, null, null, null, null, null, null, null, null, null, null, null, null, null, null, null, null, null]"}}, {"model": "playerdata.levelbooster", "pk": 16, "fields": {"booster_level": 240, "unlocked_slots": 0, "slots": "[\"-1\", \"-1\", \"-1\", \"-1\", \"-1\", \"-1\", \"-1\", \"-1\", \"-1\", \"-1\", \"-1\", \"-1\", \"-1\", \"-1\", \"-1\", \"-1\", \"-1\", \"-1\", \"-1\", \"-1\"]", "cooldown_slots": "[null, null, null, null, null, null, null, null, null, null, null, null, null, null, null, null, null, null, null, null]"}}, {"model": "playerdata.levelbooster", "pk": 17, "fields": {"booster_level": 240, "unlocked_slots": 0, "slots": "[\"-1\", \"-1\", \"-1\", \"-1\", \"-1\", \"-1\", \"-1\", \"-1\", \"-1\", \"-1\", \"-1\", \"-1\", \"-1\", \"-1\", \"-1\", \"-1\", \"-1\", \"-1\", \"-1\", \"-1\"]", "cooldown_slots": "[null, null, null, null, null, null, null, null, null, null, null, null, null, null, null, null, null, null, null, null]"}}, {"model": "playerdata.levelbooster", "pk": 18, "fields": {"booster_level": 240, "unlocked_slots": 0, "slots": "[\"-1\", \"-1\", \"-1\", \"-1\", \"-1\", \"-1\", \"-1\", \"-1\", \"-1\", \"-1\", \"-1\", \"-1\", \"-1\", \"-1\", \"-1\", \"-1\", \"-1\", \"-1\", \"-1\", \"-1\"]", "cooldown_slots": "[null, null, null, null, null, null, null, null, null, null, null, null, null, null, null, null, null, null, null, null]"}}, {"model": "playerdata.levelbooster", "pk": 19, "fields": {"booster_level": 240, "unlocked_slots": 0, "slots": "[\"-1\", \"-1\", \"-1\", \"-1\", \"-1\", \"-1\", \"-1\", \"-1\", \"-1\", \"-1\", \"-1\", \"-1\", \"-1\", \"-1\", \"-1\", \"-1\", \"-1\", \"-1\", \"-1\", \"-1\"]", "cooldown_slots": "[null, null, null, null, null, null, null, null, null, null, null, null, null, null, null, null, null, null, null, null]"}}, {"model": "playerdata.levelbooster", "pk": 20, "fields": {"booster_level": 240, "unlocked_slots": 0, "slots": "[\"-1\", \"-1\", \"-1\", \"-1\", \"-1\", \"-1\", \"-1\", \"-1\", \"-1\", \"-1\", \"-1\", \"-1\", \"-1\", \"-1\", \"-1\", \"-1\", \"-1\", \"-1\", \"-1\", \"-1\"]", "cooldown_slots": "[null, null, null, null, null, null, null, null, null, null, null, null, null, null, null, null, null, null, null, null]"}}, {"model": "playerdata.levelbooster", "pk": 21, "fields": {"booster_level": 240, "unlocked_slots": 0, "slots": "[\"-1\", \"-1\", \"-1\", \"-1\", \"-1\", \"-1\", \"-1\", \"-1\", \"-1\", \"-1\", \"-1\", \"-1\", \"-1\", \"-1\", \"-1\", \"-1\", \"-1\", \"-1\", \"-1\", \"-1\"]", "cooldown_slots": "[null, null, null, null, null, null, null, null, null, null, null, null, null, null, null, null, null, null, null, null]"}}, {"model": "playerdata.levelbooster", "pk": 22, "fields": {"booster_level": 240, "unlocked_slots": 0, "slots": "[\"-1\", \"-1\", \"-1\", \"-1\", \"-1\", \"-1\", \"-1\", \"-1\", \"-1\", \"-1\", \"-1\", \"-1\", \"-1\", \"-1\", \"-1\", \"-1\", \"-1\", \"-1\", \"-1\", \"-1\"]", "cooldown_slots": "[null, null, null, null, null, null, null, null, null, null, null, null, null, null, null, null, null, null, null, null]"}}, {"model": "playerdata.levelbooster", "pk": 23, "fields": {"booster_level": 240, "unlocked_slots": 0, "slots": "[\"-1\", \"-1\", \"-1\", \"-1\", \"-1\", \"-1\", \"-1\", \"-1\", \"-1\", \"-1\", \"-1\", \"-1\", \"-1\", \"-1\", \"-1\", \"-1\", \"-1\", \"-1\", \"-1\", \"-1\"]", "cooldown_slots": "[null, null, null, null, null, null, null, null, null, null, null, null, null, null, null, null, null, null, null, null]"}}, {"model": "playerdata.levelbooster", "pk": 24, "fields": {"booster_level": 240, "unlocked_slots": 0, "slots": "[\"-1\", \"-1\", \"-1\", \"-1\", \"-1\", \"-1\", \"-1\", \"-1\", \"-1\", \"-1\", \"-1\", \"-1\", \"-1\", \"-1\", \"-1\", \"-1\", \"-1\", \"-1\", \"-1\", \"-1\"]", "cooldown_slots": "[null, null, null, null, null, null, null, null, null, null, null, null, null, null, null, null, null, null, null, null]"}}, {"model": "playerdata.levelbooster", "pk": 25, "fields": {"booster_level": 240, "unlocked_slots": 0, "slots": "[\"-1\", \"-1\", \"-1\", \"-1\", \"-1\", \"-1\", \"-1\", \"-1\", \"-1\", \"-1\", \"-1\", \"-1\", \"-1\", \"-1\", \"-1\", \"-1\", \"-1\", \"-1\", \"-1\", \"-1\"]", "cooldown_slots": "[null, null, null, null, null, null, null, null, null, null, null, null, null, null, null, null, null, null, null, null]"}}, {"model": "playerdata.levelbooster", "pk": 26, "fields": {"booster_level": 240, "unlocked_slots": 0, "slots": "[\"-1\", \"-1\", \"-1\", \"-1\", \"-1\", \"-1\", \"-1\", \"-1\", \"-1\", \"-1\", \"-1\", \"-1\", \"-1\", \"-1\", \"-1\", \"-1\", \"-1\", \"-1\", \"-1\", \"-1\"]", "cooldown_slots": "[null, null, null, null, null, null, null, null, null, null, null, null, null, null, null, null, null, null, null, null]"}}, {"model": "playerdata.levelbooster", "pk": 27, "fields": {"booster_level": 240, "unlocked_slots": 0, "slots": "[\"-1\", \"-1\", \"-1\", \"-1\", \"-1\", \"-1\", \"-1\", \"-1\", \"-1\", \"-1\", \"-1\", \"-1\", \"-1\", \"-1\", \"-1\", \"-1\", \"-1\", \"-1\", \"-1\", \"-1\"]", "cooldown_slots": "[null, null, null, null, null, null, null, null, null, null, null, null, null, null, null, null, null, null, null, null]"}}, {"model": "playerdata.levelbooster", "pk": 28, "fields": {"booster_level": 240, "unlocked_slots": 0, "slots": "[\"-1\", \"-1\", \"-1\", \"-1\", \"-1\", \"-1\", \"-1\", \"-1\", \"-1\", \"-1\", \"-1\", \"-1\", \"-1\", \"-1\", \"-1\", \"-1\", \"-1\", \"-1\", \"-1\", \"-1\"]", "cooldown_slots": "[null, null, null, null, null, null, null, null, null, null, null, null, null, null, null, null, null, null, null, null]"}}, {"model": "playerdata.levelbooster", "pk": 29, "fields": {"booster_level": 240, "unlocked_slots": 0, "slots": "[\"-1\", \"-1\", \"-1\", \"-1\", \"-1\", \"-1\", \"-1\", \"-1\", \"-1\", \"-1\", \"-1\", \"-1\", \"-1\", \"-1\", \"-1\", \"-1\", \"-1\", \"-1\", \"-1\", \"-1\"]", "cooldown_slots": "[null, null, null, null, null, null, null, null, null, null, null, null, null, null, null, null, null, null, null, null]"}}, {"model": "playerdata.levelbooster", "pk": 30, "fields": {"booster_level": 240, "unlocked_slots": 0, "slots": "[\"-1\", \"-1\", \"-1\", \"-1\", \"-1\", \"-1\", \"-1\", \"-1\", \"-1\", \"-1\", \"-1\", \"-1\", \"-1\", \"-1\", \"-1\", \"-1\", \"-1\", \"-1\", \"-1\", \"-1\"]", "cooldown_slots": "[null, null, null, null, null, null, null, null, null, null, null, null, null, null, null, null, null, null, null, null]"}}, {"model": "playerdata.levelbooster", "pk": 31, "fields": {"booster_level": 240, "unlocked_slots": 0, "slots": "[\"-1\", \"-1\", \"-1\", \"-1\", \"-1\", \"-1\", \"-1\", \"-1\", \"-1\", \"-1\", \"-1\", \"-1\", \"-1\", \"-1\", \"-1\", \"-1\", \"-1\", \"-1\", \"-1\", \"-1\"]", "cooldown_slots": "[null, null, null, null, null, null, null, null, null, null, null, null, null, null, null, null, null, null, null, null]"}}, {"model": "playerdata.levelbooster", "pk": 32, "fields": {"booster_level": 240, "unlocked_slots": 0, "slots": "[\"-1\", \"-1\", \"-1\", \"-1\", \"-1\", \"-1\", \"-1\", \"-1\", \"-1\", \"-1\", \"-1\", \"-1\", \"-1\", \"-1\", \"-1\", \"-1\", \"-1\", \"-1\", \"-1\", \"-1\"]", "cooldown_slots": "[null, null, null, null, null, null, null, null, null, null, null, null, null, null, null, null, null, null, null, null]"}}, {"model": "playerdata.levelbooster", "pk": 33, "fields": {"booster_level": 240, "unlocked_slots": 0, "slots": "[\"-1\", \"-1\", \"-1\", \"-1\", \"-1\", \"-1\", \"-1\", \"-1\", \"-1\", \"-1\", \"-1\", \"-1\", \"-1\", \"-1\", \"-1\", \"-1\", \"-1\", \"-1\", \"-1\", \"-1\"]", "cooldown_slots": "[null, null, null, null, null, null, null, null, null, null, null, null, null, null, null, null, null, null, null, null]"}}, {"model": "playerdata.levelbooster", "pk": 34, "fields": {"booster_level": 240, "unlocked_slots": 0, "slots": "[\"-1\", \"-1\", \"-1\", \"-1\", \"-1\", \"-1\", \"-1\", \"-1\", \"-1\", \"-1\", \"-1\", \"-1\", \"-1\", \"-1\", \"-1\", \"-1\", \"-1\", \"-1\", \"-1\", \"-1\"]", "cooldown_slots": "[null, null, null, null, null, null, null, null, null, null, null, null, null, null, null, null, null, null, null, null]"}}, {"model": "playerdata.levelbooster", "pk": 35, "fields": {"booster_level": 240, "unlocked_slots": 0, "slots": "[\"-1\", \"-1\", \"-1\", \"-1\", \"-1\", \"-1\", \"-1\", \"-1\", \"-1\", \"-1\", \"-1\", \"-1\", \"-1\", \"-1\", \"-1\", \"-1\", \"-1\", \"-1\", \"-1\", \"-1\"]", "cooldown_slots": "[null, null, null, null, null, null, null, null, null, null, null, null, null, null, null, null, null, null, null, null]"}}, {"model": "playerdata.levelbooster", "pk": 36, "fields": {"booster_level": 240, "unlocked_slots": 0, "slots": "[\"-1\", \"-1\", \"-1\", \"-1\", \"-1\", \"-1\", \"-1\", \"-1\", \"-1\", \"-1\", \"-1\", \"-1\", \"-1\", \"-1\", \"-1\", \"-1\", \"-1\", \"-1\", \"-1\", \"-1\"]", "cooldown_slots": "[null, null, null, null, null, null, null, null, null, null, null, null, null, null, null, null, null, null, null, null]"}}, {"model": "playerdata.relicshop", "pk": 1, "fields": {"purchased_relics": "[]"}}, {"model": "playerdata.relicshop", "pk": 2, "fields": {"purchased_relics": "[]"}}, {"model": "playerdata.relicshop", "pk": 3, "fields": {"purchased_relics": "[]"}}, {"model": "playerdata.relicshop", "pk": 12, "fields": {"purchased_relics": "[]"}}, {"model": "playerdata.relicshop", "pk": 13, "fields": {"purchased_relics": "[]"}}, {"model": "playerdata.relicshop", "pk": 14, "fields": {"purchased_relics": "[]"}}, {"model": "playerdata.relicshop", "pk": 15, "fields": {"purchased_relics": "[]"}}, {"model": "playerdata.relicshop", "pk": 16, "fields": {"purchased_relics": "[]"}}, {"model": "playerdata.relicshop", "pk": 17, "fields": {"purchased_relics": "[]"}}, {"model": "playerdata.relicshop", "pk": 18, "fields": {"purchased_relics": "[]"}}, {"model": "playerdata.relicshop", "pk": 19, "fields": {"purchased_relics": "[]"}}, {"model": "playerdata.relicshop", "pk": 20, "fields": {"purchased_relics": "[]"}}, {"model": "playerdata.relicshop", "pk": 21, "fields": {"purchased_relics": "[]"}}, {"model": "playerdata.relicshop", "pk": 22, "fields": {"purchased_relics": "[]"}}, {"model": "playerdata.relicshop", "pk": 23, "fields": {"purchased_relics": "[]"}}, {"model": "playerdata.relicshop", "pk": 24, "fields": {"purchased_relics": "[]"}}, {"model": "playerdata.relicshop", "pk": 25, "fields": {"purchased_relics": "[]"}}, {"model": "playerdata.relicshop", "pk": 26, "fields": {"purchased_relics": "[]"}}, {"model": "playerdata.relicshop", "pk": 27, "fields": {"purchased_relics": "[]"}}, {"model": "playerdata.relicshop", "pk": 28, "fields": {"purchased_relics": "[]"}}, {"model": "playerdata.relicshop", "pk": 29, "fields": {"purchased_relics": "[]"}}, {"model": "playerdata.relicshop", "pk": 30, "fields": {"purchased_relics": "[]"}}, {"model": "playerdata.relicshop", "pk": 31, "fields": {"purchased_relics": "[]"}}, {"model": "playerdata.relicshop", "pk": 32, "fields": {"purchased_relics": "[]"}}, {"model": "playerdata.relicshop", "pk": 33, "fields": {"purchased_relics": "[]"}}, {"model": "playerdata.relicshop", "pk": 34, "fields": {"purchased_relics": "[]"}}, {"model": "playerdata.relicshop", "pk": 35, "fields": {"purchased_relics": "[]"}}, {"model": "playerdata.relicshop", "pk": 36, "fields": {"purchased_relics": "[]"}}, {"model": "playerdata.wishlist", "pk": 1, "fields": {"legendaries": "[]", "epics": "[]", "rares": "[]", "is_active": false}}, {"model": "playerdata.wishlist", "pk": 2, "fields": {"legendaries": "[]", "epics": "[]", "rares": "[]", "is_active": false}}, {"model": "playerdata.wishlist", "pk": 3, "fields": {"legendaries": "[]", "epics": "[]", "rares": "[]", "is_active": false}}, {"model": "playerdata.wishlist", "pk": 12, "fields": {"legendaries": "[]", "epics": "[]", "rares": "[]", "is_active": false}}, {"model": "playerdata.wishlist", "pk": 13, "fields": {"legendaries": "[]", "epics": "[]", "rares": "[]", "is_active": false}}, {"model": "playerdata.wishlist", "pk": 14, "fields": {"legendaries": "[]", "epics": "[]", "rares": "[]", "is_active": false}}, {"model": "playerdata.wishlist", "pk": 15, "fields": {"legendaries": "[]", "epics": "[]", "rares": "[]", "is_active": false}}, {"model": "playerdata.wishlist", "pk": 16, "fields": {"legendaries": "[]", "epics": "[]", "rares": "[]", "is_active": false}}, {"model": "playerdata.wishlist", "pk": 17, "fields": {"legendaries": "[]", "epics": "[]", "rares": "[]", "is_active": false}}, {"model": "playerdata.wishlist", "pk": 18, "fields": {"legendaries": "[]", "epics": "[]", "rares": "[]", "is_active": false}}, {"model": "playerdata.wishlist", "pk": 19, "fields": {"legendaries": "[]", "epics": "[]", "rares": "[]", "is_active": false}}, {"model": "playerdata.wishlist", "pk": 20, "fields": {"legendaries": "[]", "epics": "[]", "rares": "[]", "is_active": false}}, {"model": "playerdata.wishlist", "pk": 21, "fields": {"legendaries": "[]", "epics": "[]", "rares": "[]", "is_active": false}}, {"model": "playerdata.wishlist", "pk": 22, "fields": {"legendaries": "[]", "epics": "[]", "rares": "[]", "is_active": false}}, {"model": "playerdata.wishlist", "pk": 23, "fields": {"legendaries": "[]", "epics": "[]", "rares": "[]", "is_active": false}}, {"model": "playerdata.wishlist", "pk": 24, "fields": {"legendaries": "[]", "epics": "[]", "rares": "[]", "is_active": false}}, {"model": "playerdata.wishlist", "pk": 25, "fields": {"legendaries": "[]", "epics": "[]", "rares": "[]", "is_active": false}}, {"model": "playerdata.wishlist", "pk": 26, "fields": {"legendaries": "[]", "epics": "[]", "rares": "[]", "is_active": false}}, {"model": "playerdata.wishlist", "pk": 27, "fields": {"legendaries": "[]", "epics": "[]", "rares": "[]", "is_active": false}}, {"model": "playerdata.wishlist", "pk": 28, "fields": {"legendaries": "[]", "epics": "[]", "rares": "[]", "is_active": false}}, {"model": "playerdata.wishlist", "pk": 29, "fields": {"legendaries": "[]", "epics": "[]", "rares": "[]", "is_active": false}}, {"model": "playerdata.wishlist", "pk": 30, "fields": {"legendaries": "[]", "epics": "[]", "rares": "[]", "is_active": false}}, {"model": "playerdata.wishlist", "pk": 31, "fields": {"legendaries": "[]", "epics": "[]", "rares": "[]", "is_active": false}}, {"model": "playerdata.wishlist", "pk": 32, "fields": {"legendaries": "[]", "epics": "[]", "rares": "[]", "is_active": false}}, {"model": "playerdata.wishlist", "pk": 33, "fields": {"legendaries": "[]", "epics": "[]", "rares": "[]", "is_active": false}}, {"model": "playerdata.wishlist", "pk": 34, "fields": {"legendaries": "[]", "epics": "[]", "rares": "[]", "is_active": false}}, {"model": "playerdata.wishlist", "pk": 35, "fields": {"legendaries": "[]", "epics": "[]", "rares": "[]", "is_active": false}}, {"model": "playerdata.wishlist", "pk": 36, "fields": {"legendaries": "[]", "epics": "[]", "rares": "[]", "is_active": false}}, {"model": "playerdata.chapterrewardpack", "pk": 1, "fields": {"is_active": false, "last_completed": -1, "last_claimed": -1, "type": 0}}, {"model": "playerdata.chapterrewardpack", "pk": 2, "fields": {"is_active": false, "last_completed": -1, "last_claimed": -1, "type": 0}}, {"model": "playerdata.chapterrewardpack", "pk": 3, "fields": {"is_active": false, "last_completed": -1, "last_claimed": -1, "type": 0}}, {"model": "playerdata.chapterrewardpack", "pk": 12, "fields": {"is_active": false, "last_completed": -1, "last_claimed": -1, "type": 0}}, {"model": "playerdata.chapterrewardpack", "pk": 13, "fields": {"is_active": false, "last_completed": -1, "last_claimed": -1, "type": 0}}, {"model": "playerdata.chapterrewardpack", "pk": 14, "fields": {"is_active": false, "last_completed": -1, "last_claimed": -1, "type": 0}}, {"model": "playerdata.chapterrewardpack", "pk": 15, "fields": {"is_active": false, "last_completed": -1, "last_claimed": -1, "type": 0}}, {"model": "playerdata.chapterrewardpack", "pk": 16, "fields": {"is_active": false, "last_completed": -1, "last_claimed": -1, "type": 0}}, {"model": "playerdata.chapterrewardpack", "pk": 17, "fields": {"is_active": false, "last_completed": -1, "last_claimed": -1, "type": 0}}, {"model": "playerdata.chapterrewardpack", "pk": 18, "fields": {"is_active": false, "last_completed": -1, "last_claimed": -1, "type": 0}}, {"model": "playerdata.chapterrewardpack", "pk": 19, "fields": {"is_active": false, "last_completed": -1, "last_claimed": -1, "type": 0}}, {"model": "playerdata.chapterrewardpack", "pk": 20, "fields": {"is_active": false, "last_completed": -1, "last_claimed": -1, "type": 0}}, {"model": "playerdata.chapterrewardpack", "pk": 21, "fields": {"is_active": false, "last_completed": -1, "last_claimed": -1, "type": 0}}, {"model": "playerdata.chapterrewardpack", "pk": 22, "fields": {"is_active": false, "last_completed": -1, "last_claimed": -1, "type": 0}}, {"model": "playerdata.chapterrewardpack", "pk": 23, "fields": {"is_active": false, "last_completed": -1, "last_claimed": -1, "type": 0}}, {"model": "playerdata.chapterrewardpack", "pk": 24, "fields": {"is_active": false, "last_completed": -1, "last_claimed": -1, "type": 0}}, {"model": "playerdata.chapterrewardpack", "pk": 25, "fields": {"is_active": false, "last_completed": -1, "last_claimed": -1, "type": 0}}, {"model": "playerdata.chapterrewardpack", "pk": 26, "fields": {"is_active": false, "last_completed": -1, "last_claimed": -1, "type": 0}}, {"model": "playerdata.chapterrewardpack", "pk": 27, "fields": {"is_active": false, "last_completed": -1, "last_claimed": -1, "type": 0}}, {"model": "playerdata.chapterrewardpack", "pk": 28, "fields": {"is_active": false, "last_completed": -1, "last_claimed": -1, "type": 0}}, {"model": "playerdata.chapterrewardpack", "pk": 29, "fields": {"is_active": false, "last_completed": -1, "last_claimed": -1, "type": 0}}, {"model": "playerdata.chapterrewardpack", "pk": 30, "fields": {"is_active": false, "last_completed": -1, "last_claimed": -1, "type": 0}}, {"model": "playerdata.chapterrewardpack", "pk": 31, "fields": {"is_active": false, "last_completed": -1, "last_claimed": -1, "type": 0}}, {"model": "playerdata.chapterrewardpack", "pk": 32, "fields": {"is_active": false, "last_completed": -1, "last_claimed": -1, "type": 0}}, {"model": "playerdata.chapterrewardpack", "pk": 33, "fields": {"is_active": false, "last_completed": -1, "last_claimed": -1, "type": 0}}, {"model": "playerdata.chapterrewardpack", "pk": 34, "fields": {"is_active": false, "last_completed": -1, "last_claimed": -1, "type": 0}}, {"model": "playerdata.chapterrewardpack", "pk": 35, "fields": {"is_active": false, "last_completed": -1, "last_claimed": -1, "type": 0}}, {"model": "playerdata.chapterrewardpack", "pk": 36, "fields": {"is_active": false, "last_completed": -1, "last_claimed": -1, "type": 0}}, {"model": "playerdata.worldpack", "pk": 1, "fields": {"world": -1, "is_claimed": true}}, {"model": "playerdata.worldpack", "pk": 2, "fields": {"world": -1, "is_claimed": true}}, {"model": "playerdata.worldpack", "pk": 3, "fields": {"world": -1, "is_claimed": true}}, {"model": "playerdata.worldpack", "pk": 12, "fields": {"world": -1, "is_claimed": true}}, {"model": "playerdata.worldpack", "pk": 13, "fields": {"world": -1, "is_claimed": true}}, {"model": "playerdata.worldpack", "pk": 14, "fields": {"world": -1, "is_claimed": true}}, {"model": "playerdata.worldpack", "pk": 15, "fields": {"world": -1, "is_claimed": true}}, {"model": "playerdata.worldpack", "pk": 16, "fields": {"world": -1, "is_claimed": true}}, {"model": "playerdata.worldpack", "pk": 17, "fields": {"world": -1, "is_claimed": true}}, {"model": "playerdata.worldpack", "pk": 18, "fields": {"world": -1, "is_claimed": true}}, {"model": "playerdata.worldpack", "pk": 19, "fields": {"world": -1, "is_claimed": true}}, {"model": "playerdata.worldpack", "pk": 20, "fields": {"world": -1, "is_claimed": true}}, {"model": "playerdata.worldpack", "pk": 21, "fields": {"world": -1, "is_claimed": true}}, {"model": "playerdata.worldpack", "pk": 22, "fields": {"world": -1, "is_claimed": true}}, {"model": "playerdata.worldpack", "pk": 23, "fields": {"world": -1, "is_claimed": true}}, {"model": "playerdata.worldpack", "pk": 24, "fields": {"world": -1, "is_claimed": true}}, {"model": "playerdata.worldpack", "pk": 25, "fields": {"world": -1, "is_claimed": true}}, {"model": "playerdata.worldpack", "pk": 26, "fields": {"world": -1, "is_claimed": true}}, {"model": "playerdata.worldpack", "pk": 27, "fields": {"world": -1, "is_claimed": true}}, {"model": "playerdata.worldpack", "pk": 28, "fields": {"world": -1, "is_claimed": true}}, {"model": "playerdata.worldpack", "pk": 29, "fields": {"world": -1, "is_claimed": true}}, {"model": "playerdata.worldpack", "pk": 30, "fields": {"world": -1, "is_claimed": true}}, {"model": "playerdata.worldpack", "pk": 31, "fields": {"world": -1, "is_claimed": true}}, {"model": "playerdata.worldpack", "pk": 32, "fields": {"world": -1, "is_claimed": true}}, {"model": "playerdata.worldpack", "pk": 33, "fields": {"world": -1, "is_claimed": true}}, {"model": "playerdata.worldpack", "pk": 34, "fields": {"world": -1, "is_claimed": true}}, {"model": "playerdata.worldpack", "pk": 35, "fields": {"world": -1, "is_claimed": true}}, {"model": "playerdata.worldpack", "pk": 36, "fields": {"world": -1, "is_claimed": true}}, {"model": "playerdata.regalrewards", "pk": 1, "fields": {"is_premium": false, "points": 0, "last_completed": -1, "last_claimed": -1, "last_claimed_premium": -1}}, {"model": "playerdata.regalrewards", "pk": 2, "fields": {"is_premium": false, "points": 0, "last_completed": -1, "last_claimed": -1, "last_claimed_premium": -1}}, {"model": "playerdata.regalrewards", "pk": 3, "fields": {"is_premium": false, "points": 0, "last_completed": -1, "last_claimed": -1, "last_claimed_premium": -1}}, {"model": "playerdata.regalrewards", "pk": 12, "fields": {"is_premium": false, "points": 0, "last_completed": -1, "last_claimed": -1, "last_claimed_premium": -1}}, {"model": "playerdata.regalrewards", "pk": 13, "fields": {"is_premium": false, "points": 0, "last_completed": -1, "last_claimed": -1, "last_claimed_premium": -1}}, {"model": "playerdata.regalrewards", "pk": 14, "fields": {"is_premium": false, "points": 0, "last_completed": -1, "last_claimed": -1, "last_claimed_premium": -1}}, {"model": "playerdata.regalrewards", "pk": 15, "fields": {"is_premium": false, "points": 0, "last_completed": -1, "last_claimed": -1, "last_claimed_premium": -1}}, {"model": "playerdata.regalrewards", "pk": 16, "fields": {"is_premium": false, "points": 0, "last_completed": -1, "last_claimed": -1, "last_claimed_premium": -1}}, {"model": "playerdata.regalrewards", "pk": 17, "fields": {"is_premium": false, "points": 0, "last_completed": -1, "last_claimed": -1, "last_claimed_premium": -1}}, {"model": "playerdata.regalrewards", "pk": 18, "fields": {"is_premium": false, "points": 0, "last_completed": -1, "last_claimed": -1, "last_claimed_premium": -1}}, {"model": "playerdata.regalrewards", "pk": 19, "fields": {"is_premium": false, "points": 0, "last_completed": -1, "last_claimed": -1, "last_claimed_premium": -1}}, {"model": "playerdata.regalrewards", "pk": 20, "fields": {"is_premium": false, "points": 0, "last_completed": -1, "last_claimed": -1, "last_claimed_premium": -1}}, {"model": "playerdata.regalrewards", "pk": 21, "fields": {"is_premium": false, "points": 0, "last_completed": -1, "last_claimed": -1, "last_claimed_premium": -1}}, {"model": "playerdata.regalrewards", "pk": 22, "fields": {"is_premium": false, "points": 0, "last_completed": -1, "last_claimed": -1, "last_claimed_premium": -1}}, {"model": "playerdata.regalrewards", "pk": 23, "fields": {"is_premium": false, "points": 0, "last_completed": -1, "last_claimed": -1, "last_claimed_premium": -1}}, {"model": "playerdata.regalrewards", "pk": 24, "fields": {"is_premium": false, "points": 0, "last_completed": -1, "last_claimed": -1, "last_claimed_premium": -1}}, {"model": "playerdata.regalrewards", "pk": 25, "fields": {"is_premium": false, "points": 0, "last_completed": -1, "last_claimed": -1, "last_claimed_premium": -1}}, {"model": "playerdata.regalrewards", "pk": 26, "fields": {"is_premium": false, "points": 0, "last_completed": -1, "last_claimed": -1, "last_claimed_premium": -1}}, {"model": "playerdata.regalrewards", "pk": 27, "fields": {"is_premium": false, "points": 0, "last_completed": -1, "last_claimed": -1, "last_claimed_premium": -1}}, {"model": "playerdata.regalrewards", "pk": 28, "fields": {"is_premium": false, "points": 0, "last_completed": -1, "last_claimed": -1, "last_claimed_premium": -1}}, {"model": "playerdata.regalrewards", "pk": 29, "fields": {"is_premium": false, "points": 0, "last_completed": -1, "last_claimed": -1, "last_claimed_premium": -1}}, {"model": "playerdata.regalrewards", "pk": 30, "fields": {"is_premium": false, "points": 0, "last_completed": -1, "last_claimed": -1, "last_claimed_premium": -1}}, {"model": "playerdata.regalrewards", "pk": 31, "fields": {"is_premium": false, "points": 0, "last_completed": -1, "last_claimed": -1, "last_claimed_premium": -1}}, {"model": "playerdata.regalrewards", "pk": 32, "fields": {"is_premium": false, "points": 0, "last_completed": -1, "last_claimed": -1, "last_claimed_premium": -1}}, {"model": "playerdata.regalrewards", "pk": 33, "fields": {"is_premium": false, "points": 0, "last_completed": -1, "last_claimed": -1, "last_claimed_premium": -1}}, {"model": "playerdata.regalrewards", "pk": 34, "fields": {"is_premium": false, "points": 0, "last_completed": -1, "last_claimed": -1, "last_claimed_premium": -1}}, {"model": "playerdata.regalrewards", "pk": 35, "fields": {"is_premium": false, "points": 0, "last_completed": -1, "last_claimed": -1, "last_claimed_premium": -1}}, {"model": "playerdata.regalrewards", "pk": 36, "fields": {"is_premium": false, "points": 0, "last_completed": -1, "last_claimed": -1, "last_claimed_premium": -1}}, {"model": "playerdata.eventrewards", "pk": 1, "fields": {"last_claimed_reward": -1}}, {"model": "playerdata.eventrewards", "pk": 2, "fields": {"last_claimed_reward": -1}}, {"model": "playerdata.eventrewards", "pk": 3, "fields": {"last_claimed_reward": -1}}, {"model": "playerdata.eventrewards", "pk": 12, "fields": {"last_claimed_reward": -1}}, {"model": "playerdata.eventrewards", "pk": 13, "fields": {"last_claimed_reward": -1}}, {"model": "playerdata.eventrewards", "pk": 14, "fields": {"last_claimed_reward": -1}}, {"model": "playerdata.eventrewards", "pk": 15, "fields": {"last_claimed_reward": -1}}, {"model": "playerdata.eventrewards", "pk": 16, "fields": {"last_claimed_reward": -1}}, {"model": "playerdata.eventrewards", "pk": 17, "fields": {"last_claimed_reward": -1}}, {"model": "playerdata.eventrewards", "pk": 18, "fields": {"last_claimed_reward": -1}}, {"model": "playerdata.eventrewards", "pk": 19, "fields": {"last_claimed_reward": -1}}, {"model": "playerdata.eventrewards", "pk": 20, "fields": {"last_claimed_reward": -1}}, {"model": "playerdata.eventrewards", "pk": 21, "fields": {"last_claimed_reward": -1}}, {"model": "playerdata.eventrewards", "pk": 22, "fields": {"last_claimed_reward": -1}}, {"model": "playerdata.eventrewards", "pk": 23, "fields": {"last_claimed_reward": -1}}, {"model": "playerdata.eventrewards", "pk": 24, "fields": {"last_claimed_reward": -1}}, {"model": "playerdata.eventrewards", "pk": 25, "fields": {"last_claimed_reward": -1}}, {"model": "playerdata.eventrewards", "pk": 26, "fields": {"last_claimed_reward": -1}}, {"model": "playerdata.eventrewards", "pk": 27, "fields": {"last_claimed_reward": -1}}, {"model": "playerdata.eventrewards", "pk": 28, "fields": {"last_claimed_reward": -1}}, {"model": "playerdata.eventrewards", "pk": 29, "fields": {"last_claimed_reward": -1}}, {"model": "playerdata.eventrewards", "pk": 30, "fields": {"last_claimed_reward": -1}}, {"model": "playerdata.eventrewards", "pk": 31, "fields": {"last_claimed_reward": -1}}, {"model": "playerdata.eventrewards", "pk": 32, "fields": {"last_claimed_reward": -1}}, {"model": "playerdata.eventrewards", "pk": 33, "fields": {"last_claimed_reward": -1}}, {"model": "playerdata.eventrewards", "pk": 34, "fields": {"last_claimed_reward": -1}}, {"model": "playerdata.eventrewards", "pk": 35, "fields": {"last_claimed_reward": -1}}, {"model": "playerdata.eventrewards", "pk": 36, "fields": {"last_claimed_reward": -1}}, {"model": "playerdata.storymode", "pk": 1, "fields": {"available_stories": "[]", "completed_stories": "[]", "buff_points": 0, "current_tier": -1, "current_lvl": 0, "num_runs": 0, "story_id": -1, "character_state": null, "boons": {}, "pregame_buffs": {}}}, {"model": "playerdata.storymode", "pk": 2, "fields": {"available_stories": "[]", "completed_stories": "[]", "buff_points": 0, "current_tier": -1, "current_lvl": 0, "num_runs": 0, "story_id": -1, "character_state": null, "boons": {}, "pregame_buffs": {}}}, {"model": "playerdata.storymode", "pk": 3, "fields": {"available_stories": "[]", "completed_stories": "[]", "buff_points": 0, "current_tier": -1, "current_lvl": 0, "num_runs": 0, "story_id": -1, "character_state": null, "boons": {}, "pregame_buffs": {}}}, {"model": "playerdata.storymode", "pk": 12, "fields": {"available_stories": "[]", "completed_stories": "[]", "buff_points": 0, "current_tier": -1, "current_lvl": 0, "num_runs": 0, "story_id": -1, "character_state": null, "boons": {}, "pregame_buffs": {}}}, {"model": "playerdata.storymode", "pk": 13, "fields": {"available_stories": "[]", "completed_stories": "[]", "buff_points": 0, "current_tier": -1, "current_lvl": 0, "num_runs": 0, "story_id": -1, "character_state": null, "boons": {}, "pregame_buffs": {}}}, {"model": "playerdata.storymode", "pk": 14, "fields": {"available_stories": "[]", "completed_stories": "[]", "buff_points": 0, "current_tier": -1, "current_lvl": 0, "num_runs": 0, "story_id": -1, "character_state": null, "boons": {}, "pregame_buffs": {}}}, {"model": "playerdata.storymode", "pk": 15, "fields": {"available_stories": "[]", "completed_stories": "[]", "buff_points": 0, "current_tier": -1, "current_lvl": 0, "num_runs": 0, "story_id": -1, "character_state": null, "boons": {}, "pregame_buffs": {}}}, {"model": "playerdata.storymode", "pk": 16, "fields": {"available_stories": "[]", "completed_stories": "[]", "buff_points": 0, "current_tier": -1, "current_lvl": 0, "num_runs": 0, "story_id": -1, "character_state": null, "boons": {}, "pregame_buffs": {}}}, {"model": "playerdata.storymode", "pk": 17, "fields": {"available_stories": "[]", "completed_stories": "[]", "buff_points": 0, "current_tier": -1, "current_lvl": 0, "num_runs": 0, "story_id": -1, "character_state": null, "boons": {}, "pregame_buffs": {}}}, {"model": "playerdata.storymode", "pk": 18, "fields": {"available_stories": "[]", "completed_stories": "[]", "buff_points": 0, "current_tier": -1, "current_lvl": 0, "num_runs": 0, "story_id": -1, "character_state": null, "boons": {}, "pregame_buffs": {}}}, {"model": "playerdata.storymode", "pk": 19, "fields": {"available_stories": "[]", "completed_stories": "[]", "buff_points": 0, "current_tier": -1, "current_lvl": 0, "num_runs": 0, "story_id": -1, "character_state": null, "boons": {}, "pregame_buffs": {}}}, {"model": "playerdata.storymode", "pk": 20, "fields": {"available_stories": "[]", "completed_stories": "[]", "buff_points": 0, "current_tier": -1, "current_lvl": 0, "num_runs": 0, "story_id": -1, "character_state": null, "boons": {}, "pregame_buffs": {}}}, {"model": "playerdata.storymode", "pk": 21, "fields": {"available_stories": "[]", "completed_stories": "[]", "buff_points": 0, "current_tier": -1, "current_lvl": 0, "num_runs": 0, "story_id": -1, "character_state": null, "boons": {}, "pregame_buffs": {}}}, {"model": "playerdata.storymode", "pk": 22, "fields": {"available_stories": "[]", "completed_stories": "[]", "buff_points": 0, "current_tier": -1, "current_lvl": 0, "num_runs": 0, "story_id": -1, "character_state": null, "boons": {}, "pregame_buffs": {}}}, {"model": "playerdata.storymode", "pk": 23, "fields": {"available_stories": "[]", "completed_stories": "[]", "buff_points": 0, "current_tier": -1, "current_lvl": 0, "num_runs": 0, "story_id": -1, "character_state": null, "boons": {}, "pregame_buffs": {}}}, {"model": "playerdata.storymode", "pk": 24, "fields": {"available_stories": "[]", "completed_stories": "[]", "buff_points": 0, "current_tier": -1, "current_lvl": 0, "num_runs": 0, "story_id": -1, "character_state": null, "boons": {}, "pregame_buffs": {}}}, {"model": "playerdata.storymode", "pk": 25, "fields": {"available_stories": "[]", "completed_stories": "[]", "buff_points": 0, "current_tier": -1, "current_lvl": 0, "num_runs": 0, "story_id": -1, "character_state": null, "boons": {}, "pregame_buffs": {}}}, {"model": "playerdata.storymode", "pk": 26, "fields": {"available_stories": "[]", "completed_stories": "[]", "buff_points": 0, "current_tier": -1, "current_lvl": 0, "num_runs": 0, "story_id": -1, "character_state": null, "boons": {}, "pregame_buffs": {}}}, {"model": "playerdata.storymode", "pk": 27, "fields": {"available_stories": "[]", "completed_stories": "[]", "buff_points": 0, "current_tier": -1, "current_lvl": 0, "num_runs": 0, "story_id": -1, "character_state": null, "boons": {}, "pregame_buffs": {}}}, {"model": "playerdata.storymode", "pk": 28, "fields": {"available_stories": "[]", "completed_stories": "[]", "buff_points": 0, "current_tier": -1, "current_lvl": 0, "num_runs": 0, "story_id": -1, "character_state": null, "boons": {}, "pregame_buffs": {}}}, {"model": "playerdata.storymode", "pk": 29, "fields": {"available_stories": "[]", "completed_stories": "[]", "buff_points": 0, "current_tier": -1, "current_lvl": 0, "num_runs": 0, "story_id": -1, "character_state": null, "boons": {}, "pregame_buffs": {}}}, {"model": "playerdata.storymode", "pk": 30, "fields": {"available_stories": "[]", "completed_stories": "[]", "buff_points": 0, "current_tier": -1, "current_lvl": 0, "num_runs": 0, "story_id": -1, "character_state": null, "boons": {}, "pregame_buffs": {}}}, {"model": "playerdata.storymode", "pk": 31, "fields": {"available_stories": "[]", "completed_stories": "[]", "buff_points": 0, "current_tier": -1, "current_lvl": 0, "num_runs": 0, "story_id": -1, "character_state": null, "boons": {}, "pregame_buffs": {}}}, {"model": "playerdata.storymode", "pk": 32, "fields": {"available_stories": "[]", "completed_stories": "[]", "buff_points": 0, "current_tier": -1, "current_lvl": 0, "num_runs": 0, "story_id": -1, "character_state": null, "boons": {}, "pregame_buffs": {}}}, {"model": "playerdata.storymode", "pk": 33, "fields": {"available_stories": "[]", "completed_stories": "[]", "buff_points": 0, "current_tier": -1, "current_lvl": 0, "num_runs": 0, "story_id": -1, "character_state": null, "boons": {}, "pregame_buffs": {}}}, {"model": "playerdata.storymode", "pk": 34, "fields": {"available_stories": "[]", "completed_stories": "[]", "buff_points": 0, "current_tier": -1, "current_lvl": 0, "num_runs": 0, "story_id": -1, "character_state": null, "boons": {}, "pregame_buffs": {}}}, {"model": "playerdata.storymode", "pk": 35, "fields": {"available_stories": "[]", "completed_stories": "[]", "buff_points": 0, "current_tier": -1, "current_lvl": 0, "num_runs": 0, "story_id": -1, "character_state": null, "boons": {}, "pregame_buffs": {}}}, {"model": "playerdata.storymode", "pk": 36, "fields": {"available_stories": "[]", "completed_stories": "[]", "buff_points": 0, "current_tier": -1, "current_lvl": 0, "num_runs": 0, "story_id": -1, "character_state": null, "boons": {}, "pregame_buffs": {}}}, {"model": "playerdata.rotatingmodestatus", "pk": 1, "fields": {"stage": 1, "character_state": null, "rewards_claimed": 0}}, {"model": "playerdata.rotatingmodestatus", "pk": 2, "fields": {"stage": 1, "character_state": null, "rewards_claimed": 0}}, {"model": "playerdata.rotatingmodestatus", "pk": 3, "fields": {"stage": 1, "character_state": null, "rewards_claimed": 0}}, {"model": "playerdata.rotatingmodestatus", "pk": 12, "fields": {"stage": 1, "character_state": null, "rewards_claimed": 0}}, {"model": "playerdata.rotatingmodestatus", "pk": 13, "fields": {"stage": 1, "character_state": null, "rewards_claimed": 0}}, {"model": "playerdata.rotatingmodestatus", "pk": 14, "fields": {"stage": 1, "character_state": null, "rewards_claimed": 0}}, {"model": "playerdata.rotatingmodestatus", "pk": 15, "fields": {"stage": 1, "character_state": null, "rewards_claimed": 0}}, {"model": "playerdata.rotatingmodestatus", "pk": 16, "fields": {"stage": 1, "character_state": null, "rewards_claimed": 0}}, {"model": "playerdata.rotatingmodestatus", "pk": 17, "fields": {"stage": 1, "character_state": null, "rewards_claimed": 0}}, {"model": "playerdata.rotatingmodestatus", "pk": 18, "fields": {"stage": 1, "character_state": null, "rewards_claimed": 0}}, {"model": "playerdata.rotatingmodestatus", "pk": 19, "fields": {"stage": 1, "character_state": null, "rewards_claimed": 0}}, {"model": "playerdata.rotatingmodestatus", "pk": 20, "fields": {"stage": 1, "character_state": null, "rewards_claimed": 0}}, {"model": "playerdata.rotatingmodestatus", "pk": 21, "fields": {"stage": 1, "character_state": null, "rewards_claimed": 0}}, {"model": "playerdata.rotatingmodestatus", "pk": 22, "fields": {"stage": 1, "character_state": null, "rewards_claimed": 0}}, {"model": "playerdata.rotatingmodestatus", "pk": 23, "fields": {"stage": 1, "character_state": null, "rewards_claimed": 0}}, {"model": "playerdata.rotatingmodestatus", "pk": 24, "fields": {"stage": 1, "character_state": null, "rewards_claimed": 0}}, {"model": "playerdata.rotatingmodestatus", "pk": 25, "fields": {"stage": 1, "character_state": null, "rewards_claimed": 0}}, {"model": "playerdata.rotatingmodestatus", "pk": 26, "fields": {"stage": 1, "character_state": null, "rewards_claimed": 0}}, {"model": "playerdata.rotatingmodestatus", "pk": 27, "fields": {"stage": 1, "character_state": null, "rewards_claimed": 0}}, {"model": "playerdata.rotatingmodestatus", "pk": 28, "fields": {"stage": 1, "character_state": null, "rewards_claimed": 0}}, {"model": "playerdata.rotatingmodestatus", "pk": 29, "fields": {"stage": 1, "character_state": null, "rewards_claimed": 0}}, {"model": "playerdata.rotatingmodestatus", "pk": 30, "fields": {"stage": 1, "character_state": null, "rewards_claimed": 0}}, {"model": "playerdata.rotatingmodestatus", "pk": 31, "fields": {"stage": 1, "character_state": null, "rewards_claimed": 0}}, {"model": "playerdata.rotatingmodestatus", "pk": 32, "fields": {"stage": 1, "character_state": null, "rewards_claimed": 0}}, {"model": "playerdata.rotatingmodestatus", "pk": 33, "fields": {"stage": 1, "character_state": null, "rewards_claimed": 0}}, {"model": "playerdata.rotatingmodestatus", "pk": 34, "fields": {"stage": 1, "character_state": null, "rewards_claimed": 0}}, {"model": "playerdata.rotatingmodestatus", "pk": 35, "fields": {"stage": 1, "character_state": null, "rewards_claimed": 0}}, {"model": "playerdata.rotatingmodestatus", "pk": 36, "fields": {"stage": 1, "character_state": null, "rewards_claimed": 0}}]