[{"model": "auth.user", "pk": 1, "fields": {"password": "pbkdf2_sha256$180000$6uIcVPnyBLqL$3xa6RRFSBu4zZWlOLvD+8bRhuyMRTkInng1YVyNnWl4=", "last_login": "2020-09-07T18:27:54.085Z", "is_superuser": true, "username": "battlegame", "first_name": "", "last_name": "", "email": "wilsoncwu@gmail.com", "is_staff": true, "is_active": true, "date_joined": "2020-03-26T20:45:03.348Z", "groups": [], "user_permissions": []}}, {"model": "auth.user", "pk": 2, "fields": {"password": "pbkdf2_sha256$180000$oESZGtXz5OtE$DWvSRwTzrjVo9lLezG9VIdgnXiHm0McvbpxlF8RdJXQ=", "last_login": null, "is_superuser": false, "username": "wilsoncwu", "first_name": "", "last_name": "", "email": "", "is_staff": false, "is_active": true, "date_joined": "2020-03-30T02:44:05.248Z", "groups": [], "user_permissions": []}}, {"model": "auth.user", "pk": 3, "fields": {"password": "pbkdf2_sha256$180000$2l12uOT7bV9a$x1ElxzPVNNYl/nzxWLYMQXCkXU6N6ib35GqYSXkxh8U=", "last_login": null, "is_superuser": false, "username": "jj", "first_name": "", "last_name": "", "email": "", "is_staff": false, "is_active": true, "date_joined": "2020-03-30T02:54:32Z", "groups": [], "user_permissions": []}}, {"model": "auth.user", "pk": 12, "fields": {"password": "pbkdf2_sha256$180000$dXhAqmfA2hSG$lA8UrGZmuJcdpbyZfGI9rR3Cp2NIp8x9LTEd5MJuN6A=", "last_login": null, "is_superuser": false, "username": "test", "first_name": "", "last_name": "", "email": "", "is_staff": false, "is_active": true, "date_joined": "2020-04-03T05:16:47Z", "groups": [], "user_permissions": []}}, {"model": "auth.user", "pk": 13, "fields": {"password": "pbkdf2_sha256$180000$ykjeCwSFdlpH$ak26Ni+v9AlbknkcjXT6aSKpGYnI3s0jZFWNPargCNU=", "last_login": null, "is_superuser": false, "username": "test2", "first_name": "", "last_name": "", "email": "", "is_staff": false, "is_active": true, "date_joined": "2020-04-03T05:29:03Z", "groups": [], "user_permissions": []}}, {"model": "auth.user", "pk": 14, "fields": {"password": "pbkdf2_sha256$180000$dL0amKdFFLp1$LtA8fjyQRF8mh01Wtp1BKh4dB2YOCkU8KfylGiZwXP8=", "last_login": null, "is_superuser": false, "username": "test3", "first_name": "tester", "last_name": "", "email": "", "is_staff": false, "is_active": true, "date_joined": "2020-04-03T18:19:22Z", "groups": [], "user_permissions": []}}, {"model": "auth.user", "pk": 15, "fields": {"password": "pbkdf2_sha256$180000$BmDnAVR4xPE1$hFF7T5wnJWTan+3rUIrjI4gUIVMhWRnIlerM0LUQLSo=", "last_login": null, "is_superuser": false, "username": "test4", "first_name": "", "last_name": "", "email": "", "is_staff": false, "is_active": true, "date_joined": "2020-04-06T03:52:48.045Z", "groups": [], "user_permissions": []}}, {"model": "auth.user", "pk": 16, "fields": {"password": "pbkdf2_sha256$180000$6etfVtSzD10F$7uOQmwQ7gTk8vbU/kO7zdS0ao6TKVOpJa8d6UkVQKZI=", "last_login": null, "is_superuser": false, "username": "15", "first_name": "", "last_name": "", "email": "", "is_staff": false, "is_active": true, "date_joined": "2020-04-08T04:55:59Z", "groups": [], "user_permissions": []}}, {"model": "auth.user", "pk": 17, "fields": {"password": "pbkdf2_sha256$180000$0aLkH5jNGBio$XQz80I9R/Onc+0ahGf6JeS1JZh1I8SLC3Yk292pfTWE=", "last_login": null, "is_superuser": false, "username": "17", "first_name": "", "last_name": "", "email": "", "is_staff": false, "is_active": true, "date_joined": "2020-04-08T05:01:56Z", "groups": [], "user_permissions": []}}, {"model": "auth.user", "pk": 18, "fields": {"password": "pbkdf2_sha256$180000$yCMPLCkeRwxv$R0qQEl3fq7hHrQE0kL/zSmCDV0lJhw292xOx/ArDVGs=", "last_login": null, "is_superuser": false, "username": "VideoParty", "first_name": "", "last_name": "", "email": "", "is_staff": false, "is_active": true, "date_joined": "2020-05-26T03:31:19.438Z", "groups": [], "user_permissions": []}}, {"model": "auth.user", "pk": 19, "fields": {"password": "pbkdf2_sha256$180000$rYfm32qd5SQu$GjET5s2bV8wlHgtPn4tL1QoRH4qRrQ/LNtnVVoXjSEI=", "last_login": null, "is_superuser": false, "username": "test5", "first_name": "", "last_name": "", "email": "", "is_staff": false, "is_active": true, "date_joined": "2020-05-29T22:42:57.593Z", "groups": [], "user_permissions": []}}, {"model": "auth.user", "pk": 20, "fields": {"password": "pbkdf2_sha256$180000$EQuAP5MbnmN9$Jlad4GAokkIb+ohqK5L62sZU0oPj/O8kWjOYDqU1rTA=", "last_login": "2020-09-10T19:16:47.407Z", "is_superuser": true, "username": "dwang", "first_name": "", "last_name": "", "email": "", "is_staff": true, "is_active": true, "date_joined": "2020-05-30T03:19:58Z", "groups": [], "user_permissions": []}}, {"model": "auth.user", "pk": 21, "fields": {"password": "pbkdf2_sha256$180000$GseLstyEYXYU$XD0M92ZFy5zWgvO5dFURFPuK4YNWxb/kvbm8sEgVnis=", "last_login": null, "is_superuser": false, "username": "testWilson", "first_name": "", "last_name": "", "email": "", "is_staff": false, "is_active": true, "date_joined": "2020-06-02T19:25:02.899Z", "groups": [], "user_permissions": []}}, {"model": "auth.user", "pk": 22, "fields": {"password": "pbkdf2_sha256$180000$79vm7s6876xg$mqpvG5mzTlI8VGMmuIBgA0mMyzB0hA6ctFxmGijBDDI=", "last_login": null, "is_superuser": false, "username": "George", "first_name": "", "last_name": "", "email": "", "is_staff": false, "is_active": true, "date_joined": "2020-06-25T20:54:44.816Z", "groups": [], "user_permissions": []}}, {"model": "auth.user", "pk": 23, "fields": {"password": "pbkdf2_sha256$180000$yBaN2Fw00U8n$375PScmZw7piEb5eNSxzAvHITWoOfLekK9PDwTvzNg0=", "last_login": "2020-11-15T21:59:23.891Z", "is_superuser": true, "username": "yanske1", "first_name": "", "last_name": "", "email": "", "is_staff": true, "is_active": true, "date_joined": "2020-08-01T20:23:17Z", "groups": [], "user_permissions": []}}, {"model": "auth.user", "pk": 24, "fields": {"password": "pbkdf2_sha256$180000$uDmOkrpOJtwb$gucrxVK3a4yX4BJNrrqaA+ZMuCSNUpAa5Z5kMDyPuNM=", "last_login": "2020-09-15T17:41:48.790Z", "is_superuser": true, "username": "advaitm", "first_name": "Advait", "last_name": "Maybhate", "email": "advait.maybhate9@gmail.com", "is_staff": true, "is_active": true, "date_joined": "2020-09-05T16:20:11Z", "groups": [], "user_permissions": []}}, {"model": "auth.user", "pk": 25, "fields": {"password": "pbkdf2_sha256$180000$rZ15iZlZVsIC$QFX/NgzXqSjZ5uEguSkUkKqR9GUBbYt5ZcOREeg1GqU=", "last_login": null, "is_superuser": false, "username": "advait-dev", "first_name": "Advait", "last_name": "Maybhate", "email": "", "is_staff": false, "is_active": true, "date_joined": "2020-09-15T17:47:42Z", "groups": [], "user_permissions": []}}, {"model": "auth.user", "pk": 26, "fields": {"password": "pbkdf2_sha256$180000$ARzBU5qLdBhI$roTQFU3C8VEsqQBbJdApaK9SpQ5GiILlorQ/V5+GAS8=", "last_login": null, "is_superuser": false, "username": "wilson-dev", "first_name": "Wilson", "last_name": "Wu", "email": "", "is_staff": false, "is_active": true, "date_joined": "2020-09-15T18:20:28Z", "groups": [], "user_permissions": []}}, {"model": "auth.user", "pk": 27, "fields": {"password": "pbkdf2_sha256$180000$XuR34vKZ9SLa$LmN5YvIXyNLh34V/ntPcKeokFYTYiuudCgQ3ibY7dtE=", "last_login": null, "is_superuser": false, "username": "daniel-dev", "first_name": "Daniel", "last_name": "Wang", "email": "", "is_staff": false, "is_active": true, "date_joined": "2020-09-15T18:20:57Z", "groups": [], "user_permissions": []}}, {"model": "auth.user", "pk": 28, "fields": {"password": "pbkdf2_sha256$180000$9OJukUzIdivq$zyUp52ULRXKIawEWBocFuHTRs0vXM6J+m893XL/vn60=", "last_login": null, "is_superuser": false, "username": "yan-dev", "first_name": "Yan", "last_name": "Ke", "email": "", "is_staff": false, "is_active": true, "date_joined": "2020-09-15T18:21:35Z", "groups": [], "user_permissions": []}}, {"model": "sessions.session", "pk": "0i8ht4vwtmo0zpax3cddysalo7pvk4g8", "fields": {"session_data": "Nzk3YTA2Y2FmZmY5YTY3ZTJmMjFhNzNmM2VhODgzZGUzOTQyYzcyMDp7Il9hdXRoX3VzZXJfaWQiOiIxIiwiX2F1dGhfdXNlcl9iYWNrZW5kIjoiZGphbmdvLmNvbnRyaWIuYXV0aC5iYWNrZW5kcy5Nb2RlbEJhY2tlbmQiLCJfYXV0aF91c2VyX2hhc2giOiIzMDA1Y2EwMWZiNTQwZDgzMzQ4YmQ2NGRhZjgyYWFhMjE4Mjk0M2JhIn0=", "expire_date": "2020-06-14T17:48:28.472Z"}}, {"model": "sessions.session", "pk": "1ibzev6e1bsszfi0lw8h8jr54poat4br", "fields": {"session_data": "Nzk3YTA2Y2FmZmY5YTY3ZTJmMjFhNzNmM2VhODgzZGUzOTQyYzcyMDp7Il9hdXRoX3VzZXJfaWQiOiIxIiwiX2F1dGhfdXNlcl9iYWNrZW5kIjoiZGphbmdvLmNvbnRyaWIuYXV0aC5iYWNrZW5kcy5Nb2RlbEJhY2tlbmQiLCJfYXV0aF91c2VyX2hhc2giOiIzMDA1Y2EwMWZiNTQwZDgzMzQ4YmQ2NGRhZjgyYWFhMjE4Mjk0M2JhIn0=", "expire_date": "2020-09-12T19:22:48.057Z"}}, {"model": "sessions.session", "pk": "2f0fg1yhgrimtvn81y9awty72e71a096", "fields": {"session_data": "ZTZlOTRlNDljYTM5YWU4Nzc1MGNjMjQ0MWJlN2QyMjliODQ1ZjgwNzp7Il9hdXRoX3VzZXJfaWQiOiIyNCIsIl9hdXRoX3VzZXJfYmFja2VuZCI6ImRqYW5nby5jb250cmliLmF1dGguYmFja2VuZHMuTW9kZWxCYWNrZW5kIiwiX2F1dGhfdXNlcl9oYXNoIjoiNWM2YmQyNzAyMzljMjAxNzQ3OGYxY2Y0OWVjMGQwOTlmNDM1MDZjMyJ9", "expire_date": "2020-09-19T16:20:37.997Z"}}, {"model": "sessions.session", "pk": "3aw0o68671bxq6fg3zsn4uz8eebqz79t", "fields": {"session_data": "Nzk3YTA2Y2FmZmY5YTY3ZTJmMjFhNzNmM2VhODgzZGUzOTQyYzcyMDp7Il9hdXRoX3VzZXJfaWQiOiIxIiwiX2F1dGhfdXNlcl9iYWNrZW5kIjoiZGphbmdvLmNvbnRyaWIuYXV0aC5iYWNrZW5kcy5Nb2RlbEJhY2tlbmQiLCJfYXV0aF91c2VyX2hhc2giOiIzMDA1Y2EwMWZiNTQwZDgzMzQ4YmQ2NGRhZjgyYWFhMjE4Mjk0M2JhIn0=", "expire_date": "2020-04-13T04:27:14.238Z"}}, {"model": "sessions.session", "pk": "4wcpc1eodv9cwrlgllrbkbk5fvxp4p0b", "fields": {"session_data": "MDY4NTljMzhkODFjMWZkZWFmYTExZjAzNjY4ZDYyNmIzNGFhNTJmNDp7fQ==", "expire_date": "2020-05-26T00:51:14.726Z"}}, {"model": "sessions.session", "pk": "6axbebsbfzqyoee0rm369pqn2aagjzk3", "fields": {"session_data": "Nzk3YTA2Y2FmZmY5YTY3ZTJmMjFhNzNmM2VhODgzZGUzOTQyYzcyMDp7Il9hdXRoX3VzZXJfaWQiOiIxIiwiX2F1dGhfdXNlcl9iYWNrZW5kIjoiZGphbmdvLmNvbnRyaWIuYXV0aC5iYWNrZW5kcy5Nb2RlbEJhY2tlbmQiLCJfYXV0aF91c2VyX2hhc2giOiIzMDA1Y2EwMWZiNTQwZDgzMzQ4YmQ2NGRhZjgyYWFhMjE4Mjk0M2JhIn0=", "expire_date": "2020-05-11T02:59:15.778Z"}}, {"model": "sessions.session", "pk": "79k9sfl1orj2ymzlqzw70pafq2wkz818", "fields": {"session_data": "MmUyNzRlNDk0NzVmYzVmZjQyNWFkYWY1NTkyYWMzODA5NWM1YWZmZTp7Il9hdXRoX3VzZXJfaWQiOiIyMCIsIl9hdXRoX3VzZXJfYmFja2VuZCI6ImRqYW5nby5jb250cmliLmF1dGguYmFja2VuZHMuTW9kZWxCYWNrZW5kIiwiX2F1dGhfdXNlcl9oYXNoIjoiYjEyZjdlMTM4MDk4ZWMzYTJmZGEwNzFiNjY1MzM0ZTA3N2ZjZjhmMCJ9", "expire_date": "2020-08-14T17:56:50.961Z"}}, {"model": "sessions.session", "pk": "7rdy74ic3zma1kbni4x23qlr54p1ds0r", "fields": {"session_data": "Nzk3YTA2Y2FmZmY5YTY3ZTJmMjFhNzNmM2VhODgzZGUzOTQyYzcyMDp7Il9hdXRoX3VzZXJfaWQiOiIxIiwiX2F1dGhfdXNlcl9iYWNrZW5kIjoiZGphbmdvLmNvbnRyaWIuYXV0aC5iYWNrZW5kcy5Nb2RlbEJhY2tlbmQiLCJfYXV0aF91c2VyX2hhc2giOiIzMDA1Y2EwMWZiNTQwZDgzMzQ4YmQ2NGRhZjgyYWFhMjE4Mjk0M2JhIn0=", "expire_date": "2020-07-06T20:06:57.899Z"}}, {"model": "sessions.session", "pk": "a8b90fb2hzmwv8wvz4hwk1wsqqiuub5m", "fields": {"session_data": "Nzk3YTA2Y2FmZmY5YTY3ZTJmMjFhNzNmM2VhODgzZGUzOTQyYzcyMDp7Il9hdXRoX3VzZXJfaWQiOiIxIiwiX2F1dGhfdXNlcl9iYWNrZW5kIjoiZGphbmdvLmNvbnRyaWIuYXV0aC5iYWNrZW5kcy5Nb2RlbEJhY2tlbmQiLCJfYXV0aF91c2VyX2hhc2giOiIzMDA1Y2EwMWZiNTQwZDgzMzQ4YmQ2NGRhZjgyYWFhMjE4Mjk0M2JhIn0=", "expire_date": "2020-05-01T18:09:52.559Z"}}, {"model": "sessions.session", "pk": "ayoiprgn67b1lsv2pqc3axiqftouq4u5", "fields": {"session_data": "MzRkZTFkMTQyZjZiNTUzMTRiNWRiZmJiYTJlYTI4OTlhNGNkMzEwZDp7Il9hdXRoX3VzZXJfaWQiOiIyNCIsIl9hdXRoX3VzZXJfYmFja2VuZCI6ImRqYW5nby5jb250cmliLmF1dGguYmFja2VuZHMuTW9kZWxCYWNrZW5kIiwiX2F1dGhfdXNlcl9oYXNoIjoiZWNhOTQ4NDEwZDQ0NjY1YzM5ODFmNjM2MWI0ZTZiNDJlOTczYzRlOCJ9", "expire_date": "2020-09-29T17:41:48.811Z"}}, {"model": "sessions.session", "pk": "bd8c06sr6rgsxgjnt0ee0dru3epe60v3", "fields": {"session_data": "Nzk3YTA2Y2FmZmY5YTY3ZTJmMjFhNzNmM2VhODgzZGUzOTQyYzcyMDp7Il9hdXRoX3VzZXJfaWQiOiIxIiwiX2F1dGhfdXNlcl9iYWNrZW5kIjoiZGphbmdvLmNvbnRyaWIuYXV0aC5iYWNrZW5kcy5Nb2RlbEJhY2tlbmQiLCJfYXV0aF91c2VyX2hhc2giOiIzMDA1Y2EwMWZiNTQwZDgzMzQ4YmQ2NGRhZjgyYWFhMjE4Mjk0M2JhIn0=", "expire_date": "2020-04-09T20:45:30.779Z"}}, {"model": "sessions.session", "pk": "e0dzpxtpmr9yvon12p5vyrcow0f958xj", "fields": {"session_data": "MmUyNzRlNDk0NzVmYzVmZjQyNWFkYWY1NTkyYWMzODA5NWM1YWZmZTp7Il9hdXRoX3VzZXJfaWQiOiIyMCIsIl9hdXRoX3VzZXJfYmFja2VuZCI6ImRqYW5nby5jb250cmliLmF1dGguYmFja2VuZHMuTW9kZWxCYWNrZW5kIiwiX2F1dGhfdXNlcl9oYXNoIjoiYjEyZjdlMTM4MDk4ZWMzYTJmZGEwNzFiNjY1MzM0ZTA3N2ZjZjhmMCJ9", "expire_date": "2020-07-15T01:51:46.767Z"}}, {"model": "sessions.session", "pk": "f72bly0lk2v2qrfvd7vaccvvunhughxn", "fields": {"session_data": "ZmU3ODg1NGU2M2VjNGM1ZWMyYzAxYzQyZDU0NGJiY2NlYjQ5NmYxNTp7Il9hdXRoX3VzZXJfaWQiOiIyMyIsIl9hdXRoX3VzZXJfYmFja2VuZCI6ImRqYW5nby5jb250cmliLmF1dGguYmFja2VuZHMuTW9kZWxCYWNrZW5kIiwiX2F1dGhfdXNlcl9oYXNoIjoiMWU2NGJhYWRkN2NmMDNhZjZhMmNkY2NkNDg0YjYxNmQwM2VhYjVkMSJ9", "expire_date": "2020-08-16T21:14:24.304Z"}}, {"model": "sessions.session", "pk": "god87n804om52j4mhjz93esc5q7dgndj", "fields": {"session_data": "Nzk3YTA2Y2FmZmY5YTY3ZTJmMjFhNzNmM2VhODgzZGUzOTQyYzcyMDp7Il9hdXRoX3VzZXJfaWQiOiIxIiwiX2F1dGhfdXNlcl9iYWNrZW5kIjoiZGphbmdvLmNvbnRyaWIuYXV0aC5iYWNrZW5kcy5Nb2RlbEJhY2tlbmQiLCJfYXV0aF91c2VyX2hhc2giOiIzMDA1Y2EwMWZiNTQwZDgzMzQ4YmQ2NGRhZjgyYWFhMjE4Mjk0M2JhIn0=", "expire_date": "2020-04-13T04:28:28.769Z"}}, {"model": "sessions.session", "pk": "hgbmpfjuhlcq8wberyla0mdm41wb7g0c", "fields": {"session_data": "MDY4NTljMzhkODFjMWZkZWFmYTExZjAzNjY4ZDYyNmIzNGFhNTJmNDp7fQ==", "expire_date": "2020-05-26T00:52:39.388Z"}}, {"model": "sessions.session", "pk": "i13g1damy1uqhf53qemim2f87euutehi", "fields": {"session_data": "ZmU3ODg1NGU2M2VjNGM1ZWMyYzAxYzQyZDU0NGJiY2NlYjQ5NmYxNTp7Il9hdXRoX3VzZXJfaWQiOiIyMyIsIl9hdXRoX3VzZXJfYmFja2VuZCI6ImRqYW5nby5jb250cmliLmF1dGguYmFja2VuZHMuTW9kZWxCYWNrZW5kIiwiX2F1dGhfdXNlcl9oYXNoIjoiMWU2NGJhYWRkN2NmMDNhZjZhMmNkY2NkNDg0YjYxNmQwM2VhYjVkMSJ9", "expire_date": "2020-08-15T20:23:55.716Z"}}, {"model": "sessions.session", "pk": "if2k0jezudqua3xj0ify9l7dyok9smr0", "fields": {"session_data": "ZmU3ODg1NGU2M2VjNGM1ZWMyYzAxYzQyZDU0NGJiY2NlYjQ5NmYxNTp7Il9hdXRoX3VzZXJfaWQiOiIyMyIsIl9hdXRoX3VzZXJfYmFja2VuZCI6ImRqYW5nby5jb250cmliLmF1dGguYmFja2VuZHMuTW9kZWxCYWNrZW5kIiwiX2F1dGhfdXNlcl9oYXNoIjoiMWU2NGJhYWRkN2NmMDNhZjZhMmNkY2NkNDg0YjYxNmQwM2VhYjVkMSJ9", "expire_date": "2020-08-15T21:45:41.128Z"}}, {"model": "sessions.session", "pk": "jejk24opzx9fvyouopr5hhtjfto39mut", "fields": {"session_data": "Nzk3YTA2Y2FmZmY5YTY3ZTJmMjFhNzNmM2VhODgzZGUzOTQyYzcyMDp7Il9hdXRoX3VzZXJfaWQiOiIxIiwiX2F1dGhfdXNlcl9iYWNrZW5kIjoiZGphbmdvLmNvbnRyaWIuYXV0aC5iYWNrZW5kcy5Nb2RlbEJhY2tlbmQiLCJfYXV0aF91c2VyX2hhc2giOiIzMDA1Y2EwMWZiNTQwZDgzMzQ4YmQ2NGRhZjgyYWFhMjE4Mjk0M2JhIn0=", "expire_date": "2020-04-09T20:59:05.174Z"}}, {"model": "sessions.session", "pk": "knf48001wr3cl3mzocfpqgfe2a5by9cu", "fields": {"session_data": "Nzk3YTA2Y2FmZmY5YTY3ZTJmMjFhNzNmM2VhODgzZGUzOTQyYzcyMDp7Il9hdXRoX3VzZXJfaWQiOiIxIiwiX2F1dGhfdXNlcl9iYWNrZW5kIjoiZGphbmdvLmNvbnRyaWIuYXV0aC5iYWNrZW5kcy5Nb2RlbEJhY2tlbmQiLCJfYXV0aF91c2VyX2hhc2giOiIzMDA1Y2EwMWZiNTQwZDgzMzQ4YmQ2NGRhZjgyYWFhMjE4Mjk0M2JhIn0=", "expire_date": "2020-04-13T16:27:04.010Z"}}, {"model": "sessions.session", "pk": "lq65adyr7em4kuf3i2jzqtvj2wiw1lof", "fields": {"session_data": "MzRkZTFkMTQyZjZiNTUzMTRiNWRiZmJiYTJlYTI4OTlhNGNkMzEwZDp7Il9hdXRoX3VzZXJfaWQiOiIyNCIsIl9hdXRoX3VzZXJfYmFja2VuZCI6ImRqYW5nby5jb250cmliLmF1dGguYmFja2VuZHMuTW9kZWxCYWNrZW5kIiwiX2F1dGhfdXNlcl9oYXNoIjoiZWNhOTQ4NDEwZDQ0NjY1YzM5ODFmNjM2MWI0ZTZiNDJlOTczYzRlOCJ9", "expire_date": "2020-09-20T14:31:25.586Z"}}, {"model": "sessions.session", "pk": "lryv233yhpaj8yxnyd5vebxz6f8acj3p", "fields": {"session_data": "Nzk3YTA2Y2FmZmY5YTY3ZTJmMjFhNzNmM2VhODgzZGUzOTQyYzcyMDp7Il9hdXRoX3VzZXJfaWQiOiIxIiwiX2F1dGhfdXNlcl9iYWNrZW5kIjoiZGphbmdvLmNvbnRyaWIuYXV0aC5iYWNrZW5kcy5Nb2RlbEJhY2tlbmQiLCJfYXV0aF91c2VyX2hhc2giOiIzMDA1Y2EwMWZiNTQwZDgzMzQ4YmQ2NGRhZjgyYWFhMjE4Mjk0M2JhIn0=", "expire_date": "2020-08-21T00:22:05.515Z"}}, {"model": "sessions.session", "pk": "lwjmqcfdzrxfuvcfiok59c9eqhtzvnh2", "fields": {"session_data": "MDY4NTljMzhkODFjMWZkZWFmYTExZjAzNjY4ZDYyNmIzNGFhNTJmNDp7fQ==", "expire_date": "2020-05-01T18:04:19.443Z"}}, {"model": "sessions.session", "pk": "nd1i9iji754pkpy0ik943xn6kum9wd52", "fields": {"session_data": "Nzk3YTA2Y2FmZmY5YTY3ZTJmMjFhNzNmM2VhODgzZGUzOTQyYzcyMDp7Il9hdXRoX3VzZXJfaWQiOiIxIiwiX2F1dGhfdXNlcl9iYWNrZW5kIjoiZGphbmdvLmNvbnRyaWIuYXV0aC5iYWNrZW5kcy5Nb2RlbEJhY2tlbmQiLCJfYXV0aF91c2VyX2hhc2giOiIzMDA1Y2EwMWZiNTQwZDgzMzQ4YmQ2NGRhZjgyYWFhMjE4Mjk0M2JhIn0=", "expire_date": "2020-04-13T02:00:52.417Z"}}, {"model": "sessions.session", "pk": "nfposgan1a322pjrasyp5okppxx48dgi", "fields": {"session_data": "Nzk3YTA2Y2FmZmY5YTY3ZTJmMjFhNzNmM2VhODgzZGUzOTQyYzcyMDp7Il9hdXRoX3VzZXJfaWQiOiIxIiwiX2F1dGhfdXNlcl9iYWNrZW5kIjoiZGphbmdvLmNvbnRyaWIuYXV0aC5iYWNrZW5kcy5Nb2RlbEJhY2tlbmQiLCJfYXV0aF91c2VyX2hhc2giOiIzMDA1Y2EwMWZiNTQwZDgzMzQ4YmQ2NGRhZjgyYWFhMjE4Mjk0M2JhIn0=", "expire_date": "2020-09-21T18:27:54.100Z"}}, {"model": "sessions.session", "pk": "nu4zjig8eyx7etderkec8oepui4fbxr7", "fields": {"session_data": "Nzk3YTA2Y2FmZmY5YTY3ZTJmMjFhNzNmM2VhODgzZGUzOTQyYzcyMDp7Il9hdXRoX3VzZXJfaWQiOiIxIiwiX2F1dGhfdXNlcl9iYWNrZW5kIjoiZGphbmdvLmNvbnRyaWIuYXV0aC5iYWNrZW5kcy5Nb2RlbEJhY2tlbmQiLCJfYXV0aF91c2VyX2hhc2giOiIzMDA1Y2EwMWZiNTQwZDgzMzQ4YmQ2NGRhZjgyYWFhMjE4Mjk0M2JhIn0=", "expire_date": "2020-08-05T02:55:51.688Z"}}, {"model": "sessions.session", "pk": "pif69kuctitg7trojhwo0nzfk0p60nsu", "fields": {"session_data": "MmUyNzRlNDk0NzVmYzVmZjQyNWFkYWY1NTkyYWMzODA5NWM1YWZmZTp7Il9hdXRoX3VzZXJfaWQiOiIyMCIsIl9hdXRoX3VzZXJfYmFja2VuZCI6ImRqYW5nby5jb250cmliLmF1dGguYmFja2VuZHMuTW9kZWxCYWNrZW5kIiwiX2F1dGhfdXNlcl9oYXNoIjoiYjEyZjdlMTM4MDk4ZWMzYTJmZGEwNzFiNjY1MzM0ZTA3N2ZjZjhmMCJ9", "expire_date": "2020-09-11T14:04:45.450Z"}}, {"model": "sessions.session", "pk": "qyp58vwbitf3iv6h369bezlsf0aympw4", "fields": {"session_data": "OTIyNjhmMGMxY2VkNDAzOWYxMTdiNDI1ZTY2YjAwNzFmNGYyNDViZTp7fQ==", "expire_date": "2020-11-29T21:59:23.887Z"}}, {"model": "sessions.session", "pk": "s4c4hzd6np6mzsc8xoc4pdy1f0i6ndjc", "fields": {"session_data": "OWRkM2YzNjFkNzk4NWZmYWQ0NzY2MTljNWJlZTRkZGUyNDZlMWJkYzp7Il9hdXRoX3VzZXJfaWQiOiIyMyIsIl9hdXRoX3VzZXJfYmFja2VuZCI6ImRqYW5nby5jb250cmliLmF1dGguYmFja2VuZHMuTW9kZWxCYWNrZW5kIiwiX2F1dGhfdXNlcl9oYXNoIjoiZjRlY2EwM2MyMzhhYzhiZDRlN2ZlMjkzNDUyYmY3YmFjNGMyZTFhYyJ9", "expire_date": "2020-10-01T03:49:29.906Z"}}, {"model": "sessions.session", "pk": "s76a5pgi8fakp1u4i4voqj3nwd890469", "fields": {"session_data": "MmUyNzRlNDk0NzVmYzVmZjQyNWFkYWY1NTkyYWMzODA5NWM1YWZmZTp7Il9hdXRoX3VzZXJfaWQiOiIyMCIsIl9hdXRoX3VzZXJfYmFja2VuZCI6ImRqYW5nby5jb250cmliLmF1dGguYmFja2VuZHMuTW9kZWxCYWNrZW5kIiwiX2F1dGhfdXNlcl9oYXNoIjoiYjEyZjdlMTM4MDk4ZWMzYTJmZGEwNzFiNjY1MzM0ZTA3N2ZjZjhmMCJ9", "expire_date": "2020-06-29T18:19:11.523Z"}}, {"model": "sessions.session", "pk": "scbnn6okyl798co5035umknuz4emjnhp", "fields": {"session_data": "NDNkYWU2M2Y4MDQzYzBiOGVhN2QwMjA1ZTZkZmU3ZWU1NTU2Y2ZhYjp7Il9hdXRoX3VzZXJfaWQiOiIyMCIsIl9hdXRoX3VzZXJfYmFja2VuZCI6ImRqYW5nby5jb250cmliLmF1dGguYmFja2VuZHMuTW9kZWxCYWNrZW5kIiwiX2F1dGhfdXNlcl9oYXNoIjoiZDkyODdlMGRlYmFkY2E1NDE4YWZiNWQ3YjQ3NzIzZjAwOWFjMjQ2ZSJ9", "expire_date": "2020-06-13T03:20:48.578Z"}}, {"model": "sessions.session", "pk": "t08hp4812aaupoe82rwx51yienzppm3h", "fields": {"session_data": "Nzk3YTA2Y2FmZmY5YTY3ZTJmMjFhNzNmM2VhODgzZGUzOTQyYzcyMDp7Il9hdXRoX3VzZXJfaWQiOiIxIiwiX2F1dGhfdXNlcl9iYWNrZW5kIjoiZGphbmdvLmNvbnRyaWIuYXV0aC5iYWNrZW5kcy5Nb2RlbEJhY2tlbmQiLCJfYXV0aF91c2VyX2hhc2giOiIzMDA1Y2EwMWZiNTQwZDgzMzQ4YmQ2NGRhZjgyYWFhMjE4Mjk0M2JhIn0=", "expire_date": "2020-05-26T00:57:50.171Z"}}, {"model": "sessions.session", "pk": "u1qlpc1mvcb3xlyknto258qg7vah2021", "fields": {"session_data": "ZmU3ODg1NGU2M2VjNGM1ZWMyYzAxYzQyZDU0NGJiY2NlYjQ5NmYxNTp7Il9hdXRoX3VzZXJfaWQiOiIyMyIsIl9hdXRoX3VzZXJfYmFja2VuZCI6ImRqYW5nby5jb250cmliLmF1dGguYmFja2VuZHMuTW9kZWxCYWNrZW5kIiwiX2F1dGhfdXNlcl9oYXNoIjoiMWU2NGJhYWRkN2NmMDNhZjZhMmNkY2NkNDg0YjYxNmQwM2VhYjVkMSJ9", "expire_date": "2020-09-04T01:40:41.509Z"}}, {"model": "sessions.session", "pk": "u7ekdqlcm6t7c3abe5uydjea6hrk6w3p", "fields": {"session_data": "Nzk3YTA2Y2FmZmY5YTY3ZTJmMjFhNzNmM2VhODgzZGUzOTQyYzcyMDp7Il9hdXRoX3VzZXJfaWQiOiIxIiwiX2F1dGhfdXNlcl9iYWNrZW5kIjoiZGphbmdvLmNvbnRyaWIuYXV0aC5iYWNrZW5kcy5Nb2RlbEJhY2tlbmQiLCJfYXV0aF91c2VyX2hhc2giOiIzMDA1Y2EwMWZiNTQwZDgzMzQ4YmQ2NGRhZjgyYWFhMjE4Mjk0M2JhIn0=", "expire_date": "2020-06-13T03:21:03.683Z"}}, {"model": "sessions.session", "pk": "uf94cd6wmuuzc0oyuq454wwlftn6u3w7", "fields": {"session_data": "OWRkM2YzNjFkNzk4NWZmYWQ0NzY2MTljNWJlZTRkZGUyNDZlMWJkYzp7Il9hdXRoX3VzZXJfaWQiOiIyMyIsIl9hdXRoX3VzZXJfYmFja2VuZCI6ImRqYW5nby5jb250cmliLmF1dGguYmFja2VuZHMuTW9kZWxCYWNrZW5kIiwiX2F1dGhfdXNlcl9oYXNoIjoiZjRlY2EwM2MyMzhhYzhiZDRlN2ZlMjkzNDUyYmY3YmFjNGMyZTFhYyJ9", "expire_date": "2020-11-09T23:22:14.471Z"}}, {"model": "sessions.session", "pk": "uizq6l980p1l4kwig11pdg7gpdpau89t", "fields": {"session_data": "MmUyNzRlNDk0NzVmYzVmZjQyNWFkYWY1NTkyYWMzODA5NWM1YWZmZTp7Il9hdXRoX3VzZXJfaWQiOiIyMCIsIl9hdXRoX3VzZXJfYmFja2VuZCI6ImRqYW5nby5jb250cmliLmF1dGguYmFja2VuZHMuTW9kZWxCYWNrZW5kIiwiX2F1dGhfdXNlcl9oYXNoIjoiYjEyZjdlMTM4MDk4ZWMzYTJmZGEwNzFiNjY1MzM0ZTA3N2ZjZjhmMCJ9", "expire_date": "2020-06-13T17:47:23.622Z"}}, {"model": "sessions.session", "pk": "urs9wcex9o4etjvnyjhw1zsf08b1nu65", "fields": {"session_data": "MmUyNzRlNDk0NzVmYzVmZjQyNWFkYWY1NTkyYWMzODA5NWM1YWZmZTp7Il9hdXRoX3VzZXJfaWQiOiIyMCIsIl9hdXRoX3VzZXJfYmFja2VuZCI6ImRqYW5nby5jb250cmliLmF1dGguYmFja2VuZHMuTW9kZWxCYWNrZW5kIiwiX2F1dGhfdXNlcl9oYXNoIjoiYjEyZjdlMTM4MDk4ZWMzYTJmZGEwNzFiNjY1MzM0ZTA3N2ZjZjhmMCJ9", "expire_date": "2020-09-24T19:16:47.424Z"}}, {"model": "sessions.session", "pk": "vgtp0wfgy984cij5rvweuvj1ehadd9br", "fields": {"session_data": "MDY4NTljMzhkODFjMWZkZWFmYTExZjAzNjY4ZDYyNmIzNGFhNTJmNDp7fQ==", "expire_date": "2020-05-01T18:03:44.065Z"}}, {"model": "sessions.session", "pk": "vk36hnt3hm74aenwngcaovfxhjbt2mfy", "fields": {"session_data": "Nzk3YTA2Y2FmZmY5YTY3ZTJmMjFhNzNmM2VhODgzZGUzOTQyYzcyMDp7Il9hdXRoX3VzZXJfaWQiOiIxIiwiX2F1dGhfdXNlcl9iYWNrZW5kIjoiZGphbmdvLmNvbnRyaWIuYXV0aC5iYWNrZW5kcy5Nb2RlbEJhY2tlbmQiLCJfYXV0aF91c2VyX2hhc2giOiIzMDA1Y2EwMWZiNTQwZDgzMzQ4YmQ2NGRhZjgyYWFhMjE4Mjk0M2JhIn0=", "expire_date": "2020-07-20T22:35:51.155Z"}}, {"model": "sessions.session", "pk": "y7meozg8iafeoouqrx89lssmqbb3zigf", "fields": {"session_data": "MDY4NTljMzhkODFjMWZkZWFmYTExZjAzNjY4ZDYyNmIzNGFhNTJmNDp7fQ==", "expire_date": "2020-05-01T18:03:02.674Z"}}, {"model": "sessions.session", "pk": "yhgj2spuf1zsuwsvwy01epucv3wkp1vc", "fields": {"session_data": "MmUyNzRlNDk0NzVmYzVmZjQyNWFkYWY1NTkyYWMzODA5NWM1YWZmZTp7Il9hdXRoX3VzZXJfaWQiOiIyMCIsIl9hdXRoX3VzZXJfYmFja2VuZCI6ImRqYW5nby5jb250cmliLmF1dGguYmFja2VuZHMuTW9kZWxCYWNrZW5kIiwiX2F1dGhfdXNlcl9oYXNoIjoiYjEyZjdlMTM4MDk4ZWMzYTJmZGEwNzFiNjY1MzM0ZTA3N2ZjZjhmMCJ9", "expire_date": "2020-09-10T03:41:59.481Z"}}, {"model": "sessions.session", "pk": "z0i1hyt2rez66rnlv6fw0poeskpim6jw", "fields": {"session_data": "ZmU3ODg1NGU2M2VjNGM1ZWMyYzAxYzQyZDU0NGJiY2NlYjQ5NmYxNTp7Il9hdXRoX3VzZXJfaWQiOiIyMyIsIl9hdXRoX3VzZXJfYmFja2VuZCI6ImRqYW5nby5jb250cmliLmF1dGguYmFja2VuZHMuTW9kZWxCYWNrZW5kIiwiX2F1dGhfdXNlcl9oYXNoIjoiMWU2NGJhYWRkN2NmMDNhZjZhMmNkY2NkNDg0YjYxNmQwM2VhYjVkMSJ9", "expire_date": "2020-09-21T01:35:48.543Z"}}, {"model": "authtoken.token", "pk": "1e2147930da52610e542aaeca845148830a44de4", "fields": {"user": 18, "created": "2020-05-26T03:31:38.436Z"}}, {"model": "authtoken.token", "pk": "64a8dcc5edf2641789a0aa9b961bd39474c31e8a", "fields": {"user": 2, "created": "2020-04-03T03:04:48.053Z"}}, {"model": "authtoken.token", "pk": "adf9fa494ab694c126fb5509fed5b8ab51f0c530", "fields": {"user": 21, "created": "2020-09-16T20:14:06.154Z"}}, {"model": "authtoken.token", "pk": "aec13b1f9c6bb861a2a710df6b9a7c601a81ca1e", "fields": {"user": 1, "created": "2020-03-30T02:40:34.551Z"}}, {"model": "authtoken.token", "pk": "d0aa8d8a49e8ddbfce79cb9d9c1927eda1d57e8d", "fields": {"user": 14, "created": "2020-06-12T05:40:17.221Z"}}, {"model": "authtoken.token", "pk": "f925350afa74503c4682b84a6f6eb88680543498", "fields": {"user": 3, "created": "2020-03-31T00:25:31.787Z"}}, {"model": "playerdata.basecharacter", "pk": 0, "fields": {"name": "Viking", "health": 30000, "mana": 100, "speed": 100, "attack_damage": 100, "ability_damage": 100, "attack_speed": 1.0, "ar": 10, "mr": 10, "attack_range": 1, "rarity": 1, "crit_chance": 10, "health_scale": 100, "attack_scale": 10, "ability_scale": 20, "ar_scale": 100, "mr_scale": 100, "specs": null, "rollable": true}}, {"model": "playerdata.basecharacter", "pk": 1, "fields": {"name": "Archer", "health": 300, "mana": 100, "speed": 100, "attack_damage": 75, "ability_damage": 100, "attack_speed": 1.0, "ar": 5, "mr": 5, "attack_range": 4, "rarity": 2, "crit_chance": 10, "health_scale": 100, "attack_scale": 10, "ability_scale": 20, "ar_scale": 100, "mr_scale": 100, "specs": null, "rollable": true}}, {"model": "playerdata.basecharacter", "pk": 2, "fields": {"name": "Mage", "health": 300, "mana": 100, "speed": 100, "attack_damage": 50, "ability_damage": 100, "attack_speed": 1.0, "ar": 5, "mr": 5, "attack_range": 4, "rarity": 3, "crit_chance": 20, "health_scale": 100, "attack_scale": 100, "ability_scale": 20, "ar_scale": 100, "mr_scale": 100, "specs": null, "rollable": true}}, {"model": "playerdata.basecharacter", "pk": 3, "fields": {"name": "Swordsman", "health": 200, "mana": 100, "speed": 200, "attack_damage": 200, "ability_damage": 100, "attack_speed": 1.0, "ar": 5, "mr": 5, "attack_range": 1, "rarity": 4, "crit_chance": 30, "health_scale": 100, "attack_scale": 100, "ability_scale": 20, "ar_scale": 100, "mr_scale": 100, "specs": null, "rollable": true}}, {"model": "playerdata.basecharacter", "pk": 4, "fields": {"name": "Hammer Knight", "health": 3000, "mana": 100, "speed": 50, "attack_damage": 120, "ability_damage": 100, "attack_speed": 1.0, "ar": 10, "mr": 10, "attack_range": 1, "rarity": 3, "crit_chance": 10, "health_scale": 100, "attack_scale": 10, "ability_scale": 20, "ar_scale": 100, "mr_scale": 100, "specs": null, "rollable": true}}, {"model": "playerdata.basecharacter", "pk": 5, "fields": {"name": "Golem", "health": 2000, "mana": 100, "speed": 80, "attack_damage": 120, "ability_damage": 100, "attack_speed": 1.0, "ar": 10, "mr": 10, "attack_range": 1, "rarity": 3, "crit_chance": 10, "health_scale": 100, "attack_scale": 10, "ability_scale": 20, "ar_scale": 10, "mr_scale": 10, "specs": null, "rollable": true}}, {"model": "playerdata.basecharacter", "pk": 6, "fields": {"name": "Pirate", "health": 2500, "mana": 100, "speed": 100, "attack_damage": 100, "ability_damage": 100, "attack_speed": 1.0, "ar": 10, "mr": 10, "attack_range": 1, "rarity": 4, "crit_chance": 50, "health_scale": 100, "attack_scale": 5, "ability_scale": 20, "ar_scale": 10, "mr_scale": 10, "specs": null, "rollable": true}}, {"model": "playerdata.basecharacter", "pk": 7, "fields": {"name": "Ninja", "health": 2000, "mana": 60, "speed": 200, "attack_damage": 200, "ability_damage": 100, "attack_speed": 1.0, "ar": 3, "mr": 3, "attack_range": 1, "rarity": 4, "crit_chance": 10, "health_scale": 30, "attack_scale": 10, "ability_scale": 20, "ar_scale": 3, "mr_scale": 3, "specs": null, "rollable": true}}, {"model": "playerdata.basecharacter", "pk": 8, "fields": {"name": "Chef", "health": 600, "mana": 100, "speed": 50, "attack_damage": 50, "ability_damage": 100, "attack_speed": 1.0, "ar": 20, "mr": 20, "attack_range": 1, "rarity": 4, "crit_chance": 5, "health_scale": 200, "attack_scale": 5, "ability_scale": 20, "ar_scale": 10, "mr_scale": 10, "specs": null, "rollable": true}}, {"model": "playerdata.basecharacter", "pk": 9, "fields": {"name": "Fire Bender", "health": 700, "mana": 100, "speed": 100, "attack_damage": 50, "ability_damage": 100, "attack_speed": 1.0, "ar": 10, "mr": 10, "attack_range": 4, "rarity": 5, "crit_chance": 10, "health_scale": 50, "attack_scale": 50, "ability_scale": 20, "ar_scale": 5, "mr_scale": 5, "specs": null, "rollable": true}}, {"model": "playerdata.basecharacter", "pk": 10, "fields": {"name": "Druid", "health": 1000, "mana": 100, "speed": 100, "attack_damage": 50, "ability_damage": 100, "attack_speed": 1.0, "ar": 20, "mr": 20, "attack_range": 4, "rarity": 2, "crit_chance": 0, "health_scale": 100, "attack_scale": 10, "ability_scale": 20, "ar_scale": 5, "mr_scale": 5, "specs": null, "rollable": true}}, {"model": "playerdata.basecharacter", "pk": 11, "fields": {"name": "Gun Slinger", "health": 1000, "mana": 100, "speed": 100, "attack_damage": 50, "ability_damage": 100, "attack_speed": 1.0, "ar": 20, "mr": 20, "attack_range": 3, "rarity": 2, "crit_chance": 0, "health_scale": 100, "attack_scale": 5, "ability_scale": 20, "ar_scale": 5, "mr_scale": 5, "specs": {"test": 2}, "rollable": true}}, {"model": "playerdata.basecharacterusage", "pk": 0, "fields": {"num_games": 698, "num_wins": 377}}, {"model": "playerdata.basecharacterusage", "pk": 1, "fields": {"num_games": 407, "num_wins": 226}}, {"model": "playerdata.basecharacterusage", "pk": 2, "fields": {"num_games": 404, "num_wins": 231}}, {"model": "playerdata.basecharacterusage", "pk": 3, "fields": {"num_games": 370, "num_wins": 163}}, {"model": "playerdata.basecharacterusage", "pk": 4, "fields": {"num_games": 378, "num_wins": 178}}, {"model": "playerdata.basecharacterusage", "pk": 5, "fields": {"num_games": 241, "num_wins": 87}}, {"model": "playerdata.basecharacterusage", "pk": 6, "fields": {"num_games": 89, "num_wins": 54}}, {"model": "playerdata.basecharacterusage", "pk": 7, "fields": {"num_games": 447, "num_wins": 273}}, {"model": "playerdata.basecharacterusage", "pk": 8, "fields": {"num_games": 272, "num_wins": 73}}, {"model": "playerdata.basecharacterusage", "pk": 9, "fields": {"num_games": 172, "num_wins": 55}}, {"model": "playerdata.basecharacterusage", "pk": 10, "fields": {"num_games": 34, "num_wins": 6}}, {"model": "playerdata.basecharacterusage", "pk": 11, "fields": {"num_games": 2, "num_wins": 1}}, {"model": "playerdata.baseitem", "pk": 0, "fields": {"name": "Axe", "description": "for splitting logs", "gear_slot": "W", "rarity": 1, "cost": 100, "is_unique": false, "attack_flat": null, "attack_mult": null, "ability_flat": null, "ability_mult": null, "attack_speed_mult": null, "ar_flat": null, "ar_mult": null, "mr_flat": null, "mr_mult": null, "speed_flat": null, "speed_mult": null, "crit_flat": null, "crit_mult": null, "mana_tick_flat": null, "mana_tick_mult": null, "range_flat": null, "effect_ids": null}}, {"model": "playerdata.baseitem", "pk": 3, "fields": {"name": "Sword", "description": "normal sized sword", "gear_slot": "W", "rarity": 1, "cost": 1, "is_unique": false, "attack_flat": null, "attack_mult": null, "ability_flat": null, "ability_mult": null, "attack_speed_mult": null, "ar_flat": null, "ar_mult": null, "mr_flat": null, "mr_mult": null, "speed_flat": null, "speed_mult": null, "crit_flat": null, "crit_mult": null, "mana_tick_flat": null, "mana_tick_mult": null, "range_flat": null, "effect_ids": null}}, {"model": "playerdata.baseitem", "pk": 4, "fields": {"name": "Dagger", "description": "short sword", "gear_slot": "W", "rarity": 1, "cost": 1, "is_unique": false, "attack_flat": null, "attack_mult": null, "ability_flat": null, "ability_mult": null, "attack_speed_mult": null, "ar_flat": null, "ar_mult": null, "mr_flat": null, "mr_mult": null, "speed_flat": null, "speed_mult": null, "crit_flat": null, "crit_mult": null, "mana_tick_flat": null, "mana_tick_mult": null, "range_flat": null, "effect_ids": null}}, {"model": "playerdata.baseitem", "pk": 7, "fields": {"name": "Club", "description": "ogres club", "gear_slot": "W", "rarity": 1, "cost": 1, "is_unique": false, "attack_flat": null, "attack_mult": null, "ability_flat": null, "ability_mult": null, "attack_speed_mult": null, "ar_flat": null, "ar_mult": null, "mr_flat": null, "mr_mult": null, "speed_flat": null, "speed_mult": null, "crit_flat": null, "crit_mult": null, "mana_tick_flat": null, "mana_tick_mult": null, "range_flat": null, "effect_ids": null}}, {"model": "playerdata.baseitem", "pk": 8, "fields": {"name": "Big Sword", "description": "is this too big", "gear_slot": "W", "rarity": 1, "cost": 1, "is_unique": false, "attack_flat": null, "attack_mult": null, "ability_flat": null, "ability_mult": null, "attack_speed_mult": null, "ar_flat": null, "ar_mult": null, "mr_flat": null, "mr_mult": null, "speed_flat": null, "speed_mult": null, "crit_flat": null, "crit_mult": null, "mana_tick_flat": null, "mana_tick_mult": null, "range_flat": null, "effect_ids": null}}, {"model": "playerdata.baseitem", "pk": 9, "fields": {"name": "Shuriken", "description": "ninja star", "gear_slot": "W", "rarity": 1, "cost": 1, "is_unique": false, "attack_flat": null, "attack_mult": null, "ability_flat": null, "ability_mult": null, "attack_speed_mult": null, "ar_flat": null, "ar_mult": null, "mr_flat": null, "mr_mult": null, "speed_flat": null, "speed_mult": null, "crit_flat": null, "crit_mult": null, "mana_tick_flat": null, "mana_tick_mult": null, "range_flat": null, "effect_ids": null}}, {"model": "playerdata.baseitem", "pk": 23, "fields": {"name": "Whip", "description": "w", "gear_slot": "W", "rarity": 1, "cost": 1, "is_unique": false, "attack_flat": null, "attack_mult": null, "ability_flat": null, "ability_mult": null, "attack_speed_mult": null, "ar_flat": null, "ar_mult": null, "mr_flat": null, "mr_mult": null, "speed_flat": null, "speed_mult": null, "crit_flat": null, "crit_mult": null, "mana_tick_flat": null, "mana_tick_mult": null, "range_flat": null, "effect_ids": null}}, {"model": "playerdata.baseitem", "pk": 32, "fields": {"name": "Bow", "description": "a", "gear_slot": "W", "rarity": 1, "cost": 1, "is_unique": false, "attack_flat": null, "attack_mult": null, "ability_flat": null, "ability_mult": null, "attack_speed_mult": null, "ar_flat": null, "ar_mult": null, "mr_flat": null, "mr_mult": null, "speed_flat": null, "speed_mult": null, "crit_flat": null, "crit_mult": null, "mana_tick_flat": null, "mana_tick_mult": null, "range_flat": null, "effect_ids": null}}, {"model": "playerdata.baseitem", "pk": 56, "fields": {"name": "Staff", "description": "Trusty staff of wisdom", "gear_slot": "W", "rarity": 1, "cost": 100, "is_unique": false, "attack_flat": 10, "attack_mult": null, "ability_flat": null, "ability_mult": null, "attack_speed_mult": null, "ar_flat": null, "ar_mult": null, "mr_flat": null, "mr_mult": 1.5, "speed_flat": null, "speed_mult": null, "crit_flat": null, "crit_mult": null, "mana_tick_flat": null, "mana_tick_mult": null, "range_flat": null, "effect_ids": null}}, {"model": "playerdata.baseitem", "pk": 88, "fields": {"name": "Twig", "description": "birch twig", "gear_slot": "W", "rarity": 1, "cost": 1, "is_unique": false, "attack_flat": null, "attack_mult": null, "ability_flat": null, "ability_mult": null, "attack_speed_mult": null, "ar_flat": null, "ar_mult": null, "mr_flat": null, "mr_mult": null, "speed_flat": null, "speed_mult": null, "crit_flat": null, "crit_mult": null, "mana_tick_flat": null, "mana_tick_mult": null, "range_flat": null, "effect_ids": null}}, {"model": "playerdata.item", "pk": 3, "fields": {"user": 14, "item_type": 0, "exp": 0}}, {"model": "playerdata.item", "pk": 4, "fields": {"user": 14, "item_type": 56, "exp": 0}}, {"model": "playerdata.item", "pk": 5, "fields": {"user": 21, "item_type": 0, "exp": 0}}, {"model": "playerdata.item", "pk": 6, "fields": {"user": 21, "item_type": 56, "exp": 0}}, {"model": "playerdata.item", "pk": 7, "fields": {"user": 21, "item_type": 32, "exp": 3}}, {"model": "playerdata.item", "pk": 8, "fields": {"user": 21, "item_type": 3, "exp": 1}}, {"model": "playerdata.item", "pk": 9, "fields": {"user": 21, "item_type": 9, "exp": 1}}, {"model": "playerdata.item", "pk": 10, "fields": {"user": 21, "item_type": 7, "exp": 1}}, {"model": "playerdata.item", "pk": 11, "fields": {"user": 21, "item_type": 88, "exp": 1}}, {"model": "playerdata.item", "pk": 12, "fields": {"user": 21, "item_type": 23, "exp": 2}}, {"model": "playerdata.item", "pk": 13, "fields": {"user": 21, "item_type": 4, "exp": 5}}, {"model": "playerdata.item", "pk": 14, "fields": {"user": 21, "item_type": 8, "exp": 5}}, {"model": "playerdata.item", "pk": 15, "fields": {"user": 14, "item_type": 32, "exp": 1}}, {"model": "playerdata.item", "pk": 16, "fields": {"user": 14, "item_type": 3, "exp": 1}}, {"model": "playerdata.item", "pk": 17, "fields": {"user": 14, "item_type": 9, "exp": 1}}, {"model": "playerdata.item", "pk": 18, "fields": {"user": 14, "item_type": 7, "exp": 1}}, {"model": "playerdata.item", "pk": 19, "fields": {"user": 14, "item_type": 88, "exp": 1}}, {"model": "playerdata.item", "pk": 20, "fields": {"user": 14, "item_type": 23, "exp": 1}}, {"model": "playerdata.item", "pk": 21, "fields": {"user": 14, "item_type": 4, "exp": 1}}, {"model": "playerdata.item", "pk": 22, "fields": {"user": 14, "item_type": 8, "exp": 2}}, {"model": "playerdata.character", "pk": 3, "fields": {"user": 14, "char_type": 0, "level": 3, "copies": 8003, "prestige": 0, "total_damage_dealt": 1022700, "total_damage_taken": 4961678, "total_health_healed": 0, "num_games": 595, "num_wins": 304, "is_tourney": false, "hat": null, "armor": null, "weapon": 3, "boots": null, "trinket_1": null, "trinket_2": null}}, {"model": "playerdata.character", "pk": 4, "fields": {"user": 14, "char_type": 1, "level": 1, "copies": 1640, "prestige": 0, "total_damage_dealt": 283739, "total_damage_taken": 100118, "total_health_healed": 0, "num_games": 326, "num_wins": 160, "is_tourney": false, "hat": null, "armor": null, "weapon": 21, "boots": null, "trinket_1": null, "trinket_2": null}}, {"model": "playerdata.character", "pk": 5, "fields": {"user": 14, "char_type": 3, "level": 1, "copies": 602, "prestige": 0, "total_damage_dealt": 252880, "total_damage_taken": 119432, "total_health_healed": 0, "num_games": 370, "num_wins": 163, "is_tourney": false, "hat": null, "armor": null, "weapon": 18, "boots": null, "trinket_1": null, "trinket_2": null}}, {"model": "playerdata.character", "pk": 6, "fields": {"user": 14, "char_type": 2, "level": 1, "copies": 1201, "prestige": 0, "total_damage_dealt": 58500, "total_damage_taken": 147814, "total_health_healed": 0, "num_games": 314, "num_wins": 157, "is_tourney": false, "hat": null, "armor": null, "weapon": 22, "boots": null, "trinket_1": null, "trinket_2": null}}, {"model": "playerdata.character", "pk": 7, "fields": {"user": 21, "char_type": 1, "level": 33, "copies": 17, "prestige": 0, "total_damage_dealt": 861395, "total_damage_taken": 78525, "total_health_healed": 0, "num_games": 81, "num_wins": 66, "is_tourney": false, "hat": null, "armor": null, "weapon": null, "boots": null, "trinket_1": null, "trinket_2": null}}, {"model": "playerdata.character", "pk": 8, "fields": {"user": 21, "char_type": 0, "level": 12, "copies": 87, "prestige": 0, "total_damage_dealt": 1050912, "total_damage_taken": 483238, "total_health_healed": 0, "num_games": 103, "num_wins": 73, "is_tourney": false, "hat": null, "armor": null, "weapon": 14, "boots": null, "trinket_1": null, "trinket_2": null}}, {"model": "playerdata.character", "pk": 9, "fields": {"user": 21, "char_type": 2, "level": 8, "copies": 6, "prestige": 0, "total_damage_dealt": 43916, "total_damage_taken": 30777, "total_health_healed": 0, "num_games": 90, "num_wins": 74, "is_tourney": false, "hat": null, "armor": null, "weapon": null, "boots": null, "trinket_1": null, "trinket_2": null}}, {"model": "playerdata.character", "pk": 10, "fields": {"user": 21, "char_type": 3, "level": 1, "copies": 2, "prestige": 0, "total_damage_dealt": 0, "total_damage_taken": 0, "total_health_healed": 0, "num_games": 0, "num_wins": 0, "is_tourney": false, "hat": null, "armor": null, "weapon": 13, "boots": null, "trinket_1": null, "trinket_2": null}}, {"model": "playerdata.character", "pk": 11, "fields": {"user": 21, "char_type": 4, "level": 11, "copies": 6, "prestige": 0, "total_damage_dealt": 2032415, "total_damage_taken": 1190916, "total_health_healed": 0, "num_games": 322, "num_wins": 172, "is_tourney": false, "hat": null, "armor": null, "weapon": 11, "boots": null, "trinket_1": null, "trinket_2": null}}, {"model": "playerdata.character", "pk": 12, "fields": {"user": 21, "char_type": 5, "level": 1, "copies": 4, "prestige": 0, "total_damage_dealt": 51960, "total_damage_taken": 36326, "total_health_healed": 0, "num_games": 20, "num_wins": 13, "is_tourney": false, "hat": null, "armor": null, "weapon": 10, "boots": null, "trinket_1": null, "trinket_2": null}}, {"model": "playerdata.character", "pk": 13, "fields": {"user": 21, "char_type": 6, "level": 10, "copies": 3, "prestige": 0, "total_damage_dealt": 252920, "total_damage_taken": 201681, "total_health_healed": 0, "num_games": 89, "num_wins": 54, "is_tourney": false, "hat": null, "armor": null, "weapon": null, "boots": null, "trinket_1": null, "trinket_2": null}}, {"model": "playerdata.character", "pk": 14, "fields": {"user": 21, "char_type": 7, "level": 6, "copies": 9, "prestige": 10, "total_damage_dealt": 395175, "total_damage_taken": 187040, "total_health_healed": 0, "num_games": 133, "num_wins": 116, "is_tourney": false, "hat": null, "armor": null, "weapon": null, "boots": null, "trinket_1": null, "trinket_2": null}}, {"model": "playerdata.character", "pk": 15, "fields": {"user": 21, "char_type": 8, "level": 10, "copies": 6, "prestige": 2, "total_damage_dealt": 153821, "total_damage_taken": 329600, "total_health_healed": 308348, "num_games": 216, "num_wins": 67, "is_tourney": false, "hat": null, "armor": null, "weapon": 7, "boots": null, "trinket_1": null, "trinket_2": null}}, {"model": "playerdata.character", "pk": 16, "fields": {"user": 14, "char_type": 4, "level": 1, "copies": 1, "prestige": 0, "total_damage_dealt": 95040, "total_damage_taken": 56382, "total_health_healed": 0, "num_games": 56, "num_wins": 6, "is_tourney": false, "hat": null, "armor": null, "weapon": 17, "boots": null, "trinket_1": null, "trinket_2": null}}, {"model": "playerdata.character", "pk": 17, "fields": {"user": 14, "char_type": 5, "level": 1, "copies": 1, "prestige": 0, "total_damage_dealt": 326640, "total_damage_taken": 370709, "total_health_healed": 0, "num_games": 221, "num_wins": 74, "is_tourney": false, "hat": null, "armor": null, "weapon": 20, "boots": null, "trinket_1": null, "trinket_2": null}}, {"model": "playerdata.character", "pk": 18, "fields": {"user": 14, "char_type": 6, "level": 1, "copies": 1, "prestige": 0, "total_damage_dealt": 0, "total_damage_taken": 0, "total_health_healed": 0, "num_games": 0, "num_wins": 0, "is_tourney": false, "hat": null, "armor": null, "weapon": 15, "boots": null, "trinket_1": null, "trinket_2": null}}, {"model": "playerdata.character", "pk": 19, "fields": {"user": 14, "char_type": 7, "level": 1, "copies": 2, "prestige": 0, "total_damage_dealt": 923878, "total_damage_taken": 490301, "total_health_healed": 0, "num_games": 314, "num_wins": 157, "is_tourney": false, "hat": null, "armor": null, "weapon": 4, "boots": null, "trinket_1": null, "trinket_2": null}}, {"model": "playerdata.character", "pk": 20, "fields": {"user": 14, "char_type": 8, "level": 14, "copies": 2, "prestige": 3, "total_damage_dealt": 22000, "total_damage_taken": 90022, "total_health_healed": 11000, "num_games": 56, "num_wins": 6, "is_tourney": false, "hat": null, "armor": null, "weapon": 19, "boots": null, "trinket_1": null, "trinket_2": null}}, {"model": "playerdata.character", "pk": 21, "fields": {"user": 21, "char_type": 9, "level": 2, "copies": 1, "prestige": 0, "total_damage_dealt": 1567802, "total_damage_taken": 108776, "total_health_healed": 0, "num_games": 173, "num_wins": 55, "is_tourney": false, "hat": null, "armor": null, "weapon": 6, "boots": null, "trinket_1": null, "trinket_2": null}}, {"model": "playerdata.character", "pk": 22, "fields": {"user": 21, "char_type": 10, "level": 1, "copies": 3, "prestige": 0, "total_damage_dealt": 23185, "total_damage_taken": 41796, "total_health_healed": 86250, "num_games": 34, "num_wins": 6, "is_tourney": false, "hat": null, "armor": null, "weapon": 5, "boots": null, "trinket_1": null, "trinket_2": null}}, {"model": "playerdata.character", "pk": 23, "fields": {"user": 21, "char_type": 11, "level": 1, "copies": 1, "prestige": 0, "total_damage_dealt": 2322, "total_damage_taken": 1585, "total_health_healed": 0, "num_games": 2, "num_wins": 1, "is_tourney": false, "hat": null, "armor": null, "weapon": null, "boots": null, "trinket_1": null, "trinket_2": null}}, {"model": "playerdata.placement", "pk": 1, "fields": {"user": null, "pos_1": 1, "char_1": null, "pos_2": -1, "char_2": null, "pos_3": -1, "char_3": null, "pos_4": -1, "char_4": null, "pos_5": -1, "char_5": null, "is_tourney": false}}, {"model": "playerdata.placement", "pk": 7, "fields": {"user": null, "pos_1": 12, "char_1": 20, "pos_2": 13, "char_2": 17, "pos_3": 14, "char_3": 5, "pos_4": 15, "char_4": 16, "pos_5": 16, "char_5": 3, "is_tourney": false}}, {"model": "playerdata.placement", "pk": 8, "fields": {"user": null, "pos_1": 1, "char_1": 19, "pos_2": 2, "char_2": 3, "pos_3": 3, "char_3": 5, "pos_4": 4, "char_4": 6, "pos_5": 15, "char_5": 4, "is_tourney": false}}, {"model": "playerdata.placement", "pk": 9, "fields": {"user": null, "pos_1": 1, "char_1": 8, "pos_2": 2, "char_2": 7, "pos_3": 3, "char_3": 11, "pos_4": 4, "char_4": 14, "pos_5": 5, "char_5": 9, "is_tourney": false}}, {"model": "playerdata.placement", "pk": 10, "fields": {"user": null, "pos_1": 1, "char_1": 3, "pos_2": -1, "char_2": null, "pos_3": -1, "char_3": null, "pos_4": -1, "char_4": null, "pos_5": -1, "char_5": null, "is_tourney": false}}, {"model": "playerdata.placement", "pk": 11, "fields": {"user": null, "pos_1": -1, "char_1": null, "pos_2": -1, "char_2": null, "pos_3": -1, "char_3": null, "pos_4": -1, "char_4": null, "pos_5": -1, "char_5": null, "is_tourney": false}}, {"model": "playerdata.placement", "pk": 12, "fields": {"user": null, "pos_1": -1, "char_1": null, "pos_2": -1, "char_2": null, "pos_3": -1, "char_3": null, "pos_4": -1, "char_4": null, "pos_5": -1, "char_5": null, "is_tourney": false}}, {"model": "playerdata.placement", "pk": 13, "fields": {"user": null, "pos_1": -1, "char_1": null, "pos_2": -1, "char_2": null, "pos_3": -1, "char_3": null, "pos_4": -1, "char_4": null, "pos_5": -1, "char_5": null, "is_tourney": false}}, {"model": "playerdata.placement", "pk": 14, "fields": {"user": null, "pos_1": -1, "char_1": null, "pos_2": -1, "char_2": null, "pos_3": -1, "char_3": null, "pos_4": -1, "char_4": null, "pos_5": -1, "char_5": null, "is_tourney": false}}, {"model": "playerdata.placement", "pk": 15, "fields": {"user": null, "pos_1": -1, "char_1": null, "pos_2": -1, "char_2": null, "pos_3": -1, "char_3": null, "pos_4": -1, "char_4": null, "pos_5": -1, "char_5": null, "is_tourney": false}}, {"model": "playerdata.placement", "pk": 16, "fields": {"user": null, "pos_1": -1, "char_1": null, "pos_2": -1, "char_2": null, "pos_3": -1, "char_3": null, "pos_4": -1, "char_4": null, "pos_5": -1, "char_5": null, "is_tourney": false}}, {"model": "playerdata.placement", "pk": 17, "fields": {"user": null, "pos_1": -1, "char_1": null, "pos_2": -1, "char_2": null, "pos_3": -1, "char_3": null, "pos_4": -1, "char_4": null, "pos_5": -1, "char_5": null, "is_tourney": false}}, {"model": "playerdata.placement", "pk": 18, "fields": {"user": null, "pos_1": -1, "char_1": null, "pos_2": -1, "char_2": null, "pos_3": -1, "char_3": null, "pos_4": -1, "char_4": null, "pos_5": -1, "char_5": null, "is_tourney": false}}, {"model": "playerdata.placement", "pk": 19, "fields": {"user": null, "pos_1": -1, "char_1": null, "pos_2": -1, "char_2": null, "pos_3": -1, "char_3": null, "pos_4": -1, "char_4": null, "pos_5": -1, "char_5": null, "is_tourney": false}}, {"model": "playerdata.placement", "pk": 20, "fields": {"user": null, "pos_1": -1, "char_1": null, "pos_2": -1, "char_2": null, "pos_3": -1, "char_3": null, "pos_4": -1, "char_4": null, "pos_5": -1, "char_5": null, "is_tourney": false}}, {"model": "playerdata.placement", "pk": 21, "fields": {"user": null, "pos_1": -1, "char_1": null, "pos_2": -1, "char_2": null, "pos_3": -1, "char_3": null, "pos_4": -1, "char_4": null, "pos_5": -1, "char_5": null, "is_tourney": false}}, {"model": "playerdata.placement", "pk": 22, "fields": {"user": null, "pos_1": -1, "char_1": null, "pos_2": -1, "char_2": null, "pos_3": -1, "char_3": null, "pos_4": -1, "char_4": null, "pos_5": -1, "char_5": null, "is_tourney": false}}, {"model": "playerdata.placement", "pk": 23, "fields": {"user": null, "pos_1": -1, "char_1": null, "pos_2": -1, "char_2": null, "pos_3": -1, "char_3": null, "pos_4": -1, "char_4": null, "pos_5": -1, "char_5": null, "is_tourney": false}}, {"model": "playerdata.placement", "pk": 24, "fields": {"user": null, "pos_1": -1, "char_1": null, "pos_2": -1, "char_2": null, "pos_3": -1, "char_3": null, "pos_4": -1, "char_4": null, "pos_5": -1, "char_5": null, "is_tourney": false}}, {"model": "playerdata.placement", "pk": 25, "fields": {"user": null, "pos_1": -1, "char_1": null, "pos_2": -1, "char_2": null, "pos_3": -1, "char_3": null, "pos_4": -1, "char_4": null, "pos_5": -1, "char_5": null, "is_tourney": false}}, {"model": "playerdata.placement", "pk": 26, "fields": {"user": null, "pos_1": -1, "char_1": null, "pos_2": -1, "char_2": null, "pos_3": -1, "char_3": null, "pos_4": -1, "char_4": null, "pos_5": -1, "char_5": null, "is_tourney": false}}, {"model": "playerdata.userinfo", "pk": 1, "fields": {"elo": 0, "tourney_elo": 0, "prev_tourney_elo": 0, "name": "new player", "description": "A description has not been set.", "profile_picture": 0, "default_placement": null, "player_exp": 0, "is_bot": false}}, {"model": "playerdata.userinfo", "pk": 2, "fields": {"elo": 0, "tourney_elo": 0, "prev_tourney_elo": 0, "name": "new player", "description": "A description has not been set.", "profile_picture": 0, "default_placement": null, "player_exp": 0, "is_bot": false}}, {"model": "playerdata.userinfo", "pk": 3, "fields": {"elo": 0, "tourney_elo": 0, "prev_tourney_elo": 0, "name": "new player", "description": "A description has not been set.", "profile_picture": 0, "default_placement": null, "player_exp": 0, "is_bot": false}}, {"model": "playerdata.userinfo", "pk": 12, "fields": {"elo": 0, "tourney_elo": 0, "prev_tourney_elo": 0, "name": "new player", "description": "A description has not been set.", "profile_picture": 0, "default_placement": 1, "player_exp": 0, "is_bot": false}}, {"model": "playerdata.userinfo", "pk": 13, "fields": {"elo": 0, "tourney_elo": 0, "prev_tourney_elo": 0, "name": "new player", "description": "A description has not been set.", "profile_picture": 0, "default_placement": null, "player_exp": 0, "is_bot": false}}, {"model": "playerdata.userinfo", "pk": 14, "fields": {"elo": 1337, "tourney_elo": 0, "prev_tourney_elo": 0, "name": "Daniel", "description": "A description has not been set.", "profile_picture": 5, "default_placement": 7, "player_exp": 0, "is_bot": false}}, {"model": "playerdata.userinfo", "pk": 15, "fields": {"elo": 1336, "tourney_elo": 0, "prev_tourney_elo": 0, "name": "wilson", "description": "A description has not been set.", "profile_picture": 0, "default_placement": 8, "player_exp": 0, "is_bot": false}}, {"model": "playerdata.userinfo", "pk": 16, "fields": {"elo": 0, "tourney_elo": 0, "prev_tourney_elo": 0, "name": "new player", "description": "A description has not been set.", "profile_picture": 0, "default_placement": null, "player_exp": 0, "is_bot": false}}, {"model": "playerdata.userinfo", "pk": 17, "fields": {"elo": 0, "tourney_elo": 0, "prev_tourney_elo": 0, "name": "new player", "description": "A description has not been set.", "profile_picture": 0, "default_placement": null, "player_exp": 0, "is_bot": false}}, {"model": "playerdata.userinfo", "pk": 18, "fields": {"elo": 0, "tourney_elo": 0, "prev_tourney_elo": 0, "name": "new player", "description": "A description has not been set.", "profile_picture": 0, "default_placement": null, "player_exp": 0, "is_bot": false}}, {"model": "playerdata.userinfo", "pk": 19, "fields": {"elo": 0, "tourney_elo": 0, "prev_tourney_elo": 0, "name": "new player", "description": "A description has not been set.", "profile_picture": 0, "default_placement": null, "player_exp": 0, "is_bot": false}}, {"model": "playerdata.userinfo", "pk": 20, "fields": {"elo": 0, "tourney_elo": 0, "prev_tourney_elo": 0, "name": "new player", "description": "A description has not been set.", "profile_picture": 0, "default_placement": null, "player_exp": 0, "is_bot": false}}, {"model": "playerdata.userinfo", "pk": 21, "fields": {"elo": 1337, "tourney_elo": 0, "prev_tourney_elo": 0, "name": "testWilson", "description": "A description has not been set.", "profile_picture": 10, "default_placement": 9, "player_exp": 0, "is_bot": false}}, {"model": "playerdata.userinfo", "pk": 22, "fields": {"elo": 1337, "tourney_elo": 0, "prev_tourney_elo": 0, "name": "George", "description": "A description has not been set.", "profile_picture": 0, "default_placement": 10, "player_exp": 0, "is_bot": false}}, {"model": "playerdata.userinfo", "pk": 23, "fields": {"elo": 0, "tourney_elo": 0, "prev_tourney_elo": 0, "name": "new player", "description": "A description has not been set.", "profile_picture": 0, "default_placement": null, "player_exp": 0, "is_bot": false}}, {"model": "playerdata.userinfo", "pk": 24, "fields": {"elo": 0, "tourney_elo": 0, "prev_tourney_elo": 0, "name": "new player", "description": "A description has not been set.", "profile_picture": 0, "default_placement": null, "player_exp": 0, "is_bot": false}}, {"model": "playerdata.userinfo", "pk": 25, "fields": {"elo": 0, "tourney_elo": 0, "prev_tourney_elo": 0, "name": "Advait (TH)", "description": "A description has not been set.", "profile_picture": 0, "default_placement": null, "player_exp": 0, "is_bot": false}}, {"model": "playerdata.userinfo", "pk": 26, "fields": {"elo": 0, "tourney_elo": 0, "prev_tourney_elo": 0, "name": "Wilson (TH)", "description": "A description has not been set.", "profile_picture": 0, "default_placement": null, "player_exp": 0, "is_bot": false}}, {"model": "playerdata.userinfo", "pk": 27, "fields": {"elo": 0, "tourney_elo": 0, "prev_tourney_elo": 0, "name": "Daniel (TH)", "description": "A description has not been set.", "profile_picture": 0, "default_placement": null, "player_exp": 0, "is_bot": false}}, {"model": "playerdata.userinfo", "pk": 28, "fields": {"elo": 0, "tourney_elo": 0, "prev_tourney_elo": 0, "name": "Yan (TH)", "description": "A description has not been set.", "profile_picture": 0, "default_placement": null, "player_exp": 0, "is_bot": false}}, {"model": "playerdata.userstats", "pk": 1, "fields": {"num_games": 0, "num_wins": 0, "time_started": "2020-05-04T20:35:34.001Z"}}, {"model": "playerdata.userstats", "pk": 2, "fields": {"num_games": 0, "num_wins": 0, "time_started": "2020-09-17T00:42:44.782Z"}}, {"model": "playerdata.userstats", "pk": 3, "fields": {"num_games": 0, "num_wins": 0, "time_started": "2020-09-17T00:42:44.790Z"}}, {"model": "playerdata.userstats", "pk": 12, "fields": {"num_games": 0, "num_wins": 0, "time_started": "2020-09-17T00:42:44.799Z"}}, {"model": "playerdata.userstats", "pk": 13, "fields": {"num_games": 0, "num_wins": 0, "time_started": "2020-09-17T00:42:44.811Z"}}, {"model": "playerdata.userstats", "pk": 14, "fields": {"num_games": 58, "num_wins": 52, "time_started": "2020-06-12T01:40:41.474Z"}}, {"model": "playerdata.userstats", "pk": 15, "fields": {"num_games": 324, "num_wins": 164, "time_started": "2020-06-20T21:55:19.948Z"}}, {"model": "playerdata.userstats", "pk": 16, "fields": {"num_games": 0, "num_wins": 0, "time_started": "2020-05-04T20:35:34.001Z"}}, {"model": "playerdata.userstats", "pk": 17, "fields": {"num_games": 0, "num_wins": 0, "time_started": "2020-05-04T20:35:34.001Z"}}, {"model": "playerdata.userstats", "pk": 18, "fields": {"num_games": 0, "num_wins": 0, "time_started": "2020-05-26T03:31:19.584Z"}}, {"model": "playerdata.userstats", "pk": 19, "fields": {"num_games": 0, "num_wins": 0, "time_started": "2020-05-29T22:42:57.733Z"}}, {"model": "playerdata.userstats", "pk": 20, "fields": {"num_games": 0, "num_wins": 0, "time_started": "2020-05-30T03:19:58.196Z"}}, {"model": "playerdata.userstats", "pk": 21, "fields": {"num_games": 605, "num_wins": 314, "time_started": "2020-06-02T19:25:03.024Z"}}, {"model": "playerdata.userstats", "pk": 22, "fields": {"num_games": 211, "num_wins": 73, "time_started": "2020-06-25T20:54:44.930Z"}}, {"model": "playerdata.userstats", "pk": 23, "fields": {"num_games": 0, "num_wins": 0, "time_started": "2020-08-01T20:23:17.625Z"}}, {"model": "playerdata.userstats", "pk": 24, "fields": {"num_games": 0, "num_wins": 0, "time_started": "2020-09-05T16:20:11.360Z"}}, {"model": "playerdata.userstats", "pk": 25, "fields": {"num_games": 0, "num_wins": 0, "time_started": "2020-09-15T17:47:42.302Z"}}, {"model": "playerdata.userstats", "pk": 26, "fields": {"num_games": 0, "num_wins": 0, "time_started": "2020-09-15T18:20:29.044Z"}}, {"model": "playerdata.userstats", "pk": 27, "fields": {"num_games": 0, "num_wins": 0, "time_started": "2020-09-15T18:20:57.272Z"}}, {"model": "playerdata.userstats", "pk": 28, "fields": {"num_games": 0, "num_wins": 0, "time_started": "2020-09-15T18:21:35.430Z"}}, {"model": "playerdata.inventory", "pk": 1, "fields": {"char_limit": 50, "coins": 0, "gems": 0, "hero_exp": 0, "last_collected_rewards": "2020-11-20T21:55:18.821Z"}}, {"model": "playerdata.inventory", "pk": 2, "fields": {"char_limit": 50, "coins": 0, "gems": 0, "hero_exp": 0, "last_collected_rewards": "2020-11-20T21:55:18.821Z"}}, {"model": "playerdata.inventory", "pk": 3, "fields": {"char_limit": 50, "coins": 0, "gems": 0, "hero_exp": 0, "last_collected_rewards": "2020-11-20T21:55:18.821Z"}}, {"model": "playerdata.inventory", "pk": 12, "fields": {"char_limit": 50, "coins": 0, "gems": 0, "hero_exp": 0, "last_collected_rewards": "2020-11-20T21:55:18.821Z"}}, {"model": "playerdata.inventory", "pk": 13, "fields": {"char_limit": 50, "coins": 0, "gems": 0, "hero_exp": 0, "last_collected_rewards": "2020-11-20T21:55:18.821Z"}}, {"model": "playerdata.inventory", "pk": 14, "fields": {"char_limit": 50, "coins": 8884753, "gems": 4619800, "hero_exp": 100, "last_collected_rewards": "2020-11-20T21:55:18.821Z"}}, {"model": "playerdata.inventory", "pk": 15, "fields": {"char_limit": 50, "coins": 0, "gems": 0, "hero_exp": 0, "last_collected_rewards": "2020-11-20T21:55:18.821Z"}}, {"model": "playerdata.inventory", "pk": 16, "fields": {"char_limit": 50, "coins": 0, "gems": 0, "hero_exp": 0, "last_collected_rewards": "2020-11-20T21:55:18.821Z"}}, {"model": "playerdata.inventory", "pk": 17, "fields": {"char_limit": 50, "coins": 0, "gems": 0, "hero_exp": 0, "last_collected_rewards": "2020-11-20T21:55:18.821Z"}}, {"model": "playerdata.inventory", "pk": 18, "fields": {"char_limit": 50, "coins": 0, "gems": 0, "hero_exp": 0, "last_collected_rewards": "2020-11-20T21:55:18.821Z"}}, {"model": "playerdata.inventory", "pk": 19, "fields": {"char_limit": 50, "coins": 0, "gems": 0, "hero_exp": 0, "last_collected_rewards": "2020-11-20T21:55:18.821Z"}}, {"model": "playerdata.inventory", "pk": 20, "fields": {"char_limit": 50, "coins": 0, "gems": 0, "hero_exp": 0, "last_collected_rewards": "2020-11-20T21:55:18.821Z"}}, {"model": "playerdata.inventory", "pk": 21, "fields": {"char_limit": 50, "coins": 49973741, "gems": 500275, "hero_exp": 0, "last_collected_rewards": "2020-11-20T21:55:18.821Z"}}, {"model": "playerdata.inventory", "pk": 22, "fields": {"char_limit": 50, "coins": 0, "gems": 0, "hero_exp": 0, "last_collected_rewards": "2020-11-20T21:55:18.821Z"}}, {"model": "playerdata.inventory", "pk": 23, "fields": {"char_limit": 50, "coins": 0, "gems": 0, "hero_exp": 0, "last_collected_rewards": "2020-11-20T21:55:18.821Z"}}, {"model": "playerdata.inventory", "pk": 24, "fields": {"char_limit": 50, "coins": 0, "gems": 0, "hero_exp": 0, "last_collected_rewards": "2020-11-20T21:55:18.821Z"}}, {"model": "playerdata.inventory", "pk": 25, "fields": {"char_limit": 50, "coins": 0, "gems": 0, "hero_exp": 0, "last_collected_rewards": "2020-11-20T21:55:18.821Z"}}, {"model": "playerdata.inventory", "pk": 26, "fields": {"char_limit": 50, "coins": 0, "gems": 0, "hero_exp": 0, "last_collected_rewards": "2020-11-20T21:55:18.821Z"}}, {"model": "playerdata.inventory", "pk": 27, "fields": {"char_limit": 50, "coins": 0, "gems": 0, "hero_exp": 0, "last_collected_rewards": "2020-11-20T21:55:18.821Z"}}, {"model": "playerdata.inventory", "pk": 28, "fields": {"char_limit": 50, "coins": 0, "gems": 0, "hero_exp": 0, "last_collected_rewards": "2020-11-20T21:55:18.821Z"}}, {"model": "playerdata.chat", "pk": 1, "fields": {"chat_name": "Global"}}, {"model": "playerdata.chat", "pk": 2, "fields": {"chat_name": "Global 2"}}, {"model": "playerdata.chat", "pk": 3, "fields": {"chat_name": "My clan"}}, {"model": "playerdata.chat", "pk": 4, "fields": {"chat_name": "My clan"}}, {"model": "playerdata.chat", "pk": 5, "fields": {"chat_name": "My clan"}}, {"model": "playerdata.chat", "pk": 6, "fields": {"chat_name": "My clan"}}, {"model": "playerdata.chat", "pk": 7, "fields": {"chat_name": "My clan"}}, {"model": "playerdata.chat", "pk": 8, "fields": {"chat_name": "My clan2"}}, {"model": "playerdata.chat", "pk": 9, "fields": {"chat_name": "My clan3"}}, {"model": "playerdata.chat", "pk": 11, "fields": {"chat_name": ""}}, {"model": "playerdata.chatmessage", "pk": 1, "fields": {"chat": 1, "message": "hello", "sender": 14, "time_send": "2020-04-23T01:29:09Z"}}, {"model": "playerdata.chatmessage", "pk": 2, "fields": {"chat": 1, "message": "hello2", "sender": 14, "time_send": "2020-04-23T01:30:40.742Z"}}, {"model": "playerdata.chatmessage", "pk": 3, "fields": {"chat": 1, "message": "test2", "sender": 14, "time_send": "2020-04-23T03:48:42.568Z"}}, {"model": "playerdata.chatmessage", "pk": 4, "fields": {"chat": 1, "message": "latestmessage", "sender": 14, "time_send": "2020-04-23T04:02:38.408Z"}}, {"model": "playerdata.chatmessage", "pk": 5, "fields": {"chat": 1, "message": "test", "sender": 14, "time_send": "2020-04-23T04:20:45.081Z"}}, {"model": "playerdata.chatmessage", "pk": 6, "fields": {"chat": 1, "message": "test 1", "sender": 14, "time_send": "2020-04-23T04:45:56.910Z"}}, {"model": "playerdata.chatmessage", "pk": 7, "fields": {"chat": 1, "message": "2", "sender": 14, "time_send": "2020-04-23T04:45:59.098Z"}}, {"model": "playerdata.chatmessage", "pk": 8, "fields": {"chat": 1, "message": "4", "sender": 14, "time_send": "2020-04-23T04:45:59.853Z"}}, {"model": "playerdata.chatmessage", "pk": 9, "fields": {"chat": 1, "message": "5", "sender": 14, "time_send": "2020-04-23T04:46:04.293Z"}}, {"model": "playerdata.chatmessage", "pk": 10, "fields": {"chat": 1, "message": "6", "sender": 14, "time_send": "2020-04-23T04:46:05.877Z"}}, {"model": "playerdata.chatmessage", "pk": 11, "fields": {"chat": 1, "message": "6", "sender": 14, "time_send": "2020-04-23T04:46:07.146Z"}}, {"model": "playerdata.chatmessage", "pk": 12, "fields": {"chat": 1, "message": "7", "sender": 14, "time_send": "2020-04-23T04:46:08.769Z"}}, {"model": "playerdata.chatmessage", "pk": 13, "fields": {"chat": 1, "message": "8", "sender": 14, "time_send": "2020-04-23T04:46:10.630Z"}}, {"model": "playerdata.chatmessage", "pk": 14, "fields": {"chat": 1, "message": "9", "sender": 14, "time_send": "2020-04-23T04:46:11.647Z"}}, {"model": "playerdata.chatmessage", "pk": 15, "fields": {"chat": 1, "message": "test", "sender": 14, "time_send": "2020-04-23T06:50:02.633Z"}}, {"model": "playerdata.chatmessage", "pk": 16, "fields": {"chat": 1, "message": "hello", "sender": 14, "time_send": "2020-04-23T06:50:07.137Z"}}, {"model": "playerdata.chatmessage", "pk": 17, "fields": {"chat": 1, "message": "test2", "sender": 14, "time_send": "2020-04-23T06:52:52.237Z"}}, {"model": "playerdata.chatmessage", "pk": 18, "fields": {"chat": 1, "message": "test 3", "sender": 14, "time_send": "2020-04-23T06:54:58.286Z"}}, {"model": "playerdata.chatmessage", "pk": 19, "fields": {"chat": 1, "message": "test 4", "sender": 14, "time_send": "2020-04-23T06:56:07.085Z"}}, {"model": "playerdata.chatmessage", "pk": 20, "fields": {"chat": 1, "message": "test 5", "sender": 14, "time_send": "2020-04-23T06:58:16.009Z"}}, {"model": "playerdata.chatmessage", "pk": 21, "fields": {"chat": 1, "message": "test 6", "sender": 14, "time_send": "2020-04-23T06:58:20.604Z"}}, {"model": "playerdata.chatmessage", "pk": 22, "fields": {"chat": 1, "message": "test 7", "sender": 14, "time_send": "2020-04-23T06:59:52.307Z"}}, {"model": "playerdata.chatmessage", "pk": 23, "fields": {"chat": 1, "message": "helllo", "sender": 14, "time_send": "2020-04-23T16:59:01.603Z"}}, {"model": "playerdata.chatmessage", "pk": 24, "fields": {"chat": 1, "message": "hello", "sender": 14, "time_send": "2020-04-23T16:59:06.208Z"}}, {"model": "playerdata.chatmessage", "pk": 25, "fields": {"chat": 1, "message": "test", "sender": 14, "time_send": "2020-04-23T16:59:55.594Z"}}, {"model": "playerdata.chatmessage", "pk": 26, "fields": {"chat": 1, "message": "updating", "sender": 14, "time_send": "2020-04-23T17:00:01.037Z"}}, {"model": "playerdata.chatmessage", "pk": 27, "fields": {"chat": 1, "message": "refresh", "sender": 14, "time_send": "2020-04-23T17:00:12.508Z"}}, {"model": "playerdata.chatmessage", "pk": 28, "fields": {"chat": 1, "message": ".", "sender": 14, "time_send": "2020-04-23T17:00:17.735Z"}}, {"model": "playerdata.chatmessage", "pk": 29, "fields": {"chat": 1, "message": "hello", "sender": 14, "time_send": "2020-04-23T19:39:54.413Z"}}, {"model": "playerdata.chatmessage", "pk": 30, "fields": {"chat": 1, "message": "helllo", "sender": 14, "time_send": "2020-04-24T04:06:40.092Z"}}, {"model": "playerdata.chatmessage", "pk": 31, "fields": {"chat": 1, "message": "hello 1", "sender": 14, "time_send": "2020-04-24T04:14:59.806Z"}}, {"model": "playerdata.chatmessage", "pk": 32, "fields": {"chat": 1, "message": "hello 2", "sender": 14, "time_send": "2020-04-24T04:15:05.342Z"}}, {"model": "playerdata.chatmessage", "pk": 33, "fields": {"chat": 1, "message": "new hello 1", "sender": 14, "time_send": "2020-04-24T04:18:50.972Z"}}, {"model": "playerdata.chatmessage", "pk": 34, "fields": {"chat": 2, "message": "new hello 2", "sender": 14, "time_send": "2020-04-24T04:18:58.227Z"}}, {"model": "playerdata.chatmessage", "pk": 35, "fields": {"chat": 2, "message": "hello 2 new", "sender": 14, "time_send": "2020-04-26T20:36:04.030Z"}}, {"model": "playerdata.chatmessage", "pk": 36, "fields": {"chat": 1, "message": "hello there", "sender": 14, "time_send": "2020-04-27T02:57:02.494Z"}}, {"model": "playerdata.chatmessage", "pk": 37, "fields": {"chat": 1, "message": "1", "sender": 14, "time_send": "2020-04-27T23:26:04.666Z"}}, {"model": "playerdata.chatmessage", "pk": 38, "fields": {"chat": 1, "message": "2", "sender": 14, "time_send": "2020-04-27T23:26:06.803Z"}}, {"model": "playerdata.chatmessage", "pk": 39, "fields": {"chat": 1, "message": "3", "sender": 14, "time_send": "2020-04-27T23:26:07.792Z"}}, {"model": "playerdata.chatmessage", "pk": 40, "fields": {"chat": 1, "message": "4", "sender": 14, "time_send": "2020-04-27T23:26:09.105Z"}}, {"model": "playerdata.chatmessage", "pk": 41, "fields": {"chat": 1, "message": "5", "sender": 14, "time_send": "2020-04-27T23:26:09.991Z"}}, {"model": "playerdata.chatmessage", "pk": 42, "fields": {"chat": 1, "message": "6", "sender": 14, "time_send": "2020-04-27T23:26:11.168Z"}}, {"model": "playerdata.chatmessage", "pk": 43, "fields": {"chat": 1, "message": "7", "sender": 14, "time_send": "2020-04-27T23:26:12.419Z"}}, {"model": "playerdata.chatmessage", "pk": 44, "fields": {"chat": 1, "message": "8", "sender": 14, "time_send": "2020-04-27T23:26:13.413Z"}}, {"model": "playerdata.chatmessage", "pk": 45, "fields": {"chat": 1, "message": "9", "sender": 14, "time_send": "2020-04-27T23:26:14.346Z"}}, {"model": "playerdata.chatmessage", "pk": 46, "fields": {"chat": 1, "message": "10", "sender": 14, "time_send": "2020-04-27T23:26:15.675Z"}}, {"model": "playerdata.chatmessage", "pk": 47, "fields": {"chat": 1, "message": "11", "sender": 14, "time_send": "2020-04-27T23:26:16.591Z"}}, {"model": "playerdata.chatmessage", "pk": 48, "fields": {"chat": 1, "message": "12", "sender": 14, "time_send": "2020-04-27T23:26:18.473Z"}}, {"model": "playerdata.chatmessage", "pk": 49, "fields": {"chat": 1, "message": "13", "sender": 14, "time_send": "2020-04-27T23:26:19.728Z"}}, {"model": "playerdata.chatmessage", "pk": 50, "fields": {"chat": 1, "message": "14", "sender": 14, "time_send": "2020-04-27T23:26:20.967Z"}}, {"model": "playerdata.chatmessage", "pk": 51, "fields": {"chat": 1, "message": "15", "sender": 14, "time_send": "2020-04-27T23:26:22.075Z"}}, {"model": "playerdata.chatmessage", "pk": 52, "fields": {"chat": 1, "message": "16", "sender": 14, "time_send": "2020-04-27T23:26:23.288Z"}}, {"model": "playerdata.chatmessage", "pk": 53, "fields": {"chat": 1, "message": "17", "sender": 14, "time_send": "2020-04-27T23:26:25.246Z"}}, {"model": "playerdata.chatmessage", "pk": 54, "fields": {"chat": 1, "message": "18", "sender": 14, "time_send": "2020-04-27T23:26:26.542Z"}}, {"model": "playerdata.chatmessage", "pk": 55, "fields": {"chat": 1, "message": "19", "sender": 14, "time_send": "2020-04-27T23:26:27.992Z"}}, {"model": "playerdata.chatmessage", "pk": 56, "fields": {"chat": 1, "message": "20", "sender": 14, "time_send": "2020-04-27T23:26:29.263Z"}}, {"model": "playerdata.chatmessage", "pk": 57, "fields": {"chat": 1, "message": "21", "sender": 14, "time_send": "2020-04-27T23:26:30.369Z"}}, {"model": "playerdata.chatmessage", "pk": 58, "fields": {"chat": 1, "message": "22", "sender": 14, "time_send": "2020-04-27T23:26:32.218Z"}}, {"model": "playerdata.chatmessage", "pk": 59, "fields": {"chat": 1, "message": "23", "sender": 14, "time_send": "2020-04-27T23:26:34.362Z"}}, {"model": "playerdata.chatmessage", "pk": 60, "fields": {"chat": 1, "message": "24", "sender": 14, "time_send": "2020-04-27T23:26:36.822Z"}}, {"model": "playerdata.chatmessage", "pk": 61, "fields": {"chat": 1, "message": "25", "sender": 14, "time_send": "2020-04-27T23:26:38.304Z"}}, {"model": "playerdata.chatmessage", "pk": 62, "fields": {"chat": 1, "message": "26", "sender": 14, "time_send": "2020-04-27T23:26:40.788Z"}}, {"model": "playerdata.chatmessage", "pk": 63, "fields": {"chat": 1, "message": "27", "sender": 14, "time_send": "2020-04-27T23:26:41.918Z"}}, {"model": "playerdata.chatmessage", "pk": 64, "fields": {"chat": 1, "message": "28", "sender": 14, "time_send": "2020-04-27T23:26:43.017Z"}}, {"model": "playerdata.chatmessage", "pk": 65, "fields": {"chat": 1, "message": "29", "sender": 14, "time_send": "2020-04-27T23:26:44.996Z"}}, {"model": "playerdata.chatmessage", "pk": 66, "fields": {"chat": 1, "message": "30", "sender": 14, "time_send": "2020-04-27T23:26:47Z"}}, {"model": "playerdata.chatmessage", "pk": 70, "fields": {"chat": 1, "message": "hello", "sender": 14, "time_send": "2020-05-31T18:42:20.711Z"}}, {"model": "playerdata.chatmessage", "pk": 71, "fields": {"chat": 1, "message": "hello mr wang", "sender": 21, "time_send": "2020-06-02T19:30:29.390Z"}}, {"model": "playerdata.chatmessage", "pk": 72, "fields": {"chat": 1, "message": "how are you", "sender": 21, "time_send": "2020-06-02T19:30:33.834Z"}}, {"model": "playerdata.chatmessage", "pk": 73, "fields": {"chat": 2, "message": "Hello", "sender": 14, "time_send": "2020-06-02T21:49:00.570Z"}}, {"model": "playerdata.chatmessage", "pk": 74, "fields": {"chat": 2, "message": "1", "sender": 14, "time_send": "2020-06-02T21:49:26.577Z"}}, {"model": "playerdata.chatmessage", "pk": 75, "fields": {"chat": 2, "message": "2", "sender": 14, "time_send": "2020-06-02T21:49:41.038Z"}}, {"model": "playerdata.chatmessage", "pk": 76, "fields": {"chat": 1, "message": "hello", "sender": 21, "time_send": "2020-06-02T23:26:42.737Z"}}, {"model": "playerdata.chatmessage", "pk": 77, "fields": {"chat": 1, "message": "party in my dorm", "sender": 21, "time_send": "2020-06-04T03:25:19.140Z"}}, {"model": "playerdata.chatmessage", "pk": 78, "fields": {"chat": 1, "message": "test", "sender": 14, "time_send": "2020-06-04T16:27:44.022Z"}}, {"model": "playerdata.chatmessage", "pk": 79, "fields": {"chat": 1, "message": "big money", "sender": 21, "time_send": "2020-06-04T17:52:58.115Z"}}, {"model": "playerdata.chatmessage", "pk": 80, "fields": {"chat": 1, "message": "hello mr. wu", "sender": 14, "time_send": "2020-06-04T17:54:51.745Z"}}, {"model": "playerdata.chatmessage", "pk": 81, "fields": {"chat": 1, "message": "hello again mr daniel", "sender": 21, "time_send": "2020-06-05T19:59:33.567Z"}}, {"model": "playerdata.chatmessage", "pk": 82, "fields": {"chat": 9, "message": "text", "sender": 14, "time_send": "2020-06-09T03:26:59.967Z"}}, {"model": "playerdata.chatmessage", "pk": 83, "fields": {"chat": 1, "message": "text", "sender": 14, "time_send": "2020-06-09T03:27:05.819Z"}}, {"model": "playerdata.chatmessage", "pk": 84, "fields": {"chat": 1, "message": "hello again", "sender": 21, "time_send": "2020-06-13T22:21:30.960Z"}}, {"model": "playerdata.chatmessage", "pk": 85, "fields": {"chat": 1, "message": "jim is here", "sender": 21, "time_send": "2020-06-13T22:21:35.648Z"}}, {"model": "playerdata.chatmessage", "pk": 86, "fields": {"chat": 1, "message": "this is wilson", "sender": 21, "time_send": "2020-06-26T17:49:15.155Z"}}, {"model": "playerdata.chatmessage", "pk": 87, "fields": {"chat": 1, "message": "this is wilson here with yan", "sender": 21, "time_send": "2020-07-31T23:47:37.973Z"}}, {"model": "playerdata.chatmessage", "pk": 88, "fields": {"chat": 11, "message": "hello my dearest friend", "sender": 21, "time_send": "2020-08-28T06:42:25.300Z"}}, {"model": "playerdata.chatmessage", "pk": 89, "fields": {"chat": 11, "message": "tester", "sender": 21, "time_send": "2020-08-28T17:19:29.771Z"}}, {"model": "playerdata.chatmessage", "pk": 90, "fields": {"chat": 11, "message": "Hello", "sender": 21, "time_send": "2020-08-28T18:16:01.957Z"}}, {"model": "playerdata.chatmessage", "pk": 91, "fields": {"chat": 1, "message": "test", "sender": 21, "time_send": "2020-08-28T22:03:46.646Z"}}, {"model": "playerdata.chatmessage", "pk": 92, "fields": {"chat": 1, "message": "yello", "sender": 21, "time_send": "2020-08-28T22:04:01.552Z"}}, {"model": "playerdata.chatmessage", "pk": 93, "fields": {"chat": 1, "message": "testad", "sender": 21, "time_send": "2020-09-07T18:34:24.985Z"}}, {"model": "playerdata.chatmessage", "pk": 94, "fields": {"chat": 1, "message": "testwilson", "sender": 21, "time_send": "2020-09-08T21:50:34.211Z"}}, {"model": "playerdata.chatmessage", "pk": 95, "fields": {"chat": 2, "message": "test2", "sender": 21, "time_send": "2020-09-08T21:50:38.600Z"}}, {"model": "playerdata.chatmessage", "pk": 96, "fields": {"chat": 11, "message": "hello me", "sender": 21, "time_send": "2020-09-08T21:50:43.163Z"}}, {"model": "playerdata.chatmessage", "pk": 97, "fields": {"chat": 1, "message": "testad4", "sender": 21, "time_send": "2020-09-10T15:09:30.815Z"}}, {"model": "playerdata.chatmessage", "pk": 98, "fields": {"chat": 1, "message": "test play internal ad", "sender": 21, "time_send": "2020-09-14T15:46:06.774Z"}}, {"model": "playerdata.chatlastreadmessage", "pk": 2, "fields": {"chat": 1, "user": 14, "time_send": "2020-06-09T03:27:05.819Z"}}, {"model": "playerdata.chatlastreadmessage", "pk": 3, "fields": {"chat": 1, "user": 21, "time_send": "2020-09-14T15:46:06.774Z"}}, {"model": "playerdata.chatlastreadmessage", "pk": 4, "fields": {"chat": 2, "user": 14, "time_send": "2020-06-02T21:49:41.038Z"}}, {"model": "playerdata.chatlastreadmessage", "pk": 5, "fields": {"chat": 9, "user": 14, "time_send": "2020-06-09T03:26:59.996Z"}}, {"model": "playerdata.chatlastreadmessage", "pk": 6, "fields": {"chat": 11, "user": 21, "time_send": "2020-09-08T21:50:43.163Z"}}, {"model": "playerdata.chatlastreadmessage", "pk": 7, "fields": {"chat": 2, "user": 21, "time_send": "2020-09-08T21:50:38.600Z"}}, {"model": "playerdata.friend", "pk": 8, "fields": {"user_1": 21, "user_2": 14, "chat": 11}}, {"model": "playerdata.friendrequest", "pk": 11, "fields": {"user": 21, "target": 14}}, {"model": "playerdata.clan", "pk": "My clan", "fields": {"description": "my clan description", "chat": 7, "time_started": "2020-05-04T22:26:03.861Z", "elo": 0, "profile_picture": 0, "num_members": 0, "cap": 30}}, {"model": "playerdata.clan", "pk": "My clan2", "fields": {"description": "my clan description", "chat": 8, "time_started": "2020-05-04T22:26:40.157Z", "elo": 0, "profile_picture": 0, "num_members": 0, "cap": 30}}, {"model": "playerdata.clan", "pk": "My clan3", "fields": {"description": "New Description", "chat": 9, "time_started": "2020-05-04T22:34:15.927Z", "elo": 420, "profile_picture": 4, "num_members": 0, "cap": 30}}, {"model": "playerdata.clanmember", "pk": 1, "fields": {"clan": null, "is_admin": false, "is_owner": false}}, {"model": "playerdata.clanmember", "pk": 2, "fields": {"clan": null, "is_admin": false, "is_owner": false}}, {"model": "playerdata.clanmember", "pk": 3, "fields": {"clan": null, "is_admin": false, "is_owner": false}}, {"model": "playerdata.clanmember", "pk": 12, "fields": {"clan": null, "is_admin": false, "is_owner": false}}, {"model": "playerdata.clanmember", "pk": 13, "fields": {"clan": null, "is_admin": false, "is_owner": false}}, {"model": "playerdata.clanmember", "pk": 14, "fields": {"clan": "My clan3", "is_admin": true, "is_owner": true}}, {"model": "playerdata.clanmember", "pk": 15, "fields": {"clan": null, "is_admin": false, "is_owner": false}}, {"model": "playerdata.clanmember", "pk": 16, "fields": {"clan": null, "is_admin": false, "is_owner": false}}, {"model": "playerdata.clanmember", "pk": 17, "fields": {"clan": null, "is_admin": false, "is_owner": false}}, {"model": "playerdata.clanmember", "pk": 18, "fields": {"clan": null, "is_admin": false, "is_owner": false}}, {"model": "playerdata.clanmember", "pk": 19, "fields": {"clan": null, "is_admin": false, "is_owner": false}}, {"model": "playerdata.clanmember", "pk": 20, "fields": {"clan": null, "is_admin": false, "is_owner": false}}, {"model": "playerdata.clanmember", "pk": 21, "fields": {"clan": null, "is_admin": false, "is_owner": false}}, {"model": "playerdata.clanmember", "pk": 22, "fields": {"clan": null, "is_admin": false, "is_owner": false}}, {"model": "playerdata.clanmember", "pk": 23, "fields": {"clan": null, "is_admin": false, "is_owner": false}}, {"model": "playerdata.clanmember", "pk": 24, "fields": {"clan": null, "is_admin": false, "is_owner": false}}, {"model": "playerdata.clanmember", "pk": 25, "fields": {"clan": null, "is_admin": false, "is_owner": false}}, {"model": "playerdata.clanmember", "pk": 26, "fields": {"clan": null, "is_admin": false, "is_owner": false}}, {"model": "playerdata.clanmember", "pk": 27, "fields": {"clan": null, "is_admin": false, "is_owner": false}}, {"model": "playerdata.clanmember", "pk": 28, "fields": {"clan": null, "is_admin": false, "is_owner": false}}, {"model": "playerdata.clanrequest", "pk": 4, "fields": {"userinfo": 21, "clan": "My clan3"}}, {"model": "playerdata.dungeonstage", "pk": 1, "fields": {"stage": null, "mob": 7, "player_exp": 10, "coins": 50, "gems": 0}}, {"model": "playerdata.dungeonstage", "pk": 2, "fields": {"stage": null, "mob": 7, "player_exp": 20, "coins": 100, "gems": 1}}, {"model": "playerdata.dungeonprogress", "pk": 1, "fields": {"stage_id": 1}}, {"model": "playerdata.dungeonprogress", "pk": 2, "fields": {"stage_id": 1}}, {"model": "playerdata.dungeonprogress", "pk": 3, "fields": {"stage_id": 1}}, {"model": "playerdata.dungeonprogress", "pk": 12, "fields": {"stage_id": 1}}, {"model": "playerdata.dungeonprogress", "pk": 13, "fields": {"stage_id": 1}}, {"model": "playerdata.dungeonprogress", "pk": 14, "fields": {"stage_id": 1}}, {"model": "playerdata.dungeonprogress", "pk": 15, "fields": {"stage_id": 1}}, {"model": "playerdata.dungeonprogress", "pk": 16, "fields": {"stage_id": 1}}, {"model": "playerdata.dungeonprogress", "pk": 17, "fields": {"stage_id": 1}}, {"model": "playerdata.dungeonprogress", "pk": 18, "fields": {"stage_id": 1}}, {"model": "playerdata.dungeonprogress", "pk": 19, "fields": {"stage_id": 1}}, {"model": "playerdata.dungeonprogress", "pk": 20, "fields": {"stage_id": 1}}, {"model": "playerdata.dungeonprogress", "pk": 21, "fields": {"stage_id": 3}}, {"model": "playerdata.dungeonprogress", "pk": 22, "fields": {"stage_id": 1}}, {"model": "playerdata.dungeonprogress", "pk": 23, "fields": {"stage_id": 1}}, {"model": "playerdata.dungeonprogress", "pk": 24, "fields": {"stage_id": 1}}, {"model": "playerdata.dungeonprogress", "pk": 25, "fields": {"stage_id": 1}}, {"model": "playerdata.dungeonprogress", "pk": 26, "fields": {"stage_id": 1}}, {"model": "playerdata.dungeonprogress", "pk": 27, "fields": {"stage_id": 1}}, {"model": "playerdata.dungeonprogress", "pk": 28, "fields": {"stage_id": 1}}, {"model": "playerdata.basequest", "pk": 1, "fields": {"title": "Deal 5k damage", "type": 0, "total": 5000, "gems": 5, "coins": 500, "item_type": null, "char_type": null}}, {"model": "playerdata.basequest", "pk": 2, "fields": {"title": "Deal 15k damage", "type": 0, "total": 15000, "gems": 5, "coins": 500, "item_type": null, "char_type": null}}, {"model": "playerdata.basequest", "pk": 3, "fields": {"title": "Deal 30k damage", "type": 0, "total": 30000, "gems": 5, "coins": 500, "item_type": null, "char_type": null}}, {"model": "playerdata.basequest", "pk": 4, "fields": {"title": "Make a friend", "type": 10, "total": 1, "gems": 100, "coins": 500, "item_type": null, "char_type": null}}, {"model": "playerdata.basequest", "pk": 5, "fields": {"title": "Win 5 QuickPlay games", "type": 11, "total": 5, "gems": 5, "coins": 500, "item_type": null, "char_type": null}}, {"model": "playerdata.basequest", "pk": 6, "fields": {"title": "Win 5 Dungeon games", "type": 12, "total": 5, "gems": 5, "coins": 500, "item_type": null, "char_type": null}}, {"model": "playerdata.basequest", "pk": 7, "fields": {"title": "Join the Discord!", "type": 5, "total": 1, "gems": 200, "coins": 500, "item_type": null, "char_type": null}}, {"model": "playerdata.basequest", "pk": 8, "fields": {"title": "Refer a friend", "type": 16, "total": 1, "gems": 500, "coins": 1000, "item_type": null, "char_type": null}}, {"model": "playerdata.basequest", "pk": 9, "fields": {"title": "Win 1 QuickPlay game", "type": 11, "total": 1, "gems": 30, "coins": 100, "item_type": null, "char_type": null}}, {"model": "playerdata.basequest", "pk": 10, "fields": {"title": "Win 1 Dungeon game", "type": 12, "total": 1, "gems": 30, "coins": 100, "item_type": null, "char_type": null}}, {"model": "playerdata.basequest", "pk": 11, "fields": {"title": "Win 20 QuickPlay games", "type": 11, "total": 20, "gems": 600, "coins": 500, "item_type": null, "char_type": null}}, {"model": "playerdata.basequest", "pk": 12, "fields": {"title": "Win 20 Dungeon games", "type": 12, "total": 20, "gems": 500, "coins": 1000, "item_type": null, "char_type": null}}, {"model": "playerdata.basequest", "pk": 13, "fields": {"title": "Buy an item from shop", "type": 4, "total": 1, "gems": 400, "coins": 0, "item_type": null, "char_type": null}}, {"model": "playerdata.basequest", "pk": 14, "fields": {"title": "Own 10 heroes", "type": 13, "total": 10, "gems": 500, "coins": 1000, "item_type": null, "char_type": null}}, {"model": "playerdata.basequest", "pk": 15, "fields": {"title": "Own 15 heroes", "type": 13, "total": 15, "gems": 500, "coins": 1000, "item_type": null, "char_type": null}}, {"model": "playerdata.basequest", "pk": 16, "fields": {"title": "Own 20 heroes", "type": 13, "total": 20, "gems": 500, "coins": 1000, "item_type": null, "char_type": null}}, {"model": "playerdata.basequest", "pk": 17, "fields": {"title": "Win 5 QuickPlay games with Viking", "type": 100, "total": 5, "gems": 500, "coins": 1000, "item_type": null, "char_type": null}}, {"model": "playerdata.basequest", "pk": 18, "fields": {"title": "Win 5 QuickPlay games with Archer", "type": 101, "total": 5, "gems": 500, "coins": 1000, "item_type": null, "char_type": null}}, {"model": "playerdata.basequest", "pk": 19, "fields": {"title": "Win 5 QuickPlay games with Mage", "type": 102, "total": 5, "gems": 500, "coins": 1000, "item_type": null, "char_type": null}}, {"model": "playerdata.basequest", "pk": 20, "fields": {"title": "Win 5 QuickPlay games with Swordsman", "type": 103, "total": 5, "gems": 500, "coins": 1000, "item_type": null, "char_type": null}}, {"model": "playerdata.basequest", "pk": 21, "fields": {"title": "Win 5 QuickPlay games with Hammer Knight", "type": 104, "total": 5, "gems": 500, "coins": 1000, "item_type": null, "char_type": null}}, {"model": "playerdata.basequest", "pk": 22, "fields": {"title": "Win 5 QuickPlay games with Golem", "type": 105, "total": 5, "gems": 500, "coins": 1000, "item_type": null, "char_type": null}}, {"model": "playerdata.basequest", "pk": 23, "fields": {"title": "Win 5 QuickPlay games with Pirate", "type": 106, "total": 5, "gems": 500, "coins": 1000, "item_type": null, "char_type": null}}, {"model": "playerdata.basequest", "pk": 24, "fields": {"title": "Win 5 QuickPlay games with Ninja", "type": 107, "total": 5, "gems": 500, "coins": 1000, "item_type": null, "char_type": null}}, {"model": "playerdata.basequest", "pk": 25, "fields": {"title": "Win 5 QuickPlay games with Chef", "type": 107, "total": 5, "gems": 500, "coins": 1000, "item_type": null, "char_type": null}}, {"model": "playerdata.basequest", "pk": 26, "fields": {"title": "Win 5 QuickPlay games with Fire Bender", "type": 109, "total": 5, "gems": 500, "coins": 1000, "item_type": null, "char_type": null}}, {"model": "playerdata.cumulativetracker", "pk": 1, "fields": {"user": 14, "progress": 0, "type": 0}}, {"model": "playerdata.cumulativetracker", "pk": 2, "fields": {"user": 21, "progress": 3967182, "type": 0}}, {"model": "playerdata.cumulativetracker", "pk": 3, "fields": {"user": 2, "progress": 0, "type": 5}}, {"model": "playerdata.cumulativetracker", "pk": 4, "fields": {"user": 3, "progress": 0, "type": 5}}, {"model": "playerdata.cumulativetracker", "pk": 5, "fields": {"user": 21, "progress": 0, "type": 5}}, {"model": "playerdata.cumulativetracker", "pk": 6, "fields": {"user": 22, "progress": 0, "type": 5}}, {"model": "playerdata.cumulativetracker", "pk": 7, "fields": {"user": 12, "progress": 0, "type": 5}}, {"model": "playerdata.cumulativetracker", "pk": 8, "fields": {"user": 13, "progress": 0, "type": 5}}, {"model": "playerdata.cumulativetracker", "pk": 9, "fields": {"user": 14, "progress": 0, "type": 5}}, {"model": "playerdata.cumulativetracker", "pk": 10, "fields": {"user": 15, "progress": 0, "type": 5}}, {"model": "playerdata.cumulativetracker", "pk": 11, "fields": {"user": 16, "progress": 0, "type": 5}}, {"model": "playerdata.cumulativetracker", "pk": 12, "fields": {"user": 17, "progress": 0, "type": 5}}, {"model": "playerdata.cumulativetracker", "pk": 13, "fields": {"user": 18, "progress": 0, "type": 5}}, {"model": "playerdata.cumulativetracker", "pk": 14, "fields": {"user": 19, "progress": 0, "type": 5}}, {"model": "playerdata.cumulativetracker", "pk": 15, "fields": {"user": 23, "progress": 0, "type": 5}}, {"model": "playerdata.cumulativetracker", "pk": 16, "fields": {"user": 20, "progress": 0, "type": 5}}, {"model": "playerdata.cumulativetracker", "pk": 17, "fields": {"user": 1, "progress": 0, "type": 5}}, {"model": "playerdata.cumulativetracker", "pk": 18, "fields": {"user": 2, "progress": 0, "type": 0}}, {"model": "playerdata.cumulativetracker", "pk": 19, "fields": {"user": 3, "progress": 0, "type": 0}}, {"model": "playerdata.cumulativetracker", "pk": 20, "fields": {"user": 22, "progress": 0, "type": 0}}, {"model": "playerdata.cumulativetracker", "pk": 21, "fields": {"user": 12, "progress": 0, "type": 0}}, {"model": "playerdata.cumulativetracker", "pk": 22, "fields": {"user": 13, "progress": 0, "type": 0}}, {"model": "playerdata.cumulativetracker", "pk": 23, "fields": {"user": 15, "progress": 0, "type": 0}}, {"model": "playerdata.cumulativetracker", "pk": 24, "fields": {"user": 16, "progress": 0, "type": 0}}, {"model": "playerdata.cumulativetracker", "pk": 25, "fields": {"user": 17, "progress": 0, "type": 0}}, {"model": "playerdata.cumulativetracker", "pk": 26, "fields": {"user": 18, "progress": 0, "type": 0}}, {"model": "playerdata.cumulativetracker", "pk": 27, "fields": {"user": 19, "progress": 0, "type": 0}}, {"model": "playerdata.cumulativetracker", "pk": 28, "fields": {"user": 23, "progress": 0, "type": 0}}, {"model": "playerdata.cumulativetracker", "pk": 29, "fields": {"user": 20, "progress": 0, "type": 0}}, {"model": "playerdata.cumulativetracker", "pk": 30, "fields": {"user": 1, "progress": 0, "type": 0}}, {"model": "playerdata.cumulativetracker", "pk": 31, "fields": {"user": 2, "progress": 0, "type": 10}}, {"model": "playerdata.cumulativetracker", "pk": 32, "fields": {"user": 3, "progress": 0, "type": 10}}, {"model": "playerdata.cumulativetracker", "pk": 33, "fields": {"user": 21, "progress": 0, "type": 10}}, {"model": "playerdata.cumulativetracker", "pk": 34, "fields": {"user": 22, "progress": 0, "type": 10}}, {"model": "playerdata.cumulativetracker", "pk": 35, "fields": {"user": 12, "progress": 0, "type": 10}}, {"model": "playerdata.cumulativetracker", "pk": 36, "fields": {"user": 13, "progress": 0, "type": 10}}, {"model": "playerdata.cumulativetracker", "pk": 37, "fields": {"user": 14, "progress": 0, "type": 10}}, {"model": "playerdata.cumulativetracker", "pk": 38, "fields": {"user": 15, "progress": 0, "type": 10}}, {"model": "playerdata.cumulativetracker", "pk": 39, "fields": {"user": 16, "progress": 0, "type": 10}}, {"model": "playerdata.cumulativetracker", "pk": 40, "fields": {"user": 17, "progress": 0, "type": 10}}, {"model": "playerdata.cumulativetracker", "pk": 41, "fields": {"user": 18, "progress": 0, "type": 10}}, {"model": "playerdata.cumulativetracker", "pk": 42, "fields": {"user": 19, "progress": 0, "type": 10}}, {"model": "playerdata.cumulativetracker", "pk": 43, "fields": {"user": 23, "progress": 0, "type": 10}}, {"model": "playerdata.cumulativetracker", "pk": 44, "fields": {"user": 20, "progress": 0, "type": 10}}, {"model": "playerdata.cumulativetracker", "pk": 45, "fields": {"user": 1, "progress": 0, "type": 10}}, {"model": "playerdata.cumulativetracker", "pk": 46, "fields": {"user": 2, "progress": 0, "type": 16}}, {"model": "playerdata.cumulativetracker", "pk": 47, "fields": {"user": 3, "progress": 0, "type": 16}}, {"model": "playerdata.cumulativetracker", "pk": 48, "fields": {"user": 21, "progress": 0, "type": 16}}, {"model": "playerdata.cumulativetracker", "pk": 49, "fields": {"user": 22, "progress": 0, "type": 16}}, {"model": "playerdata.cumulativetracker", "pk": 50, "fields": {"user": 12, "progress": 0, "type": 16}}, {"model": "playerdata.cumulativetracker", "pk": 51, "fields": {"user": 13, "progress": 0, "type": 16}}, {"model": "playerdata.cumulativetracker", "pk": 52, "fields": {"user": 14, "progress": 0, "type": 16}}, {"model": "playerdata.cumulativetracker", "pk": 53, "fields": {"user": 15, "progress": 0, "type": 16}}, {"model": "playerdata.cumulativetracker", "pk": 54, "fields": {"user": 16, "progress": 0, "type": 16}}, {"model": "playerdata.cumulativetracker", "pk": 55, "fields": {"user": 17, "progress": 0, "type": 16}}, {"model": "playerdata.cumulativetracker", "pk": 56, "fields": {"user": 18, "progress": 0, "type": 16}}, {"model": "playerdata.cumulativetracker", "pk": 57, "fields": {"user": 19, "progress": 0, "type": 16}}, {"model": "playerdata.cumulativetracker", "pk": 58, "fields": {"user": 23, "progress": 0, "type": 16}}, {"model": "playerdata.cumulativetracker", "pk": 59, "fields": {"user": 20, "progress": 0, "type": 16}}, {"model": "playerdata.cumulativetracker", "pk": 60, "fields": {"user": 1, "progress": 0, "type": 16}}, {"model": "playerdata.cumulativetracker", "pk": 61, "fields": {"user": 2, "progress": 0, "type": 13}}, {"model": "playerdata.cumulativetracker", "pk": 62, "fields": {"user": 3, "progress": 0, "type": 13}}, {"model": "playerdata.cumulativetracker", "pk": 63, "fields": {"user": 21, "progress": 10, "type": 13}}, {"model": "playerdata.cumulativetracker", "pk": 64, "fields": {"user": 22, "progress": 0, "type": 13}}, {"model": "playerdata.cumulativetracker", "pk": 65, "fields": {"user": 12, "progress": 0, "type": 13}}, {"model": "playerdata.cumulativetracker", "pk": 66, "fields": {"user": 13, "progress": 0, "type": 13}}, {"model": "playerdata.cumulativetracker", "pk": 67, "fields": {"user": 14, "progress": 9, "type": 13}}, {"model": "playerdata.cumulativetracker", "pk": 68, "fields": {"user": 15, "progress": 0, "type": 13}}, {"model": "playerdata.cumulativetracker", "pk": 69, "fields": {"user": 16, "progress": 0, "type": 13}}, {"model": "playerdata.cumulativetracker", "pk": 70, "fields": {"user": 17, "progress": 0, "type": 13}}, {"model": "playerdata.cumulativetracker", "pk": 71, "fields": {"user": 18, "progress": 0, "type": 13}}, {"model": "playerdata.cumulativetracker", "pk": 72, "fields": {"user": 19, "progress": 0, "type": 13}}, {"model": "playerdata.cumulativetracker", "pk": 73, "fields": {"user": 23, "progress": 0, "type": 13}}, {"model": "playerdata.cumulativetracker", "pk": 74, "fields": {"user": 20, "progress": 0, "type": 13}}, {"model": "playerdata.cumulativetracker", "pk": 75, "fields": {"user": 1, "progress": 0, "type": 13}}, {"model": "playerdata.cumulativetracker", "pk": 76, "fields": {"user": 24, "progress": 0, "type": 0}}, {"model": "playerdata.cumulativetracker", "pk": 77, "fields": {"user": 25, "progress": 0, "type": 0}}, {"model": "playerdata.cumulativetracker", "pk": 78, "fields": {"user": 26, "progress": 0, "type": 0}}, {"model": "playerdata.cumulativetracker", "pk": 79, "fields": {"user": 27, "progress": 0, "type": 0}}, {"model": "playerdata.cumulativetracker", "pk": 80, "fields": {"user": 28, "progress": 0, "type": 0}}, {"model": "playerdata.playerquestcumulative", "pk": 1, "fields": {"base_quest": 1, "user": 21, "progress": 2, "completed": true, "claimed": true}}, {"model": "playerdata.playerquestcumulative", "pk": 2, "fields": {"base_quest": 2, "user": 21, "progress": 2, "completed": true, "claimed": false}}, {"model": "playerdata.playerquestcumulative", "pk": 3, "fields": {"base_quest": 3, "user": 21, "progress": 2, "completed": true, "claimed": false}}, {"model": "playerdata.playerquestcumulative", "pk": 4, "fields": {"base_quest": 7, "user": 2, "progress": 3, "completed": false, "claimed": false}}, {"model": "playerdata.playerquestcumulative", "pk": 5, "fields": {"base_quest": 7, "user": 3, "progress": 4, "completed": false, "claimed": false}}, {"model": "playerdata.playerquestcumulative", "pk": 6, "fields": {"base_quest": 7, "user": 21, "progress": 5, "completed": false, "claimed": false}}, {"model": "playerdata.playerquestcumulative", "pk": 7, "fields": {"base_quest": 7, "user": 22, "progress": 6, "completed": false, "claimed": false}}, {"model": "playerdata.playerquestcumulative", "pk": 8, "fields": {"base_quest": 7, "user": 12, "progress": 7, "completed": false, "claimed": false}}, {"model": "playerdata.playerquestcumulative", "pk": 9, "fields": {"base_quest": 7, "user": 13, "progress": 8, "completed": false, "claimed": false}}, {"model": "playerdata.playerquestcumulative", "pk": 10, "fields": {"base_quest": 7, "user": 14, "progress": 9, "completed": false, "claimed": false}}, {"model": "playerdata.playerquestcumulative", "pk": 11, "fields": {"base_quest": 7, "user": 15, "progress": 10, "completed": false, "claimed": false}}, {"model": "playerdata.playerquestcumulative", "pk": 12, "fields": {"base_quest": 7, "user": 16, "progress": 11, "completed": false, "claimed": false}}, {"model": "playerdata.playerquestcumulative", "pk": 13, "fields": {"base_quest": 7, "user": 17, "progress": 12, "completed": false, "claimed": false}}, {"model": "playerdata.playerquestcumulative", "pk": 14, "fields": {"base_quest": 7, "user": 18, "progress": 13, "completed": false, "claimed": false}}, {"model": "playerdata.playerquestcumulative", "pk": 15, "fields": {"base_quest": 7, "user": 19, "progress": 14, "completed": false, "claimed": false}}, {"model": "playerdata.playerquestcumulative", "pk": 16, "fields": {"base_quest": 7, "user": 23, "progress": 15, "completed": false, "claimed": false}}, {"model": "playerdata.playerquestcumulative", "pk": 17, "fields": {"base_quest": 7, "user": 20, "progress": 16, "completed": false, "claimed": false}}, {"model": "playerdata.playerquestcumulative", "pk": 18, "fields": {"base_quest": 7, "user": 1, "progress": 17, "completed": false, "claimed": false}}, {"model": "playerdata.playerquestcumulative", "pk": 19, "fields": {"base_quest": 1, "user": 2, "progress": 18, "completed": false, "claimed": false}}, {"model": "playerdata.playerquestcumulative", "pk": 20, "fields": {"base_quest": 1, "user": 3, "progress": 19, "completed": false, "claimed": false}}, {"model": "playerdata.playerquestcumulative", "pk": 22, "fields": {"base_quest": 1, "user": 22, "progress": 20, "completed": false, "claimed": false}}, {"model": "playerdata.playerquestcumulative", "pk": 23, "fields": {"base_quest": 1, "user": 12, "progress": 21, "completed": false, "claimed": false}}, {"model": "playerdata.playerquestcumulative", "pk": 24, "fields": {"base_quest": 1, "user": 13, "progress": 22, "completed": false, "claimed": false}}, {"model": "playerdata.playerquestcumulative", "pk": 25, "fields": {"base_quest": 1, "user": 14, "progress": 1, "completed": false, "claimed": false}}, {"model": "playerdata.playerquestcumulative", "pk": 26, "fields": {"base_quest": 1, "user": 15, "progress": 23, "completed": false, "claimed": false}}, {"model": "playerdata.playerquestcumulative", "pk": 27, "fields": {"base_quest": 1, "user": 16, "progress": 24, "completed": false, "claimed": false}}, {"model": "playerdata.playerquestcumulative", "pk": 28, "fields": {"base_quest": 1, "user": 17, "progress": 25, "completed": false, "claimed": false}}, {"model": "playerdata.playerquestcumulative", "pk": 29, "fields": {"base_quest": 1, "user": 18, "progress": 26, "completed": false, "claimed": false}}, {"model": "playerdata.playerquestcumulative", "pk": 30, "fields": {"base_quest": 1, "user": 19, "progress": 27, "completed": false, "claimed": false}}, {"model": "playerdata.playerquestcumulative", "pk": 31, "fields": {"base_quest": 1, "user": 23, "progress": 28, "completed": false, "claimed": false}}, {"model": "playerdata.playerquestcumulative", "pk": 32, "fields": {"base_quest": 1, "user": 20, "progress": 29, "completed": false, "claimed": false}}, {"model": "playerdata.playerquestcumulative", "pk": 33, "fields": {"base_quest": 1, "user": 1, "progress": 30, "completed": false, "claimed": false}}, {"model": "playerdata.playerquestcumulative", "pk": 34, "fields": {"base_quest": 4, "user": 2, "progress": 31, "completed": false, "claimed": false}}, {"model": "playerdata.playerquestcumulative", "pk": 35, "fields": {"base_quest": 4, "user": 3, "progress": 32, "completed": false, "claimed": false}}, {"model": "playerdata.playerquestcumulative", "pk": 36, "fields": {"base_quest": 4, "user": 21, "progress": 33, "completed": false, "claimed": false}}, {"model": "playerdata.playerquestcumulative", "pk": 37, "fields": {"base_quest": 4, "user": 22, "progress": 34, "completed": false, "claimed": false}}, {"model": "playerdata.playerquestcumulative", "pk": 38, "fields": {"base_quest": 4, "user": 12, "progress": 35, "completed": false, "claimed": false}}, {"model": "playerdata.playerquestcumulative", "pk": 39, "fields": {"base_quest": 4, "user": 13, "progress": 36, "completed": false, "claimed": false}}, {"model": "playerdata.playerquestcumulative", "pk": 40, "fields": {"base_quest": 4, "user": 14, "progress": 37, "completed": false, "claimed": false}}, {"model": "playerdata.playerquestcumulative", "pk": 41, "fields": {"base_quest": 4, "user": 15, "progress": 38, "completed": false, "claimed": false}}, {"model": "playerdata.playerquestcumulative", "pk": 42, "fields": {"base_quest": 4, "user": 16, "progress": 39, "completed": false, "claimed": false}}, {"model": "playerdata.playerquestcumulative", "pk": 43, "fields": {"base_quest": 4, "user": 17, "progress": 40, "completed": false, "claimed": false}}, {"model": "playerdata.playerquestcumulative", "pk": 44, "fields": {"base_quest": 4, "user": 18, "progress": 41, "completed": false, "claimed": false}}, {"model": "playerdata.playerquestcumulative", "pk": 45, "fields": {"base_quest": 4, "user": 19, "progress": 42, "completed": false, "claimed": false}}, {"model": "playerdata.playerquestcumulative", "pk": 46, "fields": {"base_quest": 4, "user": 23, "progress": 43, "completed": false, "claimed": false}}, {"model": "playerdata.playerquestcumulative", "pk": 47, "fields": {"base_quest": 4, "user": 20, "progress": 44, "completed": false, "claimed": false}}, {"model": "playerdata.playerquestcumulative", "pk": 48, "fields": {"base_quest": 4, "user": 1, "progress": 45, "completed": false, "claimed": false}}, {"model": "playerdata.playerquestcumulative", "pk": 49, "fields": {"base_quest": 3, "user": 2, "progress": 18, "completed": false, "claimed": false}}, {"model": "playerdata.playerquestcumulative", "pk": 50, "fields": {"base_quest": 3, "user": 3, "progress": 19, "completed": false, "claimed": false}}, {"model": "playerdata.playerquestcumulative", "pk": 52, "fields": {"base_quest": 3, "user": 22, "progress": 20, "completed": false, "claimed": false}}, {"model": "playerdata.playerquestcumulative", "pk": 53, "fields": {"base_quest": 3, "user": 12, "progress": 21, "completed": false, "claimed": false}}, {"model": "playerdata.playerquestcumulative", "pk": 54, "fields": {"base_quest": 3, "user": 13, "progress": 22, "completed": false, "claimed": false}}, {"model": "playerdata.playerquestcumulative", "pk": 55, "fields": {"base_quest": 3, "user": 14, "progress": 1, "completed": false, "claimed": false}}, {"model": "playerdata.playerquestcumulative", "pk": 56, "fields": {"base_quest": 3, "user": 15, "progress": 23, "completed": false, "claimed": false}}, {"model": "playerdata.playerquestcumulative", "pk": 57, "fields": {"base_quest": 3, "user": 16, "progress": 24, "completed": false, "claimed": false}}, {"model": "playerdata.playerquestcumulative", "pk": 58, "fields": {"base_quest": 3, "user": 17, "progress": 25, "completed": false, "claimed": false}}, {"model": "playerdata.playerquestcumulative", "pk": 59, "fields": {"base_quest": 3, "user": 18, "progress": 26, "completed": false, "claimed": false}}, {"model": "playerdata.playerquestcumulative", "pk": 60, "fields": {"base_quest": 3, "user": 19, "progress": 27, "completed": false, "claimed": false}}, {"model": "playerdata.playerquestcumulative", "pk": 61, "fields": {"base_quest": 3, "user": 23, "progress": 28, "completed": false, "claimed": false}}, {"model": "playerdata.playerquestcumulative", "pk": 62, "fields": {"base_quest": 3, "user": 20, "progress": 29, "completed": false, "claimed": false}}, {"model": "playerdata.playerquestcumulative", "pk": 63, "fields": {"base_quest": 3, "user": 1, "progress": 30, "completed": false, "claimed": false}}, {"model": "playerdata.playerquestcumulative", "pk": 64, "fields": {"base_quest": 2, "user": 2, "progress": 18, "completed": false, "claimed": false}}, {"model": "playerdata.playerquestcumulative", "pk": 65, "fields": {"base_quest": 2, "user": 3, "progress": 19, "completed": false, "claimed": false}}, {"model": "playerdata.playerquestcumulative", "pk": 67, "fields": {"base_quest": 2, "user": 22, "progress": 20, "completed": false, "claimed": false}}, {"model": "playerdata.playerquestcumulative", "pk": 68, "fields": {"base_quest": 2, "user": 12, "progress": 21, "completed": false, "claimed": false}}, {"model": "playerdata.playerquestcumulative", "pk": 69, "fields": {"base_quest": 2, "user": 13, "progress": 22, "completed": false, "claimed": false}}, {"model": "playerdata.playerquestcumulative", "pk": 70, "fields": {"base_quest": 2, "user": 14, "progress": 1, "completed": false, "claimed": false}}, {"model": "playerdata.playerquestcumulative", "pk": 71, "fields": {"base_quest": 2, "user": 15, "progress": 23, "completed": false, "claimed": false}}, {"model": "playerdata.playerquestcumulative", "pk": 72, "fields": {"base_quest": 2, "user": 16, "progress": 24, "completed": false, "claimed": false}}, {"model": "playerdata.playerquestcumulative", "pk": 73, "fields": {"base_quest": 2, "user": 17, "progress": 25, "completed": false, "claimed": false}}, {"model": "playerdata.playerquestcumulative", "pk": 74, "fields": {"base_quest": 2, "user": 18, "progress": 26, "completed": false, "claimed": false}}, {"model": "playerdata.playerquestcumulative", "pk": 75, "fields": {"base_quest": 2, "user": 19, "progress": 27, "completed": false, "claimed": false}}, {"model": "playerdata.playerquestcumulative", "pk": 76, "fields": {"base_quest": 2, "user": 23, "progress": 28, "completed": false, "claimed": false}}, {"model": "playerdata.playerquestcumulative", "pk": 77, "fields": {"base_quest": 2, "user": 20, "progress": 29, "completed": false, "claimed": false}}, {"model": "playerdata.playerquestcumulative", "pk": 78, "fields": {"base_quest": 2, "user": 1, "progress": 30, "completed": false, "claimed": false}}, {"model": "playerdata.playerquestcumulative", "pk": 79, "fields": {"base_quest": 8, "user": 2, "progress": 46, "completed": false, "claimed": false}}, {"model": "playerdata.playerquestcumulative", "pk": 80, "fields": {"base_quest": 8, "user": 3, "progress": 47, "completed": false, "claimed": false}}, {"model": "playerdata.playerquestcumulative", "pk": 81, "fields": {"base_quest": 8, "user": 21, "progress": 48, "completed": false, "claimed": false}}, {"model": "playerdata.playerquestcumulative", "pk": 82, "fields": {"base_quest": 8, "user": 22, "progress": 49, "completed": false, "claimed": false}}, {"model": "playerdata.playerquestcumulative", "pk": 83, "fields": {"base_quest": 8, "user": 12, "progress": 50, "completed": false, "claimed": false}}, {"model": "playerdata.playerquestcumulative", "pk": 84, "fields": {"base_quest": 8, "user": 13, "progress": 51, "completed": false, "claimed": false}}, {"model": "playerdata.playerquestcumulative", "pk": 85, "fields": {"base_quest": 8, "user": 14, "progress": 52, "completed": false, "claimed": false}}, {"model": "playerdata.playerquestcumulative", "pk": 86, "fields": {"base_quest": 8, "user": 15, "progress": 53, "completed": false, "claimed": false}}, {"model": "playerdata.playerquestcumulative", "pk": 87, "fields": {"base_quest": 8, "user": 16, "progress": 54, "completed": false, "claimed": false}}, {"model": "playerdata.playerquestcumulative", "pk": 88, "fields": {"base_quest": 8, "user": 17, "progress": 55, "completed": false, "claimed": false}}, {"model": "playerdata.playerquestcumulative", "pk": 89, "fields": {"base_quest": 8, "user": 18, "progress": 56, "completed": false, "claimed": false}}, {"model": "playerdata.playerquestcumulative", "pk": 90, "fields": {"base_quest": 8, "user": 19, "progress": 57, "completed": false, "claimed": false}}, {"model": "playerdata.playerquestcumulative", "pk": 91, "fields": {"base_quest": 8, "user": 23, "progress": 58, "completed": false, "claimed": false}}, {"model": "playerdata.playerquestcumulative", "pk": 92, "fields": {"base_quest": 8, "user": 20, "progress": 59, "completed": false, "claimed": false}}, {"model": "playerdata.playerquestcumulative", "pk": 93, "fields": {"base_quest": 8, "user": 1, "progress": 60, "completed": false, "claimed": false}}, {"model": "playerdata.playerquestcumulative", "pk": 94, "fields": {"base_quest": 16, "user": 2, "progress": 61, "completed": false, "claimed": false}}, {"model": "playerdata.playerquestcumulative", "pk": 95, "fields": {"base_quest": 16, "user": 3, "progress": 62, "completed": false, "claimed": false}}, {"model": "playerdata.playerquestcumulative", "pk": 96, "fields": {"base_quest": 16, "user": 21, "progress": 63, "completed": false, "claimed": false}}, {"model": "playerdata.playerquestcumulative", "pk": 97, "fields": {"base_quest": 16, "user": 22, "progress": 64, "completed": false, "claimed": false}}, {"model": "playerdata.playerquestcumulative", "pk": 98, "fields": {"base_quest": 16, "user": 12, "progress": 65, "completed": false, "claimed": false}}, {"model": "playerdata.playerquestcumulative", "pk": 99, "fields": {"base_quest": 16, "user": 13, "progress": 66, "completed": false, "claimed": false}}, {"model": "playerdata.playerquestcumulative", "pk": 100, "fields": {"base_quest": 16, "user": 14, "progress": 67, "completed": false, "claimed": false}}, {"model": "playerdata.playerquestcumulative", "pk": 101, "fields": {"base_quest": 16, "user": 15, "progress": 68, "completed": false, "claimed": false}}, {"model": "playerdata.playerquestcumulative", "pk": 102, "fields": {"base_quest": 16, "user": 16, "progress": 69, "completed": false, "claimed": false}}, {"model": "playerdata.playerquestcumulative", "pk": 103, "fields": {"base_quest": 16, "user": 17, "progress": 70, "completed": false, "claimed": false}}, {"model": "playerdata.playerquestcumulative", "pk": 104, "fields": {"base_quest": 16, "user": 18, "progress": 71, "completed": false, "claimed": false}}, {"model": "playerdata.playerquestcumulative", "pk": 105, "fields": {"base_quest": 16, "user": 19, "progress": 72, "completed": false, "claimed": false}}, {"model": "playerdata.playerquestcumulative", "pk": 106, "fields": {"base_quest": 16, "user": 23, "progress": 73, "completed": false, "claimed": false}}, {"model": "playerdata.playerquestcumulative", "pk": 107, "fields": {"base_quest": 16, "user": 20, "progress": 74, "completed": false, "claimed": false}}, {"model": "playerdata.playerquestcumulative", "pk": 108, "fields": {"base_quest": 16, "user": 1, "progress": 75, "completed": false, "claimed": false}}, {"model": "playerdata.playerquestcumulative", "pk": 109, "fields": {"base_quest": 15, "user": 2, "progress": 61, "completed": false, "claimed": false}}, {"model": "playerdata.playerquestcumulative", "pk": 110, "fields": {"base_quest": 15, "user": 3, "progress": 62, "completed": false, "claimed": false}}, {"model": "playerdata.playerquestcumulative", "pk": 111, "fields": {"base_quest": 15, "user": 21, "progress": 63, "completed": false, "claimed": false}}, {"model": "playerdata.playerquestcumulative", "pk": 112, "fields": {"base_quest": 15, "user": 22, "progress": 64, "completed": false, "claimed": false}}, {"model": "playerdata.playerquestcumulative", "pk": 113, "fields": {"base_quest": 15, "user": 12, "progress": 65, "completed": false, "claimed": false}}, {"model": "playerdata.playerquestcumulative", "pk": 114, "fields": {"base_quest": 15, "user": 13, "progress": 66, "completed": false, "claimed": false}}, {"model": "playerdata.playerquestcumulative", "pk": 115, "fields": {"base_quest": 15, "user": 14, "progress": 67, "completed": false, "claimed": false}}, {"model": "playerdata.playerquestcumulative", "pk": 116, "fields": {"base_quest": 15, "user": 15, "progress": 68, "completed": false, "claimed": false}}, {"model": "playerdata.playerquestcumulative", "pk": 117, "fields": {"base_quest": 15, "user": 16, "progress": 69, "completed": false, "claimed": false}}, {"model": "playerdata.playerquestcumulative", "pk": 118, "fields": {"base_quest": 15, "user": 17, "progress": 70, "completed": false, "claimed": false}}, {"model": "playerdata.playerquestcumulative", "pk": 119, "fields": {"base_quest": 15, "user": 18, "progress": 71, "completed": false, "claimed": false}}, {"model": "playerdata.playerquestcumulative", "pk": 120, "fields": {"base_quest": 15, "user": 19, "progress": 72, "completed": false, "claimed": false}}, {"model": "playerdata.playerquestcumulative", "pk": 121, "fields": {"base_quest": 15, "user": 23, "progress": 73, "completed": false, "claimed": false}}, {"model": "playerdata.playerquestcumulative", "pk": 122, "fields": {"base_quest": 15, "user": 20, "progress": 74, "completed": false, "claimed": false}}, {"model": "playerdata.playerquestcumulative", "pk": 123, "fields": {"base_quest": 15, "user": 1, "progress": 75, "completed": false, "claimed": false}}, {"model": "playerdata.playerquestcumulative", "pk": 124, "fields": {"base_quest": 14, "user": 2, "progress": 61, "completed": false, "claimed": false}}, {"model": "playerdata.playerquestcumulative", "pk": 125, "fields": {"base_quest": 14, "user": 3, "progress": 62, "completed": false, "claimed": false}}, {"model": "playerdata.playerquestcumulative", "pk": 126, "fields": {"base_quest": 14, "user": 21, "progress": 63, "completed": true, "claimed": false}}, {"model": "playerdata.playerquestcumulative", "pk": 127, "fields": {"base_quest": 14, "user": 22, "progress": 64, "completed": false, "claimed": false}}, {"model": "playerdata.playerquestcumulative", "pk": 128, "fields": {"base_quest": 14, "user": 12, "progress": 65, "completed": false, "claimed": false}}, {"model": "playerdata.playerquestcumulative", "pk": 129, "fields": {"base_quest": 14, "user": 13, "progress": 66, "completed": false, "claimed": false}}, {"model": "playerdata.playerquestcumulative", "pk": 130, "fields": {"base_quest": 14, "user": 14, "progress": 67, "completed": false, "claimed": false}}, {"model": "playerdata.playerquestcumulative", "pk": 131, "fields": {"base_quest": 14, "user": 15, "progress": 68, "completed": false, "claimed": false}}, {"model": "playerdata.playerquestcumulative", "pk": 132, "fields": {"base_quest": 14, "user": 16, "progress": 69, "completed": false, "claimed": false}}, {"model": "playerdata.playerquestcumulative", "pk": 133, "fields": {"base_quest": 14, "user": 17, "progress": 70, "completed": false, "claimed": false}}, {"model": "playerdata.playerquestcumulative", "pk": 134, "fields": {"base_quest": 14, "user": 18, "progress": 71, "completed": false, "claimed": false}}, {"model": "playerdata.playerquestcumulative", "pk": 135, "fields": {"base_quest": 14, "user": 19, "progress": 72, "completed": false, "claimed": false}}, {"model": "playerdata.playerquestcumulative", "pk": 136, "fields": {"base_quest": 14, "user": 23, "progress": 73, "completed": false, "claimed": false}}, {"model": "playerdata.playerquestcumulative", "pk": 137, "fields": {"base_quest": 14, "user": 20, "progress": 74, "completed": false, "claimed": false}}, {"model": "playerdata.playerquestcumulative", "pk": 138, "fields": {"base_quest": 14, "user": 1, "progress": 75, "completed": false, "claimed": false}}, {"model": "playerdata.playerquestcumulative", "pk": 139, "fields": {"base_quest": 1, "user": 24, "progress": 76, "completed": false, "claimed": false}}, {"model": "playerdata.playerquestcumulative", "pk": 140, "fields": {"base_quest": 2, "user": 24, "progress": 76, "completed": false, "claimed": false}}, {"model": "playerdata.playerquestcumulative", "pk": 141, "fields": {"base_quest": 3, "user": 24, "progress": 76, "completed": false, "claimed": false}}, {"model": "playerdata.playerquestcumulative", "pk": 142, "fields": {"base_quest": 1, "user": 25, "progress": 77, "completed": false, "claimed": false}}, {"model": "playerdata.playerquestcumulative", "pk": 143, "fields": {"base_quest": 2, "user": 25, "progress": 77, "completed": false, "claimed": false}}, {"model": "playerdata.playerquestcumulative", "pk": 144, "fields": {"base_quest": 3, "user": 25, "progress": 77, "completed": false, "claimed": false}}, {"model": "playerdata.playerquestcumulative", "pk": 145, "fields": {"base_quest": 1, "user": 26, "progress": 78, "completed": false, "claimed": false}}, {"model": "playerdata.playerquestcumulative", "pk": 146, "fields": {"base_quest": 2, "user": 26, "progress": 78, "completed": false, "claimed": false}}, {"model": "playerdata.playerquestcumulative", "pk": 147, "fields": {"base_quest": 3, "user": 26, "progress": 78, "completed": false, "claimed": false}}, {"model": "playerdata.playerquestcumulative", "pk": 148, "fields": {"base_quest": 1, "user": 27, "progress": 79, "completed": false, "claimed": false}}, {"model": "playerdata.playerquestcumulative", "pk": 149, "fields": {"base_quest": 2, "user": 27, "progress": 79, "completed": false, "claimed": false}}, {"model": "playerdata.playerquestcumulative", "pk": 150, "fields": {"base_quest": 3, "user": 27, "progress": 79, "completed": false, "claimed": false}}, {"model": "playerdata.playerquestcumulative", "pk": 151, "fields": {"base_quest": 1, "user": 28, "progress": 80, "completed": false, "claimed": false}}, {"model": "playerdata.playerquestcumulative", "pk": 152, "fields": {"base_quest": 2, "user": 28, "progress": 80, "completed": false, "claimed": false}}, {"model": "playerdata.playerquestcumulative", "pk": 153, "fields": {"base_quest": 3, "user": 28, "progress": 80, "completed": false, "claimed": false}}, {"model": "playerdata.playerquestdaily", "pk": 501, "fields": {"base_quest": 9, "user": 25, "progress": 0, "completed": false, "claimed": false, "expiration_date": "2020-09-18T00:00:00Z"}}, {"model": "playerdata.playerquestdaily", "pk": 502, "fields": {"base_quest": 9, "user": 2, "progress": 0, "completed": false, "claimed": false, "expiration_date": "2020-09-18T00:00:00Z"}}, {"model": "playerdata.playerquestdaily", "pk": 503, "fields": {"base_quest": 9, "user": 3, "progress": 0, "completed": false, "claimed": false, "expiration_date": "2020-09-18T00:00:00Z"}}, {"model": "playerdata.playerquestdaily", "pk": 504, "fields": {"base_quest": 9, "user": 26, "progress": 0, "completed": false, "claimed": false, "expiration_date": "2020-09-18T00:00:00Z"}}, {"model": "playerdata.playerquestdaily", "pk": 505, "fields": {"base_quest": 9, "user": 27, "progress": 0, "completed": false, "claimed": false, "expiration_date": "2020-09-18T00:00:00Z"}}, {"model": "playerdata.playerquestdaily", "pk": 506, "fields": {"base_quest": 9, "user": 21, "progress": 0, "completed": false, "claimed": false, "expiration_date": "2020-09-18T00:00:00Z"}}, {"model": "playerdata.playerquestdaily", "pk": 507, "fields": {"base_quest": 9, "user": 28, "progress": 0, "completed": false, "claimed": false, "expiration_date": "2020-09-18T00:00:00Z"}}, {"model": "playerdata.playerquestdaily", "pk": 508, "fields": {"base_quest": 9, "user": 22, "progress": 0, "completed": false, "claimed": false, "expiration_date": "2020-09-18T00:00:00Z"}}, {"model": "playerdata.playerquestdaily", "pk": 509, "fields": {"base_quest": 9, "user": 12, "progress": 0, "completed": false, "claimed": false, "expiration_date": "2020-09-18T00:00:00Z"}}, {"model": "playerdata.playerquestdaily", "pk": 510, "fields": {"base_quest": 9, "user": 13, "progress": 0, "completed": false, "claimed": false, "expiration_date": "2020-09-18T00:00:00Z"}}, {"model": "playerdata.playerquestdaily", "pk": 511, "fields": {"base_quest": 9, "user": 14, "progress": 0, "completed": false, "claimed": false, "expiration_date": "2020-09-18T00:00:00Z"}}, {"model": "playerdata.playerquestdaily", "pk": 512, "fields": {"base_quest": 9, "user": 15, "progress": 0, "completed": false, "claimed": false, "expiration_date": "2020-09-18T00:00:00Z"}}, {"model": "playerdata.playerquestdaily", "pk": 513, "fields": {"base_quest": 9, "user": 16, "progress": 0, "completed": false, "claimed": false, "expiration_date": "2020-09-18T00:00:00Z"}}, {"model": "playerdata.playerquestdaily", "pk": 514, "fields": {"base_quest": 9, "user": 17, "progress": 0, "completed": false, "claimed": false, "expiration_date": "2020-09-18T00:00:00Z"}}, {"model": "playerdata.playerquestdaily", "pk": 515, "fields": {"base_quest": 9, "user": 18, "progress": 0, "completed": false, "claimed": false, "expiration_date": "2020-09-18T00:00:00Z"}}, {"model": "playerdata.playerquestdaily", "pk": 516, "fields": {"base_quest": 9, "user": 19, "progress": 0, "completed": false, "claimed": false, "expiration_date": "2020-09-18T00:00:00Z"}}, {"model": "playerdata.playerquestdaily", "pk": 517, "fields": {"base_quest": 9, "user": 23, "progress": 0, "completed": false, "claimed": false, "expiration_date": "2020-09-18T00:00:00Z"}}, {"model": "playerdata.playerquestdaily", "pk": 518, "fields": {"base_quest": 9, "user": 1, "progress": 0, "completed": false, "claimed": false, "expiration_date": "2020-09-18T00:00:00Z"}}, {"model": "playerdata.playerquestdaily", "pk": 519, "fields": {"base_quest": 9, "user": 20, "progress": 0, "completed": false, "claimed": false, "expiration_date": "2020-09-18T00:00:00Z"}}, {"model": "playerdata.playerquestdaily", "pk": 520, "fields": {"base_quest": 9, "user": 24, "progress": 0, "completed": false, "claimed": false, "expiration_date": "2020-09-18T00:00:00Z"}}, {"model": "playerdata.playerquestdaily", "pk": 521, "fields": {"base_quest": 10, "user": 25, "progress": 0, "completed": false, "claimed": false, "expiration_date": "2020-09-18T00:00:00Z"}}, {"model": "playerdata.playerquestdaily", "pk": 522, "fields": {"base_quest": 10, "user": 2, "progress": 0, "completed": false, "claimed": false, "expiration_date": "2020-09-18T00:00:00Z"}}, {"model": "playerdata.playerquestdaily", "pk": 523, "fields": {"base_quest": 10, "user": 3, "progress": 0, "completed": false, "claimed": false, "expiration_date": "2020-09-18T00:00:00Z"}}, {"model": "playerdata.playerquestdaily", "pk": 524, "fields": {"base_quest": 10, "user": 26, "progress": 0, "completed": false, "claimed": false, "expiration_date": "2020-09-18T00:00:00Z"}}, {"model": "playerdata.playerquestdaily", "pk": 525, "fields": {"base_quest": 10, "user": 27, "progress": 0, "completed": false, "claimed": false, "expiration_date": "2020-09-18T00:00:00Z"}}, {"model": "playerdata.playerquestdaily", "pk": 526, "fields": {"base_quest": 10, "user": 21, "progress": 0, "completed": false, "claimed": false, "expiration_date": "2020-09-18T00:00:00Z"}}, {"model": "playerdata.playerquestdaily", "pk": 527, "fields": {"base_quest": 10, "user": 28, "progress": 0, "completed": false, "claimed": false, "expiration_date": "2020-09-18T00:00:00Z"}}, {"model": "playerdata.playerquestdaily", "pk": 528, "fields": {"base_quest": 10, "user": 22, "progress": 0, "completed": false, "claimed": false, "expiration_date": "2020-09-18T00:00:00Z"}}, {"model": "playerdata.playerquestdaily", "pk": 529, "fields": {"base_quest": 10, "user": 12, "progress": 0, "completed": false, "claimed": false, "expiration_date": "2020-09-18T00:00:00Z"}}, {"model": "playerdata.playerquestdaily", "pk": 530, "fields": {"base_quest": 10, "user": 13, "progress": 0, "completed": false, "claimed": false, "expiration_date": "2020-09-18T00:00:00Z"}}, {"model": "playerdata.playerquestdaily", "pk": 531, "fields": {"base_quest": 10, "user": 14, "progress": 0, "completed": false, "claimed": false, "expiration_date": "2020-09-18T00:00:00Z"}}, {"model": "playerdata.playerquestdaily", "pk": 532, "fields": {"base_quest": 10, "user": 15, "progress": 0, "completed": false, "claimed": false, "expiration_date": "2020-09-18T00:00:00Z"}}, {"model": "playerdata.playerquestdaily", "pk": 533, "fields": {"base_quest": 10, "user": 16, "progress": 0, "completed": false, "claimed": false, "expiration_date": "2020-09-18T00:00:00Z"}}, {"model": "playerdata.playerquestdaily", "pk": 534, "fields": {"base_quest": 10, "user": 17, "progress": 0, "completed": false, "claimed": false, "expiration_date": "2020-09-18T00:00:00Z"}}, {"model": "playerdata.playerquestdaily", "pk": 535, "fields": {"base_quest": 10, "user": 18, "progress": 0, "completed": false, "claimed": false, "expiration_date": "2020-09-18T00:00:00Z"}}, {"model": "playerdata.playerquestdaily", "pk": 536, "fields": {"base_quest": 10, "user": 19, "progress": 0, "completed": false, "claimed": false, "expiration_date": "2020-09-18T00:00:00Z"}}, {"model": "playerdata.playerquestdaily", "pk": 537, "fields": {"base_quest": 10, "user": 23, "progress": 0, "completed": false, "claimed": false, "expiration_date": "2020-09-18T00:00:00Z"}}, {"model": "playerdata.playerquestdaily", "pk": 538, "fields": {"base_quest": 10, "user": 1, "progress": 0, "completed": false, "claimed": false, "expiration_date": "2020-09-18T00:00:00Z"}}, {"model": "playerdata.playerquestdaily", "pk": 539, "fields": {"base_quest": 10, "user": 20, "progress": 0, "completed": false, "claimed": false, "expiration_date": "2020-09-18T00:00:00Z"}}, {"model": "playerdata.playerquestdaily", "pk": 540, "fields": {"base_quest": 10, "user": 24, "progress": 0, "completed": false, "claimed": false, "expiration_date": "2020-09-18T00:00:00Z"}}, {"model": "playerdata.playerquestdaily", "pk": 541, "fields": {"base_quest": 13, "user": 25, "progress": 0, "completed": false, "claimed": false, "expiration_date": "2020-09-18T00:00:00Z"}}, {"model": "playerdata.playerquestdaily", "pk": 542, "fields": {"base_quest": 13, "user": 2, "progress": 0, "completed": false, "claimed": false, "expiration_date": "2020-09-18T00:00:00Z"}}, {"model": "playerdata.playerquestdaily", "pk": 543, "fields": {"base_quest": 13, "user": 3, "progress": 0, "completed": false, "claimed": false, "expiration_date": "2020-09-18T00:00:00Z"}}, {"model": "playerdata.playerquestdaily", "pk": 544, "fields": {"base_quest": 13, "user": 26, "progress": 0, "completed": false, "claimed": false, "expiration_date": "2020-09-18T00:00:00Z"}}, {"model": "playerdata.playerquestdaily", "pk": 545, "fields": {"base_quest": 13, "user": 27, "progress": 0, "completed": false, "claimed": false, "expiration_date": "2020-09-18T00:00:00Z"}}, {"model": "playerdata.playerquestdaily", "pk": 546, "fields": {"base_quest": 13, "user": 21, "progress": 0, "completed": false, "claimed": false, "expiration_date": "2020-09-18T00:00:00Z"}}, {"model": "playerdata.playerquestdaily", "pk": 547, "fields": {"base_quest": 13, "user": 28, "progress": 0, "completed": false, "claimed": false, "expiration_date": "2020-09-18T00:00:00Z"}}, {"model": "playerdata.playerquestdaily", "pk": 548, "fields": {"base_quest": 13, "user": 22, "progress": 0, "completed": false, "claimed": false, "expiration_date": "2020-09-18T00:00:00Z"}}, {"model": "playerdata.playerquestdaily", "pk": 549, "fields": {"base_quest": 13, "user": 12, "progress": 0, "completed": false, "claimed": false, "expiration_date": "2020-09-18T00:00:00Z"}}, {"model": "playerdata.playerquestdaily", "pk": 550, "fields": {"base_quest": 13, "user": 13, "progress": 0, "completed": false, "claimed": false, "expiration_date": "2020-09-18T00:00:00Z"}}, {"model": "playerdata.playerquestdaily", "pk": 551, "fields": {"base_quest": 13, "user": 14, "progress": 0, "completed": false, "claimed": false, "expiration_date": "2020-09-18T00:00:00Z"}}, {"model": "playerdata.playerquestdaily", "pk": 552, "fields": {"base_quest": 13, "user": 15, "progress": 0, "completed": false, "claimed": false, "expiration_date": "2020-09-18T00:00:00Z"}}, {"model": "playerdata.playerquestdaily", "pk": 553, "fields": {"base_quest": 13, "user": 16, "progress": 0, "completed": false, "claimed": false, "expiration_date": "2020-09-18T00:00:00Z"}}, {"model": "playerdata.playerquestdaily", "pk": 554, "fields": {"base_quest": 13, "user": 17, "progress": 0, "completed": false, "claimed": false, "expiration_date": "2020-09-18T00:00:00Z"}}, {"model": "playerdata.playerquestdaily", "pk": 555, "fields": {"base_quest": 13, "user": 18, "progress": 0, "completed": false, "claimed": false, "expiration_date": "2020-09-18T00:00:00Z"}}, {"model": "playerdata.playerquestdaily", "pk": 556, "fields": {"base_quest": 13, "user": 19, "progress": 0, "completed": false, "claimed": false, "expiration_date": "2020-09-18T00:00:00Z"}}, {"model": "playerdata.playerquestdaily", "pk": 557, "fields": {"base_quest": 13, "user": 23, "progress": 0, "completed": false, "claimed": false, "expiration_date": "2020-09-18T00:00:00Z"}}, {"model": "playerdata.playerquestdaily", "pk": 558, "fields": {"base_quest": 13, "user": 1, "progress": 0, "completed": false, "claimed": false, "expiration_date": "2020-09-18T00:00:00Z"}}, {"model": "playerdata.playerquestdaily", "pk": 559, "fields": {"base_quest": 13, "user": 20, "progress": 0, "completed": false, "claimed": false, "expiration_date": "2020-09-18T00:00:00Z"}}, {"model": "playerdata.playerquestdaily", "pk": 560, "fields": {"base_quest": 13, "user": 24, "progress": 0, "completed": false, "claimed": false, "expiration_date": "2020-09-18T00:00:00Z"}}, {"model": "playerdata.playerquestweekly", "pk": 9, "fields": {"base_quest": 25, "user": 25, "progress": 0, "completed": false, "claimed": false, "expiration_date": "2020-09-21T00:00:00Z"}}, {"model": "playerdata.playerquestweekly", "pk": 10, "fields": {"base_quest": 22, "user": 25, "progress": 0, "completed": false, "claimed": false, "expiration_date": "2020-09-21T00:00:00Z"}}, {"model": "playerdata.playerquestweekly", "pk": 11, "fields": {"base_quest": 12, "user": 25, "progress": 0, "completed": false, "claimed": false, "expiration_date": "2020-09-21T00:00:00Z"}}, {"model": "playerdata.playerquestweekly", "pk": 12, "fields": {"base_quest": 11, "user": 25, "progress": 0, "completed": false, "claimed": false, "expiration_date": "2020-09-21T00:00:00Z"}}, {"model": "playerdata.playerquestweekly", "pk": 13, "fields": {"base_quest": 21, "user": 25, "progress": 0, "completed": false, "claimed": false, "expiration_date": "2020-09-21T00:00:00Z"}}, {"model": "playerdata.playerquestweekly", "pk": 14, "fields": {"base_quest": 25, "user": 26, "progress": 0, "completed": false, "claimed": false, "expiration_date": "2020-09-21T00:00:00Z"}}, {"model": "playerdata.playerquestweekly", "pk": 15, "fields": {"base_quest": 22, "user": 26, "progress": 0, "completed": false, "claimed": false, "expiration_date": "2020-09-21T00:00:00Z"}}, {"model": "playerdata.playerquestweekly", "pk": 16, "fields": {"base_quest": 12, "user": 26, "progress": 0, "completed": false, "claimed": false, "expiration_date": "2020-09-21T00:00:00Z"}}, {"model": "playerdata.playerquestweekly", "pk": 17, "fields": {"base_quest": 11, "user": 26, "progress": 0, "completed": false, "claimed": false, "expiration_date": "2020-09-21T00:00:00Z"}}, {"model": "playerdata.playerquestweekly", "pk": 18, "fields": {"base_quest": 21, "user": 26, "progress": 0, "completed": false, "claimed": false, "expiration_date": "2020-09-21T00:00:00Z"}}, {"model": "playerdata.playerquestweekly", "pk": 19, "fields": {"base_quest": 25, "user": 27, "progress": 0, "completed": false, "claimed": false, "expiration_date": "2020-09-21T00:00:00Z"}}, {"model": "playerdata.playerquestweekly", "pk": 20, "fields": {"base_quest": 22, "user": 27, "progress": 0, "completed": false, "claimed": false, "expiration_date": "2020-09-21T00:00:00Z"}}, {"model": "playerdata.playerquestweekly", "pk": 21, "fields": {"base_quest": 12, "user": 27, "progress": 0, "completed": false, "claimed": false, "expiration_date": "2020-09-21T00:00:00Z"}}, {"model": "playerdata.playerquestweekly", "pk": 22, "fields": {"base_quest": 11, "user": 27, "progress": 0, "completed": false, "claimed": false, "expiration_date": "2020-09-21T00:00:00Z"}}, {"model": "playerdata.playerquestweekly", "pk": 23, "fields": {"base_quest": 21, "user": 27, "progress": 0, "completed": false, "claimed": false, "expiration_date": "2020-09-21T00:00:00Z"}}, {"model": "playerdata.playerquestweekly", "pk": 24, "fields": {"base_quest": 25, "user": 28, "progress": 0, "completed": false, "claimed": false, "expiration_date": "2020-09-21T00:00:00Z"}}, {"model": "playerdata.playerquestweekly", "pk": 25, "fields": {"base_quest": 22, "user": 28, "progress": 0, "completed": false, "claimed": false, "expiration_date": "2020-09-21T00:00:00Z"}}, {"model": "playerdata.playerquestweekly", "pk": 26, "fields": {"base_quest": 12, "user": 28, "progress": 0, "completed": false, "claimed": false, "expiration_date": "2020-09-21T00:00:00Z"}}, {"model": "playerdata.playerquestweekly", "pk": 27, "fields": {"base_quest": 11, "user": 28, "progress": 0, "completed": false, "claimed": false, "expiration_date": "2020-09-21T00:00:00Z"}}, {"model": "playerdata.playerquestweekly", "pk": 28, "fields": {"base_quest": 21, "user": 28, "progress": 0, "completed": false, "claimed": false, "expiration_date": "2020-09-21T00:00:00Z"}}, {"model": "playerdata.activecumulativequest", "pk": 1, "fields": {"base_quest": 1}}, {"model": "playerdata.activecumulativequest", "pk": 2, "fields": {"base_quest": 2}}, {"model": "playerdata.activecumulativequest", "pk": 3, "fields": {"base_quest": 3}}, {"model": "playerdata.activeweeklyquest", "pk": 11, "fields": {"base_quest": 25}}, {"model": "playerdata.activeweeklyquest", "pk": 12, "fields": {"base_quest": 22}}, {"model": "playerdata.activeweeklyquest", "pk": 13, "fields": {"base_quest": 12}}, {"model": "playerdata.activeweeklyquest", "pk": 14, "fields": {"base_quest": 11}}, {"model": "playerdata.activeweeklyquest", "pk": 15, "fields": {"base_quest": 21}}, {"model": "playerdata.activedailyquest", "pk": 46, "fields": {"base_quest": 9}}, {"model": "playerdata.activedailyquest", "pk": 47, "fields": {"base_quest": 10}}, {"model": "playerdata.activedailyquest", "pk": 48, "fields": {"base_quest": 13}}, {"model": "playerdata.basecode", "pk": 1, "fields": {"code": "pumpkinspice", "gems": 500, "coins": 0, "items": null, "item_amount": null, "char_type": 0, "start_time": "2020-07-02T15:15:47Z", "end_time": "2020-07-15T15:15:53Z", "num_left": -1}}, {"model": "playerdata.userreferral", "pk": 1, "fields": {"user": 21, "referral_code": "YEETYEETYEET"}}, {"model": "playerdata.userreferral", "pk": 2, "fields": {"user": 23, "referral_code": "NOQSPTSFBNAE"}}, {"model": "playerdata.userreferral", "pk": 3, "fields": {"user": 24, "referral_code": "LNYYPDIJGFCS"}}, {"model": "playerdata.userreferral", "pk": 4, "fields": {"user": 25, "referral_code": "PRXKIIESGQNY"}}, {"model": "playerdata.userreferral", "pk": 5, "fields": {"user": 26, "referral_code": "KMKYKHRRTKTD"}}, {"model": "playerdata.userreferral", "pk": 6, "fields": {"user": 27, "referral_code": "UXADBZHTZLWG"}}, {"model": "playerdata.userreferral", "pk": 7, "fields": {"user": 28, "referral_code": "GNONNBBLYWUY"}}, {"model": "playerdata.userreferral", "pk": 8, "fields": {"user": 16, "referral_code": "ISZDBEPBLLFE"}}, {"model": "playerdata.userreferral", "pk": 9, "fields": {"user": 17, "referral_code": "EOREPESDPVBV"}}, {"model": "playerdata.userreferral", "pk": 10, "fields": {"user": 18, "referral_code": "IHIULWKMBTLX"}}, {"model": "playerdata.userreferral", "pk": 11, "fields": {"user": 19, "referral_code": "ZCQCLIDTWNWM"}}, {"model": "playerdata.userreferral", "pk": 12, "fields": {"user": 20, "referral_code": "AOFLEKWNCWLO"}}, {"model": "playerdata.userreferral", "pk": 13, "fields": {"user": 21, "referral_code": "IWFVXTQSLZJE"}}, {"model": "playerdata.userreferral", "pk": 14, "fields": {"user": 22, "referral_code": "DIWMPTMMGLCB"}}, {"model": "playerdata.userreferral", "pk": 15, "fields": {"user": 23, "referral_code": "JCYBKFXBLOFX"}}, {"model": "playerdata.userreferral", "pk": 16, "fields": {"user": 24, "referral_code": "KIEVILCHTGQX"}}, {"model": "playerdata.userreferral", "pk": 17, "fields": {"user": 25, "referral_code": "VCHSMBYCGLOH"}}, {"model": "playerdata.userreferral", "pk": 18, "fields": {"user": 26, "referral_code": "TUXUXJNVKEQM"}}, {"model": "playerdata.userreferral", "pk": 19, "fields": {"user": 27, "referral_code": "GJRHFKKJXWGJ"}}, {"model": "playerdata.userreferral", "pk": 20, "fields": {"user": 28, "referral_code": "NDTQYBQTJQYW"}}, {"model": "playerdata.tournamentregistration", "pk": 1, "fields": {"user": 21}}, {"model": "admin.logentry", "pk": 1, "fields": {"action_time": "2020-03-30T02:44:05.406Z", "user": 1, "content_type": 4, "object_id": "2", "object_repr": "wilsoncwu", "action_flag": 1, "change_message": "[{\"added\": {}}]"}}, {"model": "admin.logentry", "pk": 2, "fields": {"action_time": "2020-03-30T02:54:33.051Z", "user": 1, "content_type": 4, "object_id": "3", "object_repr": "jasminejian", "action_flag": 1, "change_message": "[{\"added\": {}}]"}}, {"model": "admin.logentry", "pk": 3, "fields": {"action_time": "2020-03-30T02:54:51.127Z", "user": 1, "content_type": 4, "object_id": "3", "object_repr": "jcj", "action_flag": 2, "change_message": "[{\"changed\": {\"fields\": [\"Username\"]}}]"}}, {"model": "admin.logentry", "pk": 4, "fields": {"action_time": "2020-03-30T02:54:59.146Z", "user": 1, "content_type": 4, "object_id": "3", "object_repr": "jj", "action_flag": 2, "change_message": "[{\"changed\": {\"fields\": [\"Username\"]}}]"}}, {"model": "admin.logentry", "pk": 5, "fields": {"action_time": "2020-03-31T00:08:53.512Z", "user": 1, "content_type": 4, "object_id": "5", "object_repr": "5", "action_flag": 3, "change_message": ""}}, {"model": "admin.logentry", "pk": 6, "fields": {"action_time": "2020-03-31T00:08:57.802Z", "user": 1, "content_type": 4, "object_id": "4", "object_repr": "4", "action_flag": 3, "change_message": ""}}, {"model": "admin.logentry", "pk": 7, "fields": {"action_time": "2020-03-31T00:23:18.120Z", "user": 1, "content_type": 4, "object_id": "6", "object_repr": "4", "action_flag": 3, "change_message": ""}}, {"model": "admin.logentry", "pk": 8, "fields": {"action_time": "2020-03-31T00:23:22.056Z", "user": 1, "content_type": 4, "object_id": "7", "object_repr": "7", "action_flag": 3, "change_message": ""}}, {"model": "admin.logentry", "pk": 9, "fields": {"action_time": "2020-03-31T00:25:45.058Z", "user": 1, "content_type": 4, "object_id": "10", "object_repr": "10", "action_flag": 3, "change_message": ""}}, {"model": "admin.logentry", "pk": 10, "fields": {"action_time": "2020-03-31T00:25:49.310Z", "user": 1, "content_type": 4, "object_id": "11", "object_repr": "11", "action_flag": 3, "change_message": ""}}, {"model": "admin.logentry", "pk": 11, "fields": {"action_time": "2020-03-31T00:25:53.371Z", "user": 1, "content_type": 4, "object_id": "8", "object_repr": "4", "action_flag": 3, "change_message": ""}}, {"model": "admin.logentry", "pk": 12, "fields": {"action_time": "2020-03-31T00:25:57.598Z", "user": 1, "content_type": 4, "object_id": "9", "object_repr": "9", "action_flag": 3, "change_message": ""}}, {"model": "admin.logentry", "pk": 13, "fields": {"action_time": "2020-04-01T16:44:18.028Z", "user": 1, "content_type": 8, "object_id": "1", "object_repr": "BaseCharacter object (1)", "action_flag": 1, "change_message": "[{\"added\": {}}]"}}, {"model": "admin.logentry", "pk": 14, "fields": {"action_time": "2020-04-01T16:44:55.016Z", "user": 1, "content_type": 8, "object_id": "2", "object_repr": "BaseCharacter object (2)", "action_flag": 1, "change_message": "[{\"added\": {}}]"}}, {"model": "admin.logentry", "pk": 15, "fields": {"action_time": "2020-04-01T16:55:27.666Z", "user": 1, "content_type": 8, "object_id": "1", "object_repr": "BaseCharacter object (1)", "action_flag": 2, "change_message": "[{\"changed\": {\"fields\": [\"Name\"]}}]"}}, {"model": "admin.logentry", "pk": 16, "fields": {"action_time": "2020-04-01T16:55:32.360Z", "user": 1, "content_type": 8, "object_id": "2", "object_repr": "BaseCharacter object (2)", "action_flag": 2, "change_message": "[{\"changed\": {\"fields\": [\"Name\"]}}]"}}, {"model": "admin.logentry", "pk": 17, "fields": {"action_time": "2020-04-01T16:55:40.587Z", "user": 1, "content_type": 8, "object_id": "1", "object_repr": "BaseCharacter object (1)", "action_flag": 2, "change_message": "[]"}}, {"model": "admin.logentry", "pk": 18, "fields": {"action_time": "2020-04-01T16:55:43.640Z", "user": 1, "content_type": 8, "object_id": "2", "object_repr": "BaseCharacter object (2)", "action_flag": 2, "change_message": "[]"}}, {"model": "admin.logentry", "pk": 19, "fields": {"action_time": "2020-04-01T18:51:37.275Z", "user": 1, "content_type": 9, "object_id": "1", "object_repr": "BaseItem object (1)", "action_flag": 1, "change_message": "[{\"added\": {}}]"}}, {"model": "admin.logentry", "pk": 20, "fields": {"action_time": "2020-04-01T18:52:00.662Z", "user": 1, "content_type": 9, "object_id": "2", "object_repr": "BaseItem object (2)", "action_flag": 1, "change_message": "[{\"added\": {}}]"}}, {"model": "admin.logentry", "pk": 21, "fields": {"action_time": "2020-04-01T18:52:05.831Z", "user": 1, "content_type": 9, "object_id": "1", "object_repr": "BaseItem object (1)", "action_flag": 2, "change_message": "[{\"changed\": {\"fields\": [\"Attack speed\"]}}]"}}, {"model": "admin.logentry", "pk": 22, "fields": {"action_time": "2020-04-01T18:52:42.772Z", "user": 1, "content_type": 9, "object_id": "1", "object_repr": "axe", "action_flag": 2, "change_message": "[{\"changed\": {\"fields\": [\"Name\"]}}]"}}, {"model": "admin.logentry", "pk": 23, "fields": {"action_time": "2020-04-01T18:52:52.374Z", "user": 1, "content_type": 9, "object_id": "1", "object_repr": "Axe", "action_flag": 2, "change_message": "[{\"changed\": {\"fields\": [\"Name\"]}}]"}}, {"model": "admin.logentry", "pk": 24, "fields": {"action_time": "2020-04-01T18:52:56.855Z", "user": 1, "content_type": 9, "object_id": "2", "object_repr": "Staff", "action_flag": 2, "change_message": "[{\"changed\": {\"fields\": [\"Name\"]}}]"}}, {"model": "admin.logentry", "pk": 25, "fields": {"action_time": "2020-04-01T21:00:25.515Z", "user": 1, "content_type": 11, "object_id": "3", "object_repr": "wilsoncwu: Axe", "action_flag": 1, "change_message": "[{\"added\": {}}]"}}, {"model": "admin.logentry", "pk": 26, "fields": {"action_time": "2020-04-01T21:00:34.521Z", "user": 1, "content_type": 11, "object_id": "4", "object_repr": "wilsoncwu: Staff", "action_flag": 1, "change_message": "[{\"added\": {}}]"}}, {"model": "admin.logentry", "pk": 27, "fields": {"action_time": "2020-04-01T21:01:37.532Z", "user": 1, "content_type": 10, "object_id": "1", "object_repr": "wilsoncwu: Warrior", "action_flag": 1, "change_message": "[{\"added\": {}}]"}}, {"model": "admin.logentry", "pk": 28, "fields": {"action_time": "2020-04-01T21:02:10.884Z", "user": 1, "content_type": 10, "object_id": "1", "object_repr": "wilsoncwu: Warrior", "action_flag": 2, "change_message": "[]"}}, {"model": "admin.logentry", "pk": 29, "fields": {"action_time": "2020-04-01T21:02:28.925Z", "user": 1, "content_type": 10, "object_id": "2", "object_repr": "wilsoncwu: Mage", "action_flag": 1, "change_message": "[{\"added\": {}}]"}}, {"model": "admin.logentry", "pk": 30, "fields": {"action_time": "2020-04-02T00:33:55.238Z", "user": 1, "content_type": 8, "object_id": "2", "object_repr": "Mage", "action_flag": 3, "change_message": ""}}, {"model": "admin.logentry", "pk": 31, "fields": {"action_time": "2020-04-02T00:33:58.681Z", "user": 1, "content_type": 8, "object_id": "1", "object_repr": "Warrior", "action_flag": 3, "change_message": ""}}, {"model": "admin.logentry", "pk": 32, "fields": {"action_time": "2020-04-02T00:34:03.905Z", "user": 1, "content_type": 9, "object_id": "2", "object_repr": "Staff", "action_flag": 3, "change_message": ""}}, {"model": "admin.logentry", "pk": 33, "fields": {"action_time": "2020-04-02T00:34:11.860Z", "user": 1, "content_type": 9, "object_id": "1", "object_repr": "Axe", "action_flag": 3, "change_message": ""}}, {"model": "admin.logentry", "pk": 34, "fields": {"action_time": "2020-04-02T00:38:54.136Z", "user": 1, "content_type": 8, "object_id": "3", "object_repr": "Mage", "action_flag": 1, "change_message": "[{\"added\": {}}]"}}, {"model": "admin.logentry", "pk": 35, "fields": {"action_time": "2020-04-02T00:39:25.882Z", "user": 1, "content_type": 8, "object_id": "4", "object_repr": "Warrior", "action_flag": 1, "change_message": "[{\"added\": {}}]"}}, {"model": "admin.logentry", "pk": 36, "fields": {"action_time": "2020-04-02T00:39:32.287Z", "user": 1, "content_type": 8, "object_id": "3", "object_repr": "Mage", "action_flag": 2, "change_message": "[{\"changed\": {\"fields\": [\"Attack\"]}}]"}}, {"model": "admin.logentry", "pk": 37, "fields": {"action_time": "2020-04-02T00:40:06.946Z", "user": 1, "content_type": 9, "object_id": "3", "object_repr": "Staff", "action_flag": 1, "change_message": "[{\"added\": {}}]"}}, {"model": "admin.logentry", "pk": 38, "fields": {"action_time": "2020-04-02T00:40:31.693Z", "user": 1, "content_type": 9, "object_id": "4", "object_repr": "Axe", "action_flag": 1, "change_message": "[{\"added\": {}}]"}}, {"model": "admin.logentry", "pk": 39, "fields": {"action_time": "2020-04-02T00:40:56.073Z", "user": 1, "content_type": 8, "object_id": "3", "object_repr": "Mage", "action_flag": 2, "change_message": "[{\"changed\": {\"fields\": [\"Speed\"]}}]"}}, {"model": "admin.logentry", "pk": 40, "fields": {"action_time": "2020-04-02T00:41:31.058Z", "user": 1, "content_type": 11, "object_id": "1", "object_repr": "wilsoncwu: 1", "action_flag": 1, "change_message": "[{\"added\": {}}]"}}, {"model": "admin.logentry", "pk": 41, "fields": {"action_time": "2020-04-02T00:41:37.251Z", "user": 1, "content_type": 11, "object_id": "2", "object_repr": "wilsoncwu: 2", "action_flag": 1, "change_message": "[{\"added\": {}}]"}}, {"model": "admin.logentry", "pk": 42, "fields": {"action_time": "2020-04-02T00:42:52.629Z", "user": 1, "content_type": 10, "object_id": "1", "object_repr": "wilsoncwu: Warrior", "action_flag": 1, "change_message": "[{\"added\": {}}]"}}, {"model": "admin.logentry", "pk": 43, "fields": {"action_time": "2020-04-02T00:43:02.593Z", "user": 1, "content_type": 10, "object_id": "2", "object_repr": "wilsoncwu: Mage", "action_flag": 1, "change_message": "[{\"added\": {}}]"}}, {"model": "admin.logentry", "pk": 44, "fields": {"action_time": "2020-04-03T05:16:48.102Z", "user": 1, "content_type": 4, "object_id": "12", "object_repr": "test", "action_flag": 1, "change_message": "[{\"added\": {}}]"}}, {"model": "admin.logentry", "pk": 45, "fields": {"action_time": "2020-04-03T05:17:15.328Z", "user": 1, "content_type": 4, "object_id": "12", "object_repr": "test", "action_flag": 2, "change_message": "[]"}}, {"model": "admin.logentry", "pk": 46, "fields": {"action_time": "2020-04-03T05:17:50.834Z", "user": 1, "content_type": 13, "object_id": "1", "object_repr": "Placement object (1)", "action_flag": 1, "change_message": "[{\"added\": {}}]"}}, {"model": "admin.logentry", "pk": 47, "fields": {"action_time": "2020-04-03T05:17:57.904Z", "user": 1, "content_type": 12, "object_id": "12", "object_repr": "UserInfo object (12)", "action_flag": 2, "change_message": "[{\"changed\": {\"fields\": [\"Default placement\"]}}]"}}, {"model": "admin.logentry", "pk": 48, "fields": {"action_time": "2020-04-03T05:29:03.591Z", "user": 1, "content_type": 4, "object_id": "13", "object_repr": "test2", "action_flag": 1, "change_message": "[{\"added\": {}}]"}}, {"model": "admin.logentry", "pk": 49, "fields": {"action_time": "2020-04-03T05:29:07.069Z", "user": 1, "content_type": 4, "object_id": "13", "object_repr": "test2", "action_flag": 2, "change_message": "[]"}}, {"model": "admin.logentry", "pk": 50, "fields": {"action_time": "2020-04-03T18:19:22.465Z", "user": 1, "content_type": 4, "object_id": "14", "object_repr": "test3", "action_flag": 1, "change_message": "[{\"added\": {}}]"}}, {"model": "admin.logentry", "pk": 51, "fields": {"action_time": "2020-04-03T18:19:38.272Z", "user": 1, "content_type": 4, "object_id": "14", "object_repr": "test3", "action_flag": 2, "change_message": "[{\"changed\": {\"fields\": [\"First name\"]}}]"}}, {"model": "admin.logentry", "pk": 52, "fields": {"action_time": "2020-04-03T18:20:00.037Z", "user": 1, "content_type": 7, "object_id": "41bf812d6a6dfb6f1b49f03e063b7f2f856b1a42", "object_repr": "41bf812d6a6dfb6f1b49f03e063b7f2f856b1a42", "action_flag": 1, "change_message": "[{\"added\": {}}]"}}, {"model": "admin.logentry", "pk": 53, "fields": {"action_time": "2020-04-03T18:29:04.072Z", "user": 1, "content_type": 13, "object_id": "7", "object_repr": "7", "action_flag": 1, "change_message": "[{\"added\": {}}]"}}, {"model": "admin.logentry", "pk": 54, "fields": {"action_time": "2020-04-03T18:29:13.863Z", "user": 1, "content_type": 12, "object_id": "14", "object_repr": "test3", "action_flag": 2, "change_message": "[{\"changed\": {\"fields\": [\"Default placement\"]}}]"}}, {"model": "admin.logentry", "pk": 55, "fields": {"action_time": "2020-04-03T18:29:13.905Z", "user": 1, "content_type": 12, "object_id": "14", "object_repr": "test3", "action_flag": 2, "change_message": "[{\"changed\": {\"fields\": [\"Default placement\"]}}]"}}, {"model": "admin.logentry", "pk": 56, "fields": {"action_time": "2020-04-04T23:25:37.373Z", "user": 1, "content_type": 13, "object_id": "7", "object_repr": "7", "action_flag": 2, "change_message": "[{\"changed\": {\"fields\": [\"Pos 1\", \"Char 1\", \"Pos 2\", \"Char 2\", \"Pos 3\", \"Char 3\", \"Pos 4\", \"Char 4\", \"Pos 5\"]}}]"}}, {"model": "admin.logentry", "pk": 57, "fields": {"action_time": "2020-04-04T23:26:25.097Z", "user": 1, "content_type": 8, "object_id": "0", "object_repr": "Warrior1", "action_flag": 2, "change_message": "[{\"changed\": {\"fields\": [\"Char type\", \"Name\"]}}]"}}, {"model": "admin.logentry", "pk": 58, "fields": {"action_time": "2020-04-04T23:26:31.473Z", "user": 1, "content_type": 8, "object_id": "0", "object_repr": "Warrior1", "action_flag": 3, "change_message": ""}}, {"model": "admin.logentry", "pk": 59, "fields": {"action_time": "2020-04-04T23:27:14.783Z", "user": 1, "content_type": 8, "object_id": "4", "object_repr": "Warrior1", "action_flag": 2, "change_message": "[{\"changed\": {\"fields\": [\"Name\"]}}]"}}, {"model": "admin.logentry", "pk": 60, "fields": {"action_time": "2020-04-04T23:27:18.687Z", "user": 1, "content_type": 8, "object_id": "3", "object_repr": "Mage1", "action_flag": 2, "change_message": "[{\"changed\": {\"fields\": [\"Name\"]}}]"}}, {"model": "admin.logentry", "pk": 61, "fields": {"action_time": "2020-04-04T23:27:57.087Z", "user": 1, "content_type": 8, "object_id": "0", "object_repr": "Viking", "action_flag": 1, "change_message": "[{\"added\": {}}]"}}, {"model": "admin.logentry", "pk": 62, "fields": {"action_time": "2020-04-04T23:28:25.638Z", "user": 1, "content_type": 8, "object_id": "1", "object_repr": "Bard", "action_flag": 1, "change_message": "[{\"added\": {}}]"}}, {"model": "admin.logentry", "pk": 63, "fields": {"action_time": "2020-04-04T23:28:45.780Z", "user": 1, "content_type": 9, "object_id": "0", "object_repr": "Axe1", "action_flag": 2, "change_message": "[{\"changed\": {\"fields\": [\"Item type\", \"Name\"]}}]"}}, {"model": "admin.logentry", "pk": 64, "fields": {"action_time": "2020-04-04T23:28:54.266Z", "user": 1, "content_type": 9, "object_id": "4", "object_repr": "Axe", "action_flag": 3, "change_message": ""}}, {"model": "admin.logentry", "pk": 65, "fields": {"action_time": "2020-04-04T23:28:59.317Z", "user": 1, "content_type": 9, "object_id": "0", "object_repr": "Axe", "action_flag": 2, "change_message": "[{\"changed\": {\"fields\": [\"Name\"]}}]"}}, {"model": "admin.logentry", "pk": 66, "fields": {"action_time": "2020-04-04T23:29:02.997Z", "user": 1, "content_type": 9, "object_id": "3", "object_repr": "Staff1", "action_flag": 2, "change_message": "[{\"changed\": {\"fields\": [\"Name\"]}}]"}}, {"model": "admin.logentry", "pk": 67, "fields": {"action_time": "2020-04-04T23:29:11.986Z", "user": 1, "content_type": 9, "object_id": "56", "object_repr": "Staff", "action_flag": 2, "change_message": "[{\"changed\": {\"fields\": [\"Item type\", \"Name\"]}}]"}}, {"model": "admin.logentry", "pk": 68, "fields": {"action_time": "2020-04-04T23:29:19.086Z", "user": 1, "content_type": 9, "object_id": "3", "object_repr": "Staff1", "action_flag": 3, "change_message": ""}}, {"model": "admin.logentry", "pk": 69, "fields": {"action_time": "2020-04-04T23:29:31.373Z", "user": 1, "content_type": 8, "object_id": "4", "object_repr": "Warrior1", "action_flag": 3, "change_message": ""}}, {"model": "admin.logentry", "pk": 70, "fields": {"action_time": "2020-04-04T23:29:34.621Z", "user": 1, "content_type": 8, "object_id": "3", "object_repr": "Mage1", "action_flag": 3, "change_message": ""}}, {"model": "admin.logentry", "pk": 71, "fields": {"action_time": "2020-04-04T23:30:10.735Z", "user": 1, "content_type": 11, "object_id": "3", "object_repr": "test3: Axe", "action_flag": 1, "change_message": "[{\"added\": {}}]"}}, {"model": "admin.logentry", "pk": 72, "fields": {"action_time": "2020-04-04T23:30:17.174Z", "user": 1, "content_type": 11, "object_id": "4", "object_repr": "test3: Staff", "action_flag": 1, "change_message": "[{\"added\": {}}]"}}, {"model": "admin.logentry", "pk": 73, "fields": {"action_time": "2020-04-04T23:30:37.609Z", "user": 1, "content_type": 10, "object_id": "3", "object_repr": "test3: Viking", "action_flag": 1, "change_message": "[{\"added\": {}}]"}}, {"model": "admin.logentry", "pk": 74, "fields": {"action_time": "2020-04-04T23:30:46.897Z", "user": 1, "content_type": 10, "object_id": "4", "object_repr": "test3: Bard", "action_flag": 1, "change_message": "[{\"added\": {}}]"}}, {"model": "admin.logentry", "pk": 75, "fields": {"action_time": "2020-04-04T23:31:05.464Z", "user": 1, "content_type": 13, "object_id": "7", "object_repr": "7", "action_flag": 2, "change_message": "[{\"changed\": {\"fields\": [\"Char 1\", \"Char 2\", \"Char 3\", \"Char 4\", \"Char 5\"]}}]"}}, {"model": "admin.logentry", "pk": 76, "fields": {"action_time": "2020-04-04T23:36:50.815Z", "user": 1, "content_type": 12, "object_id": "14", "object_repr": "test3", "action_flag": 2, "change_message": "[{\"changed\": {\"fields\": [\"Elo\"]}}]"}}, {"model": "admin.logentry", "pk": 77, "fields": {"action_time": "2020-04-04T23:54:55.377Z", "user": 1, "content_type": 13, "object_id": "7", "object_repr": "7", "action_flag": 2, "change_message": "[{\"changed\": {\"fields\": [\"Pos 5\"]}}]"}}, {"model": "admin.logentry", "pk": 78, "fields": {"action_time": "2020-04-04T23:57:03.084Z", "user": 1, "content_type": 12, "object_id": "14", "object_repr": "test3", "action_flag": 2, "change_message": "[{\"changed\": {\"fields\": [\"Name\"]}}]"}}, {"model": "admin.logentry", "pk": 79, "fields": {"action_time": "2020-04-05T18:57:52.608Z", "user": 1, "content_type": 14, "object_id": "1", "object_repr": "1", "action_flag": 1, "change_message": "[{\"added\": {}}]"}}, {"model": "admin.logentry", "pk": 80, "fields": {"action_time": "2020-04-05T18:58:06.462Z", "user": 1, "content_type": 12, "object_id": "14", "object_repr": "test3", "action_flag": 2, "change_message": "[{\"changed\": {\"fields\": [\"Team\"]}}]"}}, {"model": "admin.logentry", "pk": 81, "fields": {"action_time": "2020-04-05T20:33:54.421Z", "user": 1, "content_type": 14, "object_id": "1", "object_repr": "1", "action_flag": 2, "change_message": "[{\"changed\": {\"fields\": [\"Char 3\"]}}]"}}, {"model": "admin.logentry", "pk": 82, "fields": {"action_time": "2020-04-06T03:52:48.295Z", "user": 1, "content_type": 4, "object_id": "15", "object_repr": "test4", "action_flag": 1, "change_message": "[{\"added\": {}}]"}}, {"model": "admin.logentry", "pk": 83, "fields": {"action_time": "2020-04-06T03:53:37.607Z", "user": 1, "content_type": 13, "object_id": "8", "object_repr": "8", "action_flag": 1, "change_message": "[{\"added\": {}}]"}}, {"model": "admin.logentry", "pk": 84, "fields": {"action_time": "2020-04-06T03:54:18.225Z", "user": 1, "content_type": 14, "object_id": "2", "object_repr": "2", "action_flag": 1, "change_message": "[{\"added\": {}}]"}}, {"model": "admin.logentry", "pk": 85, "fields": {"action_time": "2020-04-06T03:54:31.980Z", "user": 1, "content_type": 12, "object_id": "15", "object_repr": "test4", "action_flag": 2, "change_message": "[{\"changed\": {\"fields\": [\"Elo\", \"Name\", \"Default placement\", \"Team\"]}}]"}}, {"model": "admin.logentry", "pk": 86, "fields": {"action_time": "2020-04-07T03:28:49.287Z", "user": 1, "content_type": 8, "object_id": "1", "object_repr": "Bard", "action_flag": 2, "change_message": "[{\"changed\": {\"fields\": [\"Health scale\", \"Attack scale\", \"Ar scale\", \"Mr scale\"]}}]"}}, {"model": "admin.logentry", "pk": 87, "fields": {"action_time": "2020-04-07T03:28:58.886Z", "user": 1, "content_type": 8, "object_id": "0", "object_repr": "Viking", "action_flag": 2, "change_message": "[{\"changed\": {\"fields\": [\"Health scale\", \"Attack scale\", \"Ar scale\", \"Mr scale\"]}}]"}}, {"model": "admin.logentry", "pk": 88, "fields": {"action_time": "2020-04-07T03:30:54.872Z", "user": 1, "content_type": 8, "object_id": "1", "object_repr": "Bard", "action_flag": 2, "change_message": "[]"}}, {"model": "admin.logentry", "pk": 89, "fields": {"action_time": "2020-04-07T03:37:35.705Z", "user": 1, "content_type": 8, "object_id": "0", "object_repr": "Viking", "action_flag": 2, "change_message": "[{\"changed\": {\"fields\": [\"Attack scale\"]}}]"}}, {"model": "admin.logentry", "pk": 90, "fields": {"action_time": "2020-04-07T03:37:42.357Z", "user": 1, "content_type": 8, "object_id": "0", "object_repr": "Viking", "action_flag": 2, "change_message": "[{\"changed\": {\"fields\": [\"Attack scale\"]}}]"}}, {"model": "admin.logentry", "pk": 91, "fields": {"action_time": "2020-04-07T03:49:37.255Z", "user": 1, "content_type": 10, "object_id": "4", "object_repr": "test3: Bard", "action_flag": 2, "change_message": "[{\"changed\": {\"fields\": [\"Level\"]}}]"}}, {"model": "admin.logentry", "pk": 92, "fields": {"action_time": "2020-04-07T03:49:40.781Z", "user": 1, "content_type": 10, "object_id": "3", "object_repr": "test3: Viking", "action_flag": 2, "change_message": "[{\"changed\": {\"fields\": [\"Level\"]}}]"}}, {"model": "admin.logentry", "pk": 93, "fields": {"action_time": "2020-04-08T04:55:59.862Z", "user": 1, "content_type": 4, "object_id": "16", "object_repr": "15", "action_flag": 1, "change_message": "[{\"added\": {}}]"}}, {"model": "admin.logentry", "pk": 94, "fields": {"action_time": "2020-04-08T04:56:09.411Z", "user": 1, "content_type": 4, "object_id": "16", "object_repr": "15", "action_flag": 2, "change_message": "[]"}}, {"model": "admin.logentry", "pk": 95, "fields": {"action_time": "2020-04-08T05:01:56.616Z", "user": 1, "content_type": 4, "object_id": "17", "object_repr": "17", "action_flag": 1, "change_message": "[{\"added\": {}}]"}}, {"model": "admin.logentry", "pk": 96, "fields": {"action_time": "2020-04-08T05:01:59.096Z", "user": 1, "content_type": 4, "object_id": "17", "object_repr": "17", "action_flag": 2, "change_message": "[]"}}, {"model": "admin.logentry", "pk": 97, "fields": {"action_time": "2020-04-08T23:38:06.699Z", "user": 1, "content_type": 13, "object_id": "7", "object_repr": "7", "action_flag": 2, "change_message": "[{\"changed\": {\"fields\": [\"Pos 1\", \"Pos 2\", \"Pos 3\", \"Pos 4\", \"Char 5\"]}}]"}}, {"model": "admin.logentry", "pk": 98, "fields": {"action_time": "2020-04-08T23:45:55.804Z", "user": 1, "content_type": 13, "object_id": "8", "object_repr": "8", "action_flag": 2, "change_message": "[{\"changed\": {\"fields\": [\"Pos 2\", \"Pos 3\", \"Char 3\", \"Pos 4\", \"Char 4\"]}}]"}}, {"model": "admin.logentry", "pk": 99, "fields": {"action_time": "2020-04-12T21:25:38.194Z", "user": 1, "content_type": 16, "object_id": "14", "object_repr": "jasmine(14)", "action_flag": 1, "change_message": "[{\"added\": {}}]"}}, {"model": "admin.logentry", "pk": 100, "fields": {"action_time": "2020-04-17T18:10:23.794Z", "user": 1, "content_type": 16, "object_id": "14", "object_repr": "jasmine(14)", "action_flag": 2, "change_message": "[{\"changed\": {\"fields\": [\"Gems\"]}}]"}}, {"model": "admin.logentry", "pk": 101, "fields": {"action_time": "2020-04-18T01:56:11.835Z", "user": 1, "content_type": 8, "object_id": "1", "object_repr": "Bard", "action_flag": 2, "change_message": "[{\"changed\": {\"fields\": [\"Rarity\"]}}]"}}, {"model": "admin.logentry", "pk": 102, "fields": {"action_time": "2020-04-18T01:57:07.847Z", "user": 1, "content_type": 8, "object_id": "2", "object_repr": "Mage", "action_flag": 1, "change_message": "[{\"added\": {}}]"}}, {"model": "admin.logentry", "pk": 103, "fields": {"action_time": "2020-04-18T01:57:22.371Z", "user": 1, "content_type": 8, "object_id": "2", "object_repr": "Mage", "action_flag": 2, "change_message": "[{\"changed\": {\"fields\": [\"Health scale\", \"Attack scale\", \"Ar scale\", \"Mr scale\"]}}]"}}, {"model": "admin.logentry", "pk": 104, "fields": {"action_time": "2020-04-18T01:58:36.593Z", "user": 1, "content_type": 8, "object_id": "3", "object_repr": "Assassin", "action_flag": 1, "change_message": "[{\"added\": {}}]"}}, {"model": "admin.logentry", "pk": 105, "fields": {"action_time": "2020-04-18T03:38:42.041Z", "user": 1, "content_type": 8, "object_id": "2", "object_repr": "Mage", "action_flag": 2, "change_message": "[]"}}, {"model": "admin.logentry", "pk": 106, "fields": {"action_time": "2020-04-20T18:35:48.900Z", "user": 1, "content_type": 16, "object_id": "14", "object_repr": "jasmine(14)", "action_flag": 2, "change_message": "[{\"changed\": {\"fields\": [\"Gems\"]}}]"}}, {"model": "admin.logentry", "pk": 107, "fields": {"action_time": "2020-04-20T18:42:30.968Z", "user": 1, "content_type": 16, "object_id": "14", "object_repr": "jasmine(14)", "action_flag": 2, "change_message": "[{\"changed\": {\"fields\": [\"Gems\"]}}]"}}, {"model": "admin.logentry", "pk": 108, "fields": {"action_time": "2020-04-23T01:23:04.526Z", "user": 1, "content_type": 19, "object_id": "1", "object_repr": "Global(1)", "action_flag": 1, "change_message": "[{\"added\": {}}]"}}, {"model": "admin.logentry", "pk": 109, "fields": {"action_time": "2020-04-24T04:13:00.854Z", "user": 1, "content_type": 19, "object_id": "2", "object_repr": "Global 2(2)", "action_flag": 1, "change_message": "[{\"added\": {}}]"}}, {"model": "admin.logentry", "pk": 110, "fields": {"action_time": "2020-04-27T03:00:09.839Z", "user": 1, "content_type": 16, "object_id": "14", "object_repr": "jasmine(14)", "action_flag": 2, "change_message": "[{\"changed\": {\"fields\": [\"Gems\"]}}]"}}, {"model": "admin.logentry", "pk": 111, "fields": {"action_time": "2020-04-29T07:19:49.409Z", "user": 1, "content_type": 17, "object_id": "2", "object_repr": "jasmine,jasmine", "action_flag": 1, "change_message": "[{\"added\": {}}]"}}, {"model": "admin.logentry", "pk": 112, "fields": {"action_time": "2020-04-30T21:47:22.310Z", "user": 1, "content_type": 17, "object_id": "2", "object_repr": "jasmine,jasmine", "action_flag": 3, "change_message": ""}}, {"model": "admin.logentry", "pk": 113, "fields": {"action_time": "2020-04-30T21:48:04.972Z", "user": 1, "content_type": 17, "object_id": "3", "object_repr": "jasmine,jasmine", "action_flag": 1, "change_message": "[{\"added\": {}}]"}}, {"model": "admin.logentry", "pk": 114, "fields": {"action_time": "2020-04-30T22:01:49.724Z", "user": 1, "content_type": 17, "object_id": "3", "object_repr": "jasmine,jasmine", "action_flag": 2, "change_message": "[{\"changed\": {\"fields\": [\"Chat\"]}}]"}}, {"model": "admin.logentry", "pk": 115, "fields": {"action_time": "2020-05-04T21:10:25.543Z", "user": 1, "content_type": 22, "object_id": "My clan", "object_repr": "Clan object (My clan)", "action_flag": 3, "change_message": ""}}, {"model": "admin.logentry", "pk": 116, "fields": {"action_time": "2020-05-04T21:11:08.029Z", "user": 1, "content_type": 22, "object_id": "My clan", "object_repr": "Clan object (My clan)", "action_flag": 3, "change_message": ""}}, {"model": "admin.logentry", "pk": 117, "fields": {"action_time": "2020-05-04T22:23:46.279Z", "user": 1, "content_type": 21, "object_id": "1", "object_repr": "ClanMember object (1)", "action_flag": 3, "change_message": ""}}, {"model": "admin.logentry", "pk": 118, "fields": {"action_time": "2020-05-04T22:23:52.026Z", "user": 1, "content_type": 22, "object_id": "My clan", "object_repr": "Clan object (My clan)", "action_flag": 3, "change_message": ""}}, {"model": "admin.logentry", "pk": 119, "fields": {"action_time": "2020-05-04T22:25:22.292Z", "user": 1, "content_type": 21, "object_id": "2", "object_repr": "ClanMember object (2)", "action_flag": 1, "change_message": "[{\"added\": {}}]"}}, {"model": "admin.logentry", "pk": 120, "fields": {"action_time": "2020-05-04T22:25:33.722Z", "user": 1, "content_type": 22, "object_id": "My clan", "object_repr": "Clan object (My clan)", "action_flag": 3, "change_message": ""}}, {"model": "admin.logentry", "pk": 121, "fields": {"action_time": "2020-05-04T22:32:44.393Z", "user": 1, "content_type": 21, "object_id": "14", "object_repr": "ClanMember object (14)", "action_flag": 1, "change_message": "[{\"added\": {}}]"}}, {"model": "admin.logentry", "pk": 122, "fields": {"action_time": "2020-05-05T20:41:19.238Z", "user": 1, "content_type": 22, "object_id": "My clan3", "object_repr": "Clan object (My clan3)", "action_flag": 2, "change_message": "[{\"changed\": {\"fields\": [\"Description\", \"Elo\"]}}]"}}, {"model": "admin.logentry", "pk": 123, "fields": {"action_time": "2020-05-06T19:30:36.865Z", "user": 1, "content_type": 18, "object_id": "1", "object_repr": "new player,jasmine", "action_flag": 1, "change_message": "[{\"added\": {}}]"}}, {"model": "admin.logentry", "pk": 124, "fields": {"action_time": "2020-05-07T22:13:54.247Z", "user": 1, "content_type": 17, "object_id": "3", "object_repr": "jasmine,jasmine", "action_flag": 3, "change_message": ""}}, {"model": "admin.logentry", "pk": 125, "fields": {"action_time": "2020-05-07T22:20:35.658Z", "user": 1, "content_type": 17, "object_id": "4", "object_repr": "jasmine,jasmine", "action_flag": 3, "change_message": ""}}, {"model": "admin.logentry", "pk": 126, "fields": {"action_time": "2020-05-12T01:25:30.350Z", "user": 1, "content_type": 22, "object_id": "My clan3", "object_repr": "Clan object (My clan3)", "action_flag": 2, "change_message": "[{\"changed\": {\"fields\": [\"Num members\"]}}]"}}, {"model": "admin.logentry", "pk": 127, "fields": {"action_time": "2020-05-12T01:25:43Z", "user": 1, "content_type": 21, "object_id": "13", "object_repr": "ClanMember object (13)", "action_flag": 1, "change_message": "[{\"added\": {}}]"}}, {"model": "admin.logentry", "pk": 128, "fields": {"action_time": "2020-05-12T01:43:09.418Z", "user": 1, "content_type": 21, "object_id": "13", "object_repr": "ClanMember object (13)", "action_flag": 2, "change_message": "[{\"changed\": {\"fields\": [\"Clan\", \"Is admin\"]}}]"}}, {"model": "admin.logentry", "pk": 129, "fields": {"action_time": "2020-05-12T01:44:34.090Z", "user": 1, "content_type": 22, "object_id": "My clan3", "object_repr": "Clan object (My clan3)", "action_flag": 2, "change_message": "[{\"changed\": {\"fields\": [\"Num members\"]}}]"}}, {"model": "admin.logentry", "pk": 130, "fields": {"action_time": "2020-05-12T02:19:12.789Z", "user": 1, "content_type": 21, "object_id": "14", "object_repr": "ClanMember object (14)", "action_flag": 2, "change_message": "[{\"changed\": {\"fields\": [\"Is owner\"]}}]"}}, {"model": "admin.logentry", "pk": 131, "fields": {"action_time": "2020-05-12T02:27:06.769Z", "user": 1, "content_type": 21, "object_id": "14", "object_repr": "ClanMember object (14)", "action_flag": 2, "change_message": "[{\"changed\": {\"fields\": [\"Clan\", \"Is owner\"]}}]"}}, {"model": "admin.logentry", "pk": 132, "fields": {"action_time": "2020-05-13T02:06:14.741Z", "user": 1, "content_type": 23, "object_id": "2", "object_repr": "ClanRequest object (2)", "action_flag": 1, "change_message": "[{\"added\": {}}]"}}, {"model": "admin.logentry", "pk": 133, "fields": {"action_time": "2020-05-13T02:08:11.135Z", "user": 1, "content_type": 23, "object_id": "3", "object_repr": "ClanRequest object (3)", "action_flag": 1, "change_message": "[{\"added\": {}}]"}}, {"model": "admin.logentry", "pk": 134, "fields": {"action_time": "2020-05-17T03:01:15.165Z", "user": 1, "content_type": 10, "object_id": "3", "object_repr": "test3: Viking", "action_flag": 2, "change_message": "[{\"changed\": {\"fields\": [\"Level\"]}}]"}}, {"model": "admin.logentry", "pk": 135, "fields": {"action_time": "2020-05-17T03:01:18.892Z", "user": 1, "content_type": 10, "object_id": "4", "object_repr": "test3: Bard", "action_flag": 2, "change_message": "[{\"changed\": {\"fields\": [\"Level\"]}}]"}}, {"model": "admin.logentry", "pk": 136, "fields": {"action_time": "2020-05-17T03:08:06.612Z", "user": 1, "content_type": 10, "object_id": "4", "object_repr": "test3: Bard", "action_flag": 2, "change_message": "[{\"changed\": {\"fields\": [\"Level\"]}}]"}}, {"model": "admin.logentry", "pk": 137, "fields": {"action_time": "2020-05-17T03:08:15.400Z", "user": 1, "content_type": 10, "object_id": "3", "object_repr": "test3: Viking", "action_flag": 2, "change_message": "[{\"changed\": {\"fields\": [\"Level\"]}}]"}}, {"model": "admin.logentry", "pk": 138, "fields": {"action_time": "2020-05-17T22:04:56.448Z", "user": 1, "content_type": 8, "object_id": "0", "object_repr": "Viking", "action_flag": 2, "change_message": "[{\"changed\": {\"fields\": [\"Attack scale\"]}}]"}}, {"model": "admin.logentry", "pk": 139, "fields": {"action_time": "2020-05-17T22:05:02.427Z", "user": 1, "content_type": 8, "object_id": "1", "object_repr": "Bard", "action_flag": 2, "change_message": "[{\"changed\": {\"fields\": [\"Attack scale\"]}}]"}}, {"model": "admin.logentry", "pk": 140, "fields": {"action_time": "2020-05-17T22:05:41.906Z", "user": 1, "content_type": 8, "object_id": "0", "object_repr": "Viking", "action_flag": 2, "change_message": "[{\"changed\": {\"fields\": [\"Attack scale\"]}}]"}}, {"model": "admin.logentry", "pk": 141, "fields": {"action_time": "2020-05-17T22:05:49.732Z", "user": 1, "content_type": 8, "object_id": "1", "object_repr": "Bard", "action_flag": 2, "change_message": "[{\"changed\": {\"fields\": [\"Attack scale\"]}}]"}}, {"model": "admin.logentry", "pk": 142, "fields": {"action_time": "2020-05-26T03:31:19.592Z", "user": 1, "content_type": 4, "object_id": "18", "object_repr": "VideoParty", "action_flag": 1, "change_message": "[{\"added\": {}}]"}}, {"model": "admin.logentry", "pk": 143, "fields": {"action_time": "2020-05-26T03:31:38.438Z", "user": 1, "content_type": 7, "object_id": "1e2147930da52610e542aaeca845148830a44de4", "object_repr": "1e2147930da52610e542aaeca845148830a44de4", "action_flag": 1, "change_message": "[{\"added\": {}}]"}}, {"model": "admin.logentry", "pk": 144, "fields": {"action_time": "2020-05-29T21:21:25.171Z", "user": 1, "content_type": 10, "object_id": "4", "object_repr": "test3: Bard", "action_flag": 2, "change_message": "[{\"changed\": {\"fields\": [\"Level\"]}}]"}}, {"model": "admin.logentry", "pk": 145, "fields": {"action_time": "2020-05-29T21:21:28.400Z", "user": 1, "content_type": 10, "object_id": "3", "object_repr": "test3: Viking", "action_flag": 2, "change_message": "[{\"changed\": {\"fields\": [\"Level\"]}}]"}}, {"model": "admin.logentry", "pk": 146, "fields": {"action_time": "2020-05-29T21:52:27.483Z", "user": 1, "content_type": 8, "object_id": "0", "object_repr": "Viking", "action_flag": 2, "change_message": "[{\"changed\": {\"fields\": [\"Health\"]}}]"}}, {"model": "admin.logentry", "pk": 147, "fields": {"action_time": "2020-05-29T22:42:57.741Z", "user": 1, "content_type": 4, "object_id": "19", "object_repr": "test5", "action_flag": 1, "change_message": "[{\"added\": {}}]"}}, {"model": "admin.logentry", "pk": 148, "fields": {"action_time": "2020-05-29T22:45:20.055Z", "user": 1, "content_type": 12, "object_id": "14", "object_repr": "Daniel(14)", "action_flag": 2, "change_message": "[{\"changed\": {\"fields\": [\"Name\"]}}]"}}, {"model": "admin.logentry", "pk": 149, "fields": {"action_time": "2020-05-30T03:19:58.205Z", "user": 1, "content_type": 4, "object_id": "20", "object_repr": "dwang", "action_flag": 1, "change_message": "[{\"added\": {}}]"}}, {"model": "admin.logentry", "pk": 150, "fields": {"action_time": "2020-05-30T03:20:12.196Z", "user": 1, "content_type": 4, "object_id": "20", "object_repr": "dwang", "action_flag": 2, "change_message": "[{\"changed\": {\"fields\": [\"Staff status\", \"Superuser status\"]}}]"}}, {"model": "admin.logentry", "pk": 151, "fields": {"action_time": "2020-05-31T17:49:00.977Z", "user": 1, "content_type": 8, "object_id": "0", "object_repr": "Viking", "action_flag": 2, "change_message": "[{\"changed\": {\"fields\": [\"Health\"]}}]"}}, {"model": "admin.logentry", "pk": 152, "fields": {"action_time": "2020-06-02T19:25:03.032Z", "user": 1, "content_type": 4, "object_id": "21", "object_repr": "testWilson", "action_flag": 1, "change_message": "[{\"added\": {}}]"}}, {"model": "admin.logentry", "pk": 153, "fields": {"action_time": "2020-06-02T19:26:24.990Z", "user": 1, "content_type": 11, "object_id": "5", "object_repr": "testWilson: Axe", "action_flag": 1, "change_message": "[{\"added\": {}}]"}}, {"model": "admin.logentry", "pk": 154, "fields": {"action_time": "2020-06-02T19:26:35.536Z", "user": 1, "content_type": 11, "object_id": "6", "object_repr": "testWilson: Staff", "action_flag": 1, "change_message": "[{\"added\": {}}]"}}, {"model": "admin.logentry", "pk": 155, "fields": {"action_time": "2020-06-02T19:26:54.975Z", "user": 1, "content_type": 10, "object_id": "7", "object_repr": "testWilson: Bard", "action_flag": 1, "change_message": "[{\"added\": {}}]"}}, {"model": "admin.logentry", "pk": 156, "fields": {"action_time": "2020-06-02T19:27:04.472Z", "user": 1, "content_type": 10, "object_id": "8", "object_repr": "testWilson: Viking", "action_flag": 1, "change_message": "[{\"added\": {}}]"}}, {"model": "admin.logentry", "pk": 157, "fields": {"action_time": "2020-06-02T19:27:26.113Z", "user": 1, "content_type": 14, "object_id": "3", "object_repr": "3", "action_flag": 1, "change_message": "[{\"added\": {}}]"}}, {"model": "admin.logentry", "pk": 158, "fields": {"action_time": "2020-06-02T19:27:49.112Z", "user": 1, "content_type": 13, "object_id": "9", "object_repr": "9", "action_flag": 1, "change_message": "[{\"added\": {}}]"}}, {"model": "admin.logentry", "pk": 159, "fields": {"action_time": "2020-06-02T19:28:29.544Z", "user": 1, "content_type": 16, "object_id": "21", "object_repr": "new player(21)", "action_flag": 2, "change_message": "[{\"changed\": {\"fields\": [\"Coins\", \"Gems\"]}}]"}}, {"model": "admin.logentry", "pk": 160, "fields": {"action_time": "2020-06-02T19:28:46.416Z", "user": 1, "content_type": 12, "object_id": "21", "object_repr": "testWilson(21)", "action_flag": 2, "change_message": "[{\"changed\": {\"fields\": [\"Name\", \"Default placement\", \"Team\"]}}]"}}, {"model": "admin.logentry", "pk": 161, "fields": {"action_time": "2020-06-09T16:35:51.026Z", "user": 1, "content_type": 8, "object_id": "0", "object_repr": "Viking", "action_flag": 2, "change_message": "[{\"changed\": {\"fields\": [\"Health\"]}}]"}}, {"model": "admin.logentry", "pk": 162, "fields": {"action_time": "2020-06-09T20:57:06.220Z", "user": 20, "content_type": 13, "object_id": "9", "object_repr": "9", "action_flag": 2, "change_message": "[{\"changed\": {\"fields\": [\"Char 3\"]}}]"}}, {"model": "admin.logentry", "pk": 163, "fields": {"action_time": "2020-06-09T20:57:31.513Z", "user": 20, "content_type": 14, "object_id": "3", "object_repr": "3", "action_flag": 2, "change_message": "[{\"changed\": {\"fields\": [\"Char 3\"]}}]"}}, {"model": "admin.logentry", "pk": 164, "fields": {"action_time": "2020-06-09T20:58:10.790Z", "user": 20, "content_type": 13, "object_id": "9", "object_repr": "9", "action_flag": 2, "change_message": "[{\"changed\": {\"fields\": [\"Char 3\"]}}]"}}, {"model": "admin.logentry", "pk": 165, "fields": {"action_time": "2020-06-09T20:58:28.630Z", "user": 20, "content_type": 14, "object_id": "3", "object_repr": "3", "action_flag": 2, "change_message": "[{\"changed\": {\"fields\": [\"Char 3\"]}}]"}}, {"model": "admin.logentry", "pk": 166, "fields": {"action_time": "2020-06-12T00:26:57.645Z", "user": 20, "content_type": 25, "object_id": "3", "object_repr": "Assassin", "action_flag": 1, "change_message": "[{\"added\": {}}]"}}, {"model": "admin.logentry", "pk": 167, "fields": {"action_time": "2020-06-12T00:27:00.700Z", "user": 20, "content_type": 25, "object_id": "2", "object_repr": "Mage", "action_flag": 1, "change_message": "[{\"added\": {}}]"}}, {"model": "admin.logentry", "pk": 168, "fields": {"action_time": "2020-06-12T00:27:03.283Z", "user": 20, "content_type": 25, "object_id": "1", "object_repr": "Bard", "action_flag": 1, "change_message": "[{\"added\": {}}]"}}, {"model": "admin.logentry", "pk": 169, "fields": {"action_time": "2020-06-12T00:27:06.445Z", "user": 20, "content_type": 25, "object_id": "0", "object_repr": "Viking", "action_flag": 1, "change_message": "[{\"added\": {}}]"}}, {"model": "admin.logentry", "pk": 170, "fields": {"action_time": "2020-06-12T01:40:41.477Z", "user": 20, "content_type": 15, "object_id": "14", "object_repr": "Daniel(14)", "action_flag": 1, "change_message": "[{\"added\": {}}]"}}, {"model": "admin.logentry", "pk": 171, "fields": {"action_time": "2020-06-12T01:44:48.400Z", "user": 1, "content_type": 18, "object_id": "10", "object_repr": "Daniel,testWilson", "action_flag": 1, "change_message": "[{\"added\": {}}]"}}, {"model": "admin.logentry", "pk": 172, "fields": {"action_time": "2020-06-12T01:47:43.073Z", "user": 1, "content_type": 18, "object_id": "10", "object_repr": "Daniel,new player", "action_flag": 2, "change_message": "[{\"changed\": {\"fields\": [\"Target\"]}}]"}}, {"model": "admin.logentry", "pk": 173, "fields": {"action_time": "2020-06-12T01:49:40.040Z", "user": 1, "content_type": 18, "object_id": "10", "object_repr": "Daniel,new player", "action_flag": 3, "change_message": ""}}, {"model": "admin.logentry", "pk": 174, "fields": {"action_time": "2020-06-12T01:50:19.504Z", "user": 1, "content_type": 18, "object_id": "11", "object_repr": "testWilson,Daniel", "action_flag": 1, "change_message": "[{\"added\": {}}]"}}, {"model": "admin.logentry", "pk": 175, "fields": {"action_time": "2020-06-15T23:56:59.824Z", "user": 20, "content_type": 26, "object_id": "1", "object_repr": "Stage 1", "action_flag": 1, "change_message": "[{\"added\": {}}]"}}, {"model": "admin.logentry", "pk": 176, "fields": {"action_time": "2020-06-15T23:57:15.023Z", "user": 20, "content_type": 26, "object_id": "2", "object_repr": "Stage 2", "action_flag": 1, "change_message": "[{\"added\": {}}]"}}, {"model": "admin.logentry", "pk": 177, "fields": {"action_time": "2020-06-15T23:57:31.873Z", "user": 20, "content_type": 27, "object_id": "21", "object_repr": "user 21: stage 1", "action_flag": 1, "change_message": "[{\"added\": {}}]"}}, {"model": "admin.logentry", "pk": 178, "fields": {"action_time": "2020-06-15T23:57:40.683Z", "user": 20, "content_type": 27, "object_id": "14", "object_repr": "user 14: stage 1", "action_flag": 1, "change_message": "[{\"added\": {}}]"}}, {"model": "admin.logentry", "pk": 179, "fields": {"action_time": "2020-06-18T04:38:37.219Z", "user": 20, "content_type": 12, "object_id": "21", "object_repr": "testWilson(21)", "action_flag": 2, "change_message": "[{\"changed\": {\"fields\": [\"Elo\"]}}]"}}, {"model": "admin.logentry", "pk": 180, "fields": {"action_time": "2020-06-18T15:07:13.601Z", "user": 20, "content_type": 12, "object_id": "21", "object_repr": "testWilson(21)", "action_flag": 2, "change_message": "[{\"changed\": {\"fields\": [\"Elo\"]}}]"}}, {"model": "admin.logentry", "pk": 181, "fields": {"action_time": "2020-06-20T21:52:40.712Z", "user": 20, "content_type": 12, "object_id": "21", "object_repr": "testWilson(21)", "action_flag": 2, "change_message": "[{\"changed\": {\"fields\": [\"Elo\"]}}]"}}, {"model": "admin.logentry", "pk": 182, "fields": {"action_time": "2020-06-20T21:55:19.950Z", "user": 20, "content_type": 15, "object_id": "15", "object_repr": "wilson(15)", "action_flag": 1, "change_message": "[{\"added\": {}}]"}}, {"model": "admin.logentry", "pk": 183, "fields": {"action_time": "2020-06-25T20:54:44.937Z", "user": 1, "content_type": 4, "object_id": "22", "object_repr": "George", "action_flag": 1, "change_message": "[{\"added\": {}}]"}}, {"model": "admin.logentry", "pk": 184, "fields": {"action_time": "2020-06-25T21:05:22.860Z", "user": 1, "content_type": 14, "object_id": "4", "object_repr": "4", "action_flag": 1, "change_message": "[{\"added\": {}}]"}}, {"model": "admin.logentry", "pk": 185, "fields": {"action_time": "2020-06-25T21:06:00.389Z", "user": 1, "content_type": 12, "object_id": "22", "object_repr": "George(22)", "action_flag": 2, "change_message": "[{\"changed\": {\"fields\": [\"Elo\", \"Name\", \"Default placement\", \"Team\"]}}]"}}, {"model": "admin.logentry", "pk": 186, "fields": {"action_time": "2020-06-27T17:56:17.613Z", "user": 20, "content_type": 32, "object_id": "1", "object_repr": "(1) Deal 5k damage", "action_flag": 1, "change_message": "[{\"added\": {}}]"}}, {"model": "admin.logentry", "pk": 187, "fields": {"action_time": "2020-06-27T17:56:37.872Z", "user": 20, "content_type": 32, "object_id": "2", "object_repr": "(2) Deal 15k damage", "action_flag": 1, "change_message": "[{\"added\": {}}]"}}, {"model": "admin.logentry", "pk": 188, "fields": {"action_time": "2020-06-27T17:56:58.327Z", "user": 20, "content_type": 32, "object_id": "3", "object_repr": "(3) Deal 30k damage", "action_flag": 1, "change_message": "[{\"added\": {}}]"}}, {"model": "admin.logentry", "pk": 189, "fields": {"action_time": "2020-06-27T17:57:24.053Z", "user": 20, "content_type": 32, "object_id": "4", "object_repr": "(4) Make a friend", "action_flag": 1, "change_message": "[{\"added\": {}}]"}}, {"model": "admin.logentry", "pk": 190, "fields": {"action_time": "2020-06-27T17:58:36.326Z", "user": 20, "content_type": 32, "object_id": "5", "object_repr": "(5) Win 5 arena games", "action_flag": 1, "change_message": "[{\"added\": {}}]"}}, {"model": "admin.logentry", "pk": 191, "fields": {"action_time": "2020-06-27T18:00:28.545Z", "user": 20, "content_type": 32, "object_id": "6", "object_repr": "(6) Win 5 dungeon games", "action_flag": 1, "change_message": "[{\"added\": {}}]"}}, {"model": "admin.logentry", "pk": 192, "fields": {"action_time": "2020-07-01T01:52:27.991Z", "user": 20, "content_type": 35, "object_id": "1", "object_repr": "user: 14, type 0, progress: 0", "action_flag": 1, "change_message": "[{\"added\": {}}]"}}, {"model": "admin.logentry", "pk": 193, "fields": {"action_time": "2020-07-01T01:52:39.260Z", "user": 20, "content_type": 35, "object_id": "2", "object_repr": "user: 21, type 0, progress: 0", "action_flag": 1, "change_message": "[{\"added\": {}}]"}}, {"model": "admin.logentry", "pk": 194, "fields": {"action_time": "2020-07-01T01:53:03.707Z", "user": 20, "content_type": 34, "object_id": "1", "object_repr": "user:21 Deal 5k damage", "action_flag": 1, "change_message": "[{\"added\": {}}]"}}, {"model": "admin.logentry", "pk": 195, "fields": {"action_time": "2020-07-01T01:53:12.992Z", "user": 20, "content_type": 34, "object_id": "2", "object_repr": "user:21 Deal 15k damage", "action_flag": 1, "change_message": "[{\"added\": {}}]"}}, {"model": "admin.logentry", "pk": 196, "fields": {"action_time": "2020-07-01T01:53:24.148Z", "user": 20, "content_type": 34, "object_id": "3", "object_repr": "user:21 Deal 30k damage", "action_flag": 1, "change_message": "[{\"added\": {}}]"}}, {"model": "admin.logentry", "pk": 197, "fields": {"action_time": "2020-07-01T02:01:22.486Z", "user": 20, "content_type": 30, "object_id": "1", "object_repr": "user:21 Win 5 dungeon games", "action_flag": 1, "change_message": "[{\"added\": {}}]"}}, {"model": "admin.logentry", "pk": 198, "fields": {"action_time": "2020-07-01T02:01:39.690Z", "user": 20, "content_type": 30, "object_id": "2", "object_repr": "user:21 Win 5 dungeon games", "action_flag": 1, "change_message": "[{\"added\": {}}]"}}, {"model": "admin.logentry", "pk": 199, "fields": {"action_time": "2020-07-02T14:11:59.454Z", "user": 20, "content_type": 29, "object_id": "1", "object_repr": "user:21 Win 5 arena games", "action_flag": 1, "change_message": "[{\"added\": {}}]"}}, {"model": "admin.logentry", "pk": 200, "fields": {"action_time": "2020-07-02T14:12:15.131Z", "user": 20, "content_type": 29, "object_id": "2", "object_repr": "user:14 Win 5 arena games", "action_flag": 1, "change_message": "[{\"added\": {}}]"}}, {"model": "admin.logentry", "pk": 201, "fields": {"action_time": "2020-07-02T14:12:39.475Z", "user": 20, "content_type": 30, "object_id": "2", "object_repr": "user:21 Win 5 dungeon games", "action_flag": 2, "change_message": "[{\"changed\": {\"fields\": [\"Expiration date\"]}}]"}}, {"model": "admin.logentry", "pk": 202, "fields": {"action_time": "2020-07-02T14:12:46.842Z", "user": 20, "content_type": 30, "object_id": "1", "object_repr": "user:21 Win 5 dungeon games", "action_flag": 2, "change_message": "[{\"changed\": {\"fields\": [\"Expiration date\"]}}]"}}, {"model": "admin.logentry", "pk": 203, "fields": {"action_time": "2020-07-03T02:02:38.784Z", "user": 20, "content_type": 29, "object_id": "1", "object_repr": "user:21 Win 5 arena games", "action_flag": 2, "change_message": "[{\"changed\": {\"fields\": [\"Expiration date\"]}}]"}}, {"model": "admin.logentry", "pk": 204, "fields": {"action_time": "2020-07-03T02:02:54.270Z", "user": 20, "content_type": 30, "object_id": "1", "object_repr": "user:21 Win 5 dungeon games", "action_flag": 2, "change_message": "[]"}}, {"model": "admin.logentry", "pk": 205, "fields": {"action_time": "2020-07-03T02:04:21.666Z", "user": 20, "content_type": 30, "object_id": "1", "object_repr": "user:21 Win 5 arena games", "action_flag": 2, "change_message": "[{\"changed\": {\"fields\": [\"Base quest\"]}}]"}}, {"model": "admin.logentry", "pk": 206, "fields": {"action_time": "2020-07-03T02:04:34.551Z", "user": 20, "content_type": 30, "object_id": "2", "object_repr": "user:21 Win 5 dungeon games", "action_flag": 2, "change_message": "[{\"changed\": {\"fields\": [\"Expiration date\"]}}]"}}, {"model": "admin.logentry", "pk": 207, "fields": {"action_time": "2020-07-03T02:04:39.500Z", "user": 20, "content_type": 30, "object_id": "1", "object_repr": "user:21 Win 5 arena games", "action_flag": 2, "change_message": "[{\"changed\": {\"fields\": [\"Expiration date\"]}}]"}}, {"model": "admin.logentry", "pk": 208, "fields": {"action_time": "2020-07-03T02:04:48.515Z", "user": 20, "content_type": 29, "object_id": "1", "object_repr": "user:21 Win 5 arena games", "action_flag": 2, "change_message": "[{\"changed\": {\"fields\": [\"Expiration date\"]}}]"}}, {"model": "admin.logentry", "pk": 209, "fields": {"action_time": "2020-07-07T15:15:55.614Z", "user": 20, "content_type": 36, "object_id": "1", "object_repr": "pumpkinspice", "action_flag": 1, "change_message": "[{\"added\": {}}]"}}, {"model": "admin.logentry", "pk": 210, "fields": {"action_time": "2020-07-13T21:22:08.174Z", "user": 20, "content_type": 39, "object_id": "1", "object_repr": "testWilson: YEETYEETYEET", "action_flag": 1, "change_message": "[{\"added\": {}}]"}}, {"model": "admin.logentry", "pk": 211, "fields": {"action_time": "2020-08-01T20:13:02.872Z", "user": 1, "content_type": 8, "object_id": "0", "object_repr": "Viking", "action_flag": 2, "change_message": "[{\"changed\": {\"fields\": [\"Health\"]}}]"}}, {"model": "admin.logentry", "pk": 212, "fields": {"action_time": "2020-08-01T20:13:50.958Z", "user": 1, "content_type": 8, "object_id": "1", "object_repr": "Archer", "action_flag": 2, "change_message": "[{\"changed\": {\"fields\": [\"Name\"]}}]"}}, {"model": "admin.logentry", "pk": 213, "fields": {"action_time": "2020-08-01T20:23:17.635Z", "user": 1, "content_type": 4, "object_id": "23", "object_repr": "yanske1", "action_flag": 1, "change_message": "[{\"added\": {}}]"}}, {"model": "admin.logentry", "pk": 214, "fields": {"action_time": "2020-08-01T20:23:45.579Z", "user": 1, "content_type": 4, "object_id": "23", "object_repr": "yanske1", "action_flag": 2, "change_message": "[{\"changed\": {\"fields\": [\"Staff status\", \"Superuser status\"]}}]"}}, {"model": "admin.logentry", "pk": 215, "fields": {"action_time": "2020-08-02T21:27:23.747Z", "user": 23, "content_type": 8, "object_id": "3", "object_repr": "Swordsman", "action_flag": 2, "change_message": "[{\"changed\": {\"fields\": [\"Name\"]}}]"}}, {"model": "admin.logentry", "pk": 216, "fields": {"action_time": "2020-08-02T21:40:56.367Z", "user": 23, "content_type": 8, "object_id": "4", "object_repr": "Hammer Knight", "action_flag": 1, "change_message": "[{\"added\": {}}]"}}, {"model": "admin.logentry", "pk": 217, "fields": {"action_time": "2020-08-02T21:41:50.103Z", "user": 23, "content_type": 8, "object_id": "5", "object_repr": "Golem", "action_flag": 1, "change_message": "[{\"added\": {}}]"}}, {"model": "admin.logentry", "pk": 218, "fields": {"action_time": "2020-08-02T21:43:43.590Z", "user": 23, "content_type": 8, "object_id": "6", "object_repr": "Pirate", "action_flag": 1, "change_message": "[{\"added\": {}}]"}}, {"model": "admin.logentry", "pk": 219, "fields": {"action_time": "2020-08-02T21:44:45.185Z", "user": 23, "content_type": 8, "object_id": "7", "object_repr": "Ninja", "action_flag": 1, "change_message": "[{\"added\": {}}]"}}, {"model": "admin.logentry", "pk": 220, "fields": {"action_time": "2020-08-02T21:45:35.859Z", "user": 23, "content_type": 8, "object_id": "8", "object_repr": "Chef", "action_flag": 1, "change_message": "[{\"added\": {}}]"}}, {"model": "admin.logentry", "pk": 221, "fields": {"action_time": "2020-08-02T21:47:16.862Z", "user": 23, "content_type": 25, "object_id": "4", "object_repr": "Hammer Knight", "action_flag": 1, "change_message": "[{\"added\": {}}]"}}, {"model": "admin.logentry", "pk": 222, "fields": {"action_time": "2020-08-02T21:47:21.874Z", "user": 23, "content_type": 25, "object_id": "5", "object_repr": "Golem", "action_flag": 1, "change_message": "[{\"added\": {}}]"}}, {"model": "admin.logentry", "pk": 223, "fields": {"action_time": "2020-08-02T21:47:28.477Z", "user": 23, "content_type": 25, "object_id": "6", "object_repr": "Pirate", "action_flag": 1, "change_message": "[{\"added\": {}}]"}}, {"model": "admin.logentry", "pk": 224, "fields": {"action_time": "2020-08-02T21:47:31.536Z", "user": 23, "content_type": 25, "object_id": "7", "object_repr": "Ninja", "action_flag": 1, "change_message": "[{\"added\": {}}]"}}, {"model": "admin.logentry", "pk": 225, "fields": {"action_time": "2020-08-02T21:47:34.077Z", "user": 23, "content_type": 25, "object_id": "8", "object_repr": "Chef", "action_flag": 1, "change_message": "[{\"added\": {}}]"}}, {"model": "admin.logentry", "pk": 226, "fields": {"action_time": "2020-08-02T21:51:44.270Z", "user": 23, "content_type": 10, "object_id": "11", "object_repr": "testWilson: Hammer Knight", "action_flag": 1, "change_message": "[{\"added\": {}}]"}}, {"model": "admin.logentry", "pk": 227, "fields": {"action_time": "2020-08-02T21:51:55.390Z", "user": 23, "content_type": 10, "object_id": "12", "object_repr": "testWilson: Golem", "action_flag": 1, "change_message": "[{\"added\": {}}]"}}, {"model": "admin.logentry", "pk": 228, "fields": {"action_time": "2020-08-02T21:52:08.064Z", "user": 23, "content_type": 10, "object_id": "13", "object_repr": "testWilson: Pirate", "action_flag": 1, "change_message": "[{\"added\": {}}]"}}, {"model": "admin.logentry", "pk": 229, "fields": {"action_time": "2020-08-02T21:52:26.044Z", "user": 23, "content_type": 10, "object_id": "14", "object_repr": "testWilson: Ninja", "action_flag": 1, "change_message": "[{\"added\": {}}]"}}, {"model": "admin.logentry", "pk": 230, "fields": {"action_time": "2020-08-02T21:52:42.024Z", "user": 23, "content_type": 10, "object_id": "15", "object_repr": "testWilson: Chef", "action_flag": 1, "change_message": "[{\"added\": {}}]"}}, {"model": "admin.logentry", "pk": 231, "fields": {"action_time": "2020-08-02T22:01:30.280Z", "user": 23, "content_type": 10, "object_id": "16", "object_repr": "test3: Hammer Knight", "action_flag": 1, "change_message": "[{\"added\": {}}]"}}, {"model": "admin.logentry", "pk": 232, "fields": {"action_time": "2020-08-02T22:01:38.506Z", "user": 23, "content_type": 10, "object_id": "17", "object_repr": "test3: Golem", "action_flag": 1, "change_message": "[{\"added\": {}}]"}}, {"model": "admin.logentry", "pk": 233, "fields": {"action_time": "2020-08-02T22:01:46.824Z", "user": 23, "content_type": 10, "object_id": "18", "object_repr": "test3: Pirate", "action_flag": 1, "change_message": "[{\"added\": {}}]"}}, {"model": "admin.logentry", "pk": 234, "fields": {"action_time": "2020-08-02T22:01:55.213Z", "user": 23, "content_type": 10, "object_id": "19", "object_repr": "test3: Ninja", "action_flag": 1, "change_message": "[{\"added\": {}}]"}}, {"model": "admin.logentry", "pk": 235, "fields": {"action_time": "2020-08-02T22:02:05.030Z", "user": 23, "content_type": 10, "object_id": "20", "object_repr": "test3: Chef", "action_flag": 1, "change_message": "[{\"added\": {}}]"}}, {"model": "admin.logentry", "pk": 236, "fields": {"action_time": "2020-08-03T02:06:57.264Z", "user": 23, "content_type": 14, "object_id": "3", "object_repr": "3", "action_flag": 2, "change_message": "[{\"changed\": {\"fields\": [\"Char 2\", \"Char 3\", \"Char 4\", \"Char 6\"]}}]"}}, {"model": "admin.logentry", "pk": 237, "fields": {"action_time": "2020-08-03T02:07:33.125Z", "user": 23, "content_type": 13, "object_id": "9", "object_repr": "9", "action_flag": 2, "change_message": "[{\"changed\": {\"fields\": [\"Char 2\", \"Char 3\", \"Char 4\", \"Char 5\"]}}]"}}, {"model": "admin.logentry", "pk": 238, "fields": {"action_time": "2020-08-03T02:25:17.909Z", "user": 23, "content_type": 13, "object_id": "8", "object_repr": "8", "action_flag": 2, "change_message": "[{\"changed\": {\"fields\": [\"Char 1\", \"Char 3\", \"Char 4\"]}}]"}}, {"model": "admin.logentry", "pk": 239, "fields": {"action_time": "2020-08-03T02:25:31.317Z", "user": 23, "content_type": 13, "object_id": "7", "object_repr": "7", "action_flag": 2, "change_message": "[{\"changed\": {\"fields\": [\"Char 1\", \"Char 2\", \"Char 3\", \"Char 4\"]}}]"}}, {"model": "admin.logentry", "pk": 240, "fields": {"action_time": "2020-08-03T20:47:36.635Z", "user": 23, "content_type": 8, "object_id": "0", "object_repr": "Viking", "action_flag": 2, "change_message": "[{\"changed\": {\"fields\": [\"Health\"]}}]"}}, {"model": "admin.logentry", "pk": 241, "fields": {"action_time": "2020-08-04T21:08:44.635Z", "user": 23, "content_type": 14, "object_id": "3", "object_repr": "3", "action_flag": 2, "change_message": "[{\"changed\": {\"fields\": [\"Char 1\", \"Char 2\", \"Char 6\"]}}]"}}, {"model": "admin.logentry", "pk": 242, "fields": {"action_time": "2020-08-04T22:17:15.571Z", "user": 23, "content_type": 8, "object_id": "4", "object_repr": "Hammer Knight", "action_flag": 2, "change_message": "[{\"changed\": {\"fields\": [\"Health\"]}}]"}}, {"model": "admin.logentry", "pk": 243, "fields": {"action_time": "2020-08-04T22:21:21.303Z", "user": 23, "content_type": 8, "object_id": "4", "object_repr": "Hammer Knight", "action_flag": 2, "change_message": "[{\"changed\": {\"fields\": [\"Health\"]}}]"}}, {"model": "admin.logentry", "pk": 244, "fields": {"action_time": "2020-08-04T22:24:22.263Z", "user": 23, "content_type": 8, "object_id": "4", "object_repr": "Hammer Knight", "action_flag": 2, "change_message": "[{\"changed\": {\"fields\": [\"Health\"]}}]"}}, {"model": "admin.logentry", "pk": 245, "fields": {"action_time": "2020-08-04T22:24:32.936Z", "user": 23, "content_type": 8, "object_id": "0", "object_repr": "Viking", "action_flag": 2, "change_message": "[{\"changed\": {\"fields\": [\"Health\"]}}]"}}, {"model": "admin.logentry", "pk": 246, "fields": {"action_time": "2020-08-04T23:02:55.775Z", "user": 23, "content_type": 8, "object_id": "7", "object_repr": "Ninja", "action_flag": 2, "change_message": "[{\"changed\": {\"fields\": [\"Health\"]}}]"}}, {"model": "admin.logentry", "pk": 247, "fields": {"action_time": "2020-08-05T04:50:21.658Z", "user": 20, "content_type": 27, "object_id": "21", "object_repr": "user 21: stage 1", "action_flag": 2, "change_message": "[{\"changed\": {\"fields\": [\"Stage id\"]}}]"}}, {"model": "admin.logentry", "pk": 248, "fields": {"action_time": "2020-08-05T05:04:26.055Z", "user": 20, "content_type": 27, "object_id": "21", "object_repr": "user 21: stage 1", "action_flag": 2, "change_message": "[{\"changed\": {\"fields\": [\"Stage id\"]}}]"}}, {"model": "admin.logentry", "pk": 249, "fields": {"action_time": "2020-08-07T00:22:23.914Z", "user": 1, "content_type": 8, "object_id": "7", "object_repr": "Ninja", "action_flag": 2, "change_message": "[{\"changed\": {\"fields\": [\"Speed\"]}}]"}}, {"model": "admin.logentry", "pk": 250, "fields": {"action_time": "2020-08-07T00:27:28.104Z", "user": 1, "content_type": 8, "object_id": "7", "object_repr": "Ninja", "action_flag": 2, "change_message": "[{\"changed\": {\"fields\": [\"Speed\"]}}]"}}, {"model": "admin.logentry", "pk": 251, "fields": {"action_time": "2020-08-07T00:30:37.317Z", "user": 1, "content_type": 8, "object_id": "7", "object_repr": "Ninja", "action_flag": 2, "change_message": "[{\"changed\": {\"fields\": [\"Speed\"]}}]"}}, {"model": "admin.logentry", "pk": 252, "fields": {"action_time": "2020-08-07T02:11:32.522Z", "user": 23, "content_type": 14, "object_id": "3", "object_repr": "3", "action_flag": 2, "change_message": "[{\"changed\": {\"fields\": [\"Char 1\"]}}]"}}, {"model": "admin.logentry", "pk": 253, "fields": {"action_time": "2020-08-07T04:43:18.273Z", "user": 23, "content_type": 8, "object_id": "6", "object_repr": "Pirate", "action_flag": 2, "change_message": "[{\"changed\": {\"fields\": [\"Health\"]}}]"}}, {"model": "admin.logentry", "pk": 254, "fields": {"action_time": "2020-08-08T00:56:36.714Z", "user": 23, "content_type": 14, "object_id": "3", "object_repr": "3", "action_flag": 2, "change_message": "[{\"changed\": {\"fields\": [\"Char 1\", \"Char 6\"]}}]"}}, {"model": "admin.logentry", "pk": 255, "fields": {"action_time": "2020-08-08T00:56:47.962Z", "user": 23, "content_type": 8, "object_id": "5", "object_repr": "Golem", "action_flag": 2, "change_message": "[{\"changed\": {\"fields\": [\"Health\"]}}]"}}, {"model": "admin.logentry", "pk": 256, "fields": {"action_time": "2020-08-21T01:42:58.193Z", "user": 23, "content_type": 8, "object_id": "9", "object_repr": "Fire Bender", "action_flag": 1, "change_message": "[{\"added\": {}}]"}}, {"model": "admin.logentry", "pk": 257, "fields": {"action_time": "2020-08-21T01:43:28.164Z", "user": 23, "content_type": 10, "object_id": "11", "object_repr": "testWilson: Hammer Knight", "action_flag": 2, "change_message": "[]"}}, {"model": "admin.logentry", "pk": 258, "fields": {"action_time": "2020-08-21T01:43:54.256Z", "user": 23, "content_type": 10, "object_id": "21", "object_repr": "testWilson: Fire Bender", "action_flag": 1, "change_message": "[{\"added\": {}}]"}}, {"model": "admin.logentry", "pk": 259, "fields": {"action_time": "2020-08-21T01:44:12.465Z", "user": 23, "content_type": 14, "object_id": "3", "object_repr": "3", "action_flag": 2, "change_message": "[{\"changed\": {\"fields\": [\"Char 3\"]}}]"}}, {"model": "admin.logentry", "pk": 260, "fields": {"action_time": "2020-08-21T02:57:21.021Z", "user": 23, "content_type": 14, "object_id": "3", "object_repr": "3", "action_flag": 2, "change_message": "[{\"changed\": {\"fields\": [\"Char 1\", \"Char 3\"]}}]"}}, {"model": "admin.logentry", "pk": 261, "fields": {"action_time": "2020-08-21T03:04:54.266Z", "user": 23, "content_type": 25, "object_id": "9", "object_repr": "Fire Bender", "action_flag": 1, "change_message": "[{\"added\": {}}]"}}, {"model": "admin.logentry", "pk": 262, "fields": {"action_time": "2020-08-21T20:02:09.795Z", "user": 23, "content_type": 8, "object_id": "9", "object_repr": "Fire Bender", "action_flag": 2, "change_message": "[{\"changed\": {\"fields\": [\"Speed\"]}}]"}}, {"model": "admin.logentry", "pk": 263, "fields": {"action_time": "2020-08-26T00:32:27.648Z", "user": 1, "content_type": 8, "object_id": "0", "object_repr": "Viking", "action_flag": 2, "change_message": "[{\"changed\": {\"fields\": [\"Health\"]}}]"}}, {"model": "admin.logentry", "pk": 264, "fields": {"action_time": "2020-08-26T01:06:38.303Z", "user": 23, "content_type": 11, "object_id": "7", "object_repr": "testWilson: Staff", "action_flag": 1, "change_message": "[{\"added\": {}}]"}}, {"model": "admin.logentry", "pk": 265, "fields": {"action_time": "2020-08-26T01:08:05.183Z", "user": 23, "content_type": 11, "object_id": "7", "object_repr": "testWilson: Staff", "action_flag": 2, "change_message": "[]"}}, {"model": "admin.logentry", "pk": 266, "fields": {"action_time": "2020-08-26T01:09:32.513Z", "user": 23, "content_type": 9, "object_id": "32", "object_repr": "Bow", "action_flag": 1, "change_message": "[{\"added\": {}}]"}}, {"model": "admin.logentry", "pk": 267, "fields": {"action_time": "2020-08-26T01:09:44.882Z", "user": 23, "content_type": 9, "object_id": "3", "object_repr": "Sword", "action_flag": 1, "change_message": "[{\"added\": {}}]"}}, {"model": "admin.logentry", "pk": 268, "fields": {"action_time": "2020-08-26T01:09:53.796Z", "user": 23, "content_type": 9, "object_id": "9", "object_repr": "Shuriken", "action_flag": 1, "change_message": "[{\"added\": {}}]"}}, {"model": "admin.logentry", "pk": 269, "fields": {"action_time": "2020-08-26T01:10:03.311Z", "user": 23, "content_type": 9, "object_id": "7", "object_repr": "Club", "action_flag": 1, "change_message": "[{\"added\": {}}]"}}, {"model": "admin.logentry", "pk": 270, "fields": {"action_time": "2020-08-26T01:10:14.546Z", "user": 23, "content_type": 9, "object_id": "88", "object_repr": "Twig", "action_flag": 1, "change_message": "[{\"added\": {}}]"}}, {"model": "admin.logentry", "pk": 271, "fields": {"action_time": "2020-08-26T01:10:31.025Z", "user": 23, "content_type": 9, "object_id": "23", "object_repr": "Whip", "action_flag": 1, "change_message": "[{\"added\": {}}]"}}, {"model": "admin.logentry", "pk": 272, "fields": {"action_time": "2020-08-26T01:10:45.553Z", "user": 23, "content_type": 9, "object_id": "4", "object_repr": "Dagger", "action_flag": 1, "change_message": "[{\"added\": {}}]"}}, {"model": "admin.logentry", "pk": 273, "fields": {"action_time": "2020-08-26T01:11:04.068Z", "user": 23, "content_type": 9, "object_id": "8", "object_repr": "Big Sword", "action_flag": 1, "change_message": "[{\"added\": {}}]"}}, {"model": "admin.logentry", "pk": 274, "fields": {"action_time": "2020-08-26T01:11:20.975Z", "user": 23, "content_type": 11, "object_id": "7", "object_repr": "testWilson: Bow", "action_flag": 2, "change_message": "[{\"changed\": {\"fields\": [\"Item type\"]}}]"}}, {"model": "admin.logentry", "pk": 275, "fields": {"action_time": "2020-08-26T01:11:32.509Z", "user": 23, "content_type": 11, "object_id": "8", "object_repr": "testWilson: Sword", "action_flag": 1, "change_message": "[{\"added\": {}}]"}}, {"model": "admin.logentry", "pk": 276, "fields": {"action_time": "2020-08-26T01:11:43.003Z", "user": 23, "content_type": 11, "object_id": "9", "object_repr": "testWilson: Shuriken", "action_flag": 1, "change_message": "[{\"added\": {}}]"}}, {"model": "admin.logentry", "pk": 277, "fields": {"action_time": "2020-08-26T01:11:49.866Z", "user": 23, "content_type": 11, "object_id": "10", "object_repr": "testWilson: Club", "action_flag": 1, "change_message": "[{\"added\": {}}]"}}, {"model": "admin.logentry", "pk": 278, "fields": {"action_time": "2020-08-26T01:11:56.180Z", "user": 23, "content_type": 11, "object_id": "11", "object_repr": "testWilson: Twig", "action_flag": 1, "change_message": "[{\"added\": {}}]"}}, {"model": "admin.logentry", "pk": 279, "fields": {"action_time": "2020-08-26T01:12:03.575Z", "user": 23, "content_type": 11, "object_id": "12", "object_repr": "testWilson: Whip", "action_flag": 1, "change_message": "[{\"added\": {}}]"}}, {"model": "admin.logentry", "pk": 280, "fields": {"action_time": "2020-08-26T01:12:11.164Z", "user": 23, "content_type": 11, "object_id": "13", "object_repr": "testWilson: Dagger", "action_flag": 1, "change_message": "[{\"added\": {}}]"}}, {"model": "admin.logentry", "pk": 281, "fields": {"action_time": "2020-08-26T01:12:18.151Z", "user": 23, "content_type": 11, "object_id": "14", "object_repr": "testWilson: Big Sword", "action_flag": 1, "change_message": "[{\"added\": {}}]"}}, {"model": "admin.logentry", "pk": 282, "fields": {"action_time": "2020-08-26T01:12:54.753Z", "user": 23, "content_type": 10, "object_id": "15", "object_repr": "testWilson: Chef", "action_flag": 2, "change_message": "[{\"changed\": {\"fields\": [\"Weapon\"]}}]"}}, {"model": "admin.logentry", "pk": 283, "fields": {"action_time": "2020-08-26T01:13:01.868Z", "user": 23, "content_type": 10, "object_id": "14", "object_repr": "testWilson: Ninja", "action_flag": 2, "change_message": "[{\"changed\": {\"fields\": [\"Weapon\"]}}]"}}, {"model": "admin.logentry", "pk": 284, "fields": {"action_time": "2020-08-26T01:13:15.588Z", "user": 23, "content_type": 10, "object_id": "13", "object_repr": "testWilson: Pirate", "action_flag": 2, "change_message": "[{\"changed\": {\"fields\": [\"Weapon\"]}}]"}}, {"model": "admin.logentry", "pk": 285, "fields": {"action_time": "2020-08-26T01:13:23.926Z", "user": 23, "content_type": 10, "object_id": "12", "object_repr": "testWilson: Golem", "action_flag": 2, "change_message": "[{\"changed\": {\"fields\": [\"Weapon\"]}}]"}}, {"model": "admin.logentry", "pk": 286, "fields": {"action_time": "2020-08-26T01:13:31.711Z", "user": 23, "content_type": 10, "object_id": "11", "object_repr": "testWilson: Hammer Knight", "action_flag": 2, "change_message": "[{\"changed\": {\"fields\": [\"Weapon\"]}}]"}}, {"model": "admin.logentry", "pk": 287, "fields": {"action_time": "2020-08-26T01:13:38.044Z", "user": 23, "content_type": 10, "object_id": "11", "object_repr": "testWilson: Hammer Knight", "action_flag": 2, "change_message": "[]"}}, {"model": "admin.logentry", "pk": 288, "fields": {"action_time": "2020-08-26T01:13:44.855Z", "user": 23, "content_type": 10, "object_id": "10", "object_repr": "testWilson: Swordsman", "action_flag": 2, "change_message": "[{\"changed\": {\"fields\": [\"Weapon\"]}}]"}}, {"model": "admin.logentry", "pk": 289, "fields": {"action_time": "2020-08-26T01:13:53.199Z", "user": 23, "content_type": 10, "object_id": "8", "object_repr": "testWilson: Viking", "action_flag": 2, "change_message": "[{\"changed\": {\"fields\": [\"Weapon\"]}}]"}}, {"model": "admin.logentry", "pk": 290, "fields": {"action_time": "2020-08-26T01:25:23.897Z", "user": 23, "content_type": 10, "object_id": "9", "object_repr": "testWilson: Mage", "action_flag": 2, "change_message": "[{\"changed\": {\"fields\": [\"Weapon\"]}}]"}}, {"model": "admin.logentry", "pk": 291, "fields": {"action_time": "2020-08-26T01:27:17.323Z", "user": 23, "content_type": 10, "object_id": "21", "object_repr": "testWilson: Fire Bender", "action_flag": 2, "change_message": "[{\"changed\": {\"fields\": [\"Weapon\"]}}]"}}, {"model": "admin.logentry", "pk": 292, "fields": {"action_time": "2020-08-26T01:27:59.160Z", "user": 23, "content_type": 11, "object_id": "15", "object_repr": "test3: Bow", "action_flag": 1, "change_message": "[{\"added\": {}}]"}}, {"model": "admin.logentry", "pk": 293, "fields": {"action_time": "2020-08-26T01:28:05.568Z", "user": 23, "content_type": 11, "object_id": "16", "object_repr": "test3: Sword", "action_flag": 1, "change_message": "[{\"added\": {}}]"}}, {"model": "admin.logentry", "pk": 294, "fields": {"action_time": "2020-08-26T01:28:14.644Z", "user": 23, "content_type": 11, "object_id": "17", "object_repr": "test3: Shuriken", "action_flag": 1, "change_message": "[{\"added\": {}}]"}}, {"model": "admin.logentry", "pk": 295, "fields": {"action_time": "2020-08-26T01:28:20.487Z", "user": 23, "content_type": 11, "object_id": "18", "object_repr": "test3: Club", "action_flag": 1, "change_message": "[{\"added\": {}}]"}}, {"model": "admin.logentry", "pk": 296, "fields": {"action_time": "2020-08-26T01:28:26.226Z", "user": 23, "content_type": 11, "object_id": "19", "object_repr": "test3: Twig", "action_flag": 1, "change_message": "[{\"added\": {}}]"}}, {"model": "admin.logentry", "pk": 297, "fields": {"action_time": "2020-08-26T01:28:33.189Z", "user": 23, "content_type": 11, "object_id": "20", "object_repr": "test3: Whip", "action_flag": 1, "change_message": "[{\"added\": {}}]"}}, {"model": "admin.logentry", "pk": 298, "fields": {"action_time": "2020-08-26T01:28:43.971Z", "user": 23, "content_type": 11, "object_id": "21", "object_repr": "test3: Dagger", "action_flag": 1, "change_message": "[{\"added\": {}}]"}}, {"model": "admin.logentry", "pk": 299, "fields": {"action_time": "2020-08-26T01:28:50.039Z", "user": 23, "content_type": 11, "object_id": "22", "object_repr": "test3: Big Sword", "action_flag": 1, "change_message": "[{\"added\": {}}]"}}, {"model": "admin.logentry", "pk": 300, "fields": {"action_time": "2020-08-26T01:29:43.058Z", "user": 23, "content_type": 10, "object_id": "20", "object_repr": "test3: Chef", "action_flag": 2, "change_message": "[{\"changed\": {\"fields\": [\"Weapon\"]}}]"}}, {"model": "admin.logentry", "pk": 301, "fields": {"action_time": "2020-08-26T01:29:54.273Z", "user": 23, "content_type": 10, "object_id": "18", "object_repr": "test3: Pirate", "action_flag": 2, "change_message": "[{\"changed\": {\"fields\": [\"Weapon\"]}}]"}}, {"model": "admin.logentry", "pk": 302, "fields": {"action_time": "2020-08-26T01:30:00.627Z", "user": 23, "content_type": 10, "object_id": "17", "object_repr": "test3: Golem", "action_flag": 2, "change_message": "[{\"changed\": {\"fields\": [\"Weapon\"]}}]"}}, {"model": "admin.logentry", "pk": 303, "fields": {"action_time": "2020-08-26T01:30:07.584Z", "user": 23, "content_type": 10, "object_id": "16", "object_repr": "test3: Hammer Knight", "action_flag": 2, "change_message": "[{\"changed\": {\"fields\": [\"Weapon\"]}}]"}}, {"model": "admin.logentry", "pk": 304, "fields": {"action_time": "2020-08-26T01:30:14.771Z", "user": 23, "content_type": 10, "object_id": "6", "object_repr": "test3: Mage", "action_flag": 2, "change_message": "[{\"changed\": {\"fields\": [\"Weapon\"]}}]"}}, {"model": "admin.logentry", "pk": 305, "fields": {"action_time": "2020-08-26T01:30:24.762Z", "user": 23, "content_type": 10, "object_id": "5", "object_repr": "test3: Swordsman", "action_flag": 2, "change_message": "[{\"changed\": {\"fields\": [\"Weapon\"]}}]"}}, {"model": "admin.logentry", "pk": 306, "fields": {"action_time": "2020-08-26T01:30:30.996Z", "user": 23, "content_type": 10, "object_id": "4", "object_repr": "test3: Archer", "action_flag": 2, "change_message": "[{\"changed\": {\"fields\": [\"Weapon\"]}}]"}}, {"model": "admin.logentry", "pk": 307, "fields": {"action_time": "2020-08-26T01:32:36.918Z", "user": 23, "content_type": 10, "object_id": "5", "object_repr": "test3: Swordsman", "action_flag": 2, "change_message": "[{\"changed\": {\"fields\": [\"Weapon\"]}}]"}}, {"model": "admin.logentry", "pk": 308, "fields": {"action_time": "2020-08-27T03:29:05.540Z", "user": 1, "content_type": 8, "object_id": "5", "object_repr": "Golem", "action_flag": 2, "change_message": "[{\"changed\": {\"fields\": [\"Speed\"]}}]"}}, {"model": "admin.logentry", "pk": 309, "fields": {"action_time": "2020-08-27T03:29:27.254Z", "user": 1, "content_type": 8, "object_id": "7", "object_repr": "Ninja", "action_flag": 2, "change_message": "[{\"changed\": {\"fields\": [\"Speed\"]}}]"}}, {"model": "admin.logentry", "pk": 310, "fields": {"action_time": "2020-08-28T04:06:40.128Z", "user": 1, "content_type": 8, "object_id": "7", "object_repr": "Ninja", "action_flag": 2, "change_message": "[{\"changed\": {\"fields\": [\"Mana\"]}}]"}}, {"model": "admin.logentry", "pk": 311, "fields": {"action_time": "2020-08-28T14:05:03.577Z", "user": 20, "content_type": 28, "object_id": "1", "object_repr": "(1) Deal 5k damage", "action_flag": 1, "change_message": "[{\"added\": {}}]"}}, {"model": "admin.logentry", "pk": 312, "fields": {"action_time": "2020-08-28T14:06:07.269Z", "user": 20, "content_type": 35, "object_id": "2", "object_repr": "user: 21, type 0, progress: 0", "action_flag": 2, "change_message": "[{\"changed\": {\"fields\": [\"Progress\"]}}]"}}, {"model": "admin.logentry", "pk": 313, "fields": {"action_time": "2020-08-28T14:06:30.657Z", "user": 20, "content_type": 34, "object_id": "1", "object_repr": "user:21 Deal 5k damage", "action_flag": 2, "change_message": "[{\"changed\": {\"fields\": [\"Completed\", \"Claimed\"]}}]"}}, {"model": "admin.logentry", "pk": 314, "fields": {"action_time": "2020-08-28T14:06:37.533Z", "user": 20, "content_type": 34, "object_id": "2", "object_repr": "user:21 Deal 15k damage", "action_flag": 2, "change_message": "[{\"changed\": {\"fields\": [\"Completed\", \"Claimed\"]}}]"}}, {"model": "admin.logentry", "pk": 315, "fields": {"action_time": "2020-08-28T14:06:47.620Z", "user": 20, "content_type": 34, "object_id": "3", "object_repr": "user:21 Deal 30k damage", "action_flag": 2, "change_message": "[{\"changed\": {\"fields\": [\"Completed\", \"Claimed\"]}}]"}}, {"model": "admin.logentry", "pk": 316, "fields": {"action_time": "2020-08-28T14:07:04.717Z", "user": 20, "content_type": 28, "object_id": "2", "object_repr": "(2) Deal 15k damage", "action_flag": 1, "change_message": "[{\"added\": {}}]"}}, {"model": "admin.logentry", "pk": 317, "fields": {"action_time": "2020-08-28T14:07:13.433Z", "user": 20, "content_type": 28, "object_id": "3", "object_repr": "(3) Deal 30k damage", "action_flag": 1, "change_message": "[{\"added\": {}}]"}}, {"model": "admin.logentry", "pk": 318, "fields": {"action_time": "2020-08-28T14:13:25.221Z", "user": 20, "content_type": 34, "object_id": "1", "object_repr": "user:21 Deal 5k damage", "action_flag": 2, "change_message": "[{\"changed\": {\"fields\": [\"Completed\", \"Claimed\"]}}]"}}, {"model": "admin.logentry", "pk": 319, "fields": {"action_time": "2020-08-28T14:13:29.745Z", "user": 20, "content_type": 34, "object_id": "2", "object_repr": "user:21 Deal 15k damage", "action_flag": 2, "change_message": "[{\"changed\": {\"fields\": [\"Completed\", \"Claimed\"]}}]"}}, {"model": "admin.logentry", "pk": 320, "fields": {"action_time": "2020-08-28T14:13:36.511Z", "user": 20, "content_type": 34, "object_id": "3", "object_repr": "user:21 Deal 30k damage", "action_flag": 2, "change_message": "[{\"changed\": {\"fields\": [\"Completed\", \"Claimed\"]}}]"}}, {"model": "admin.logentry", "pk": 321, "fields": {"action_time": "2020-08-28T14:13:49.498Z", "user": 20, "content_type": 35, "object_id": "2", "object_repr": "user: 21, type 0, progress: 0", "action_flag": 2, "change_message": "[{\"changed\": {\"fields\": [\"Progress\"]}}]"}}, {"model": "admin.logentry", "pk": 322, "fields": {"action_time": "2020-08-28T14:24:18.906Z", "user": 20, "content_type": 34, "object_id": "2", "object_repr": "user:21 Deal 15k damage", "action_flag": 2, "change_message": "[{\"changed\": {\"fields\": [\"Claimed\"]}}]"}}, {"model": "admin.logentry", "pk": 323, "fields": {"action_time": "2020-08-28T14:24:29.111Z", "user": 20, "content_type": 34, "object_id": "1", "object_repr": "user:21 Deal 5k damage", "action_flag": 2, "change_message": "[]"}}, {"model": "admin.logentry", "pk": 324, "fields": {"action_time": "2020-08-28T14:25:24.072Z", "user": 20, "content_type": 34, "object_id": "2", "object_repr": "user:21 Deal 15k damage", "action_flag": 2, "change_message": "[{\"changed\": {\"fields\": [\"Claimed\"]}}]"}}, {"model": "admin.logentry", "pk": 325, "fields": {"action_time": "2020-08-28T14:26:23.151Z", "user": 20, "content_type": 33, "object_id": "1", "object_repr": "(1) Win 5 arena games", "action_flag": 1, "change_message": "[{\"added\": {}}]"}}, {"model": "admin.logentry", "pk": 326, "fields": {"action_time": "2020-08-28T14:26:32.773Z", "user": 20, "content_type": 33, "object_id": "2", "object_repr": "(2) Win 5 dungeon games", "action_flag": 1, "change_message": "[{\"added\": {}}]"}}, {"model": "admin.logentry", "pk": 327, "fields": {"action_time": "2020-08-28T14:26:46.335Z", "user": 20, "content_type": 31, "object_id": "1", "object_repr": "(1) Win 5 arena games", "action_flag": 1, "change_message": "[{\"added\": {}}]"}}, {"model": "admin.logentry", "pk": 328, "fields": {"action_time": "2020-08-28T14:27:43.654Z", "user": 20, "content_type": 30, "object_id": "2", "object_repr": "user:21 Win 5 dungeon games", "action_flag": 2, "change_message": "[{\"changed\": {\"fields\": [\"Expiration date\"]}}]"}}, {"model": "admin.logentry", "pk": 329, "fields": {"action_time": "2020-08-28T14:27:50.624Z", "user": 20, "content_type": 30, "object_id": "1", "object_repr": "user:21 Win 5 arena games", "action_flag": 2, "change_message": "[{\"changed\": {\"fields\": [\"Expiration date\"]}}]"}}, {"model": "admin.logentry", "pk": 330, "fields": {"action_time": "2020-08-28T14:28:03.691Z", "user": 20, "content_type": 29, "object_id": "2", "object_repr": "user:14 Win 5 arena games", "action_flag": 2, "change_message": "[{\"changed\": {\"fields\": [\"Expiration date\"]}}]"}}, {"model": "admin.logentry", "pk": 331, "fields": {"action_time": "2020-08-28T14:28:10.489Z", "user": 20, "content_type": 29, "object_id": "1", "object_repr": "user:21 Win 5 arena games", "action_flag": 2, "change_message": "[{\"changed\": {\"fields\": [\"Expiration date\"]}}]"}}, {"model": "admin.logentry", "pk": 332, "fields": {"action_time": "2020-08-28T14:32:40.051Z", "user": 20, "content_type": 34, "object_id": "2", "object_repr": "user:21 Deal 15k damage", "action_flag": 2, "change_message": "[{\"changed\": {\"fields\": [\"Claimed\"]}}]"}}, {"model": "admin.logentry", "pk": 333, "fields": {"action_time": "2020-08-29T23:15:23.753Z", "user": 1, "content_type": 14, "object_id": "3", "object_repr": "3", "action_flag": 2, "change_message": "[{\"changed\": {\"fields\": [\"Char 4\"]}}]"}}, {"model": "admin.logentry", "pk": 334, "fields": {"action_time": "2020-08-30T14:24:21.335Z", "user": 20, "content_type": 32, "object_id": "7", "object_repr": "(7) Join the Discord!", "action_flag": 1, "change_message": "[{\"added\": {}}]"}}, {"model": "admin.logentry", "pk": 335, "fields": {"action_time": "2020-08-30T14:29:07.698Z", "user": 20, "content_type": 34, "object_id": "66", "object_repr": "user:21 Deal 15k damage", "action_flag": 3, "change_message": ""}}, {"model": "admin.logentry", "pk": 336, "fields": {"action_time": "2020-08-30T14:29:07.701Z", "user": 20, "content_type": 34, "object_id": "21", "object_repr": "user:21 Deal 5k damage", "action_flag": 3, "change_message": ""}}, {"model": "admin.logentry", "pk": 337, "fields": {"action_time": "2020-08-30T14:29:31.572Z", "user": 20, "content_type": 34, "object_id": "51", "object_repr": "user:21 Deal 30k damage", "action_flag": 3, "change_message": ""}}, {"model": "admin.logentry", "pk": 338, "fields": {"action_time": "2020-08-30T17:24:41.397Z", "user": 20, "content_type": 32, "object_id": "8", "object_repr": "(8) Refer a friend", "action_flag": 1, "change_message": "[{\"added\": {}}]"}}, {"model": "admin.logentry", "pk": 339, "fields": {"action_time": "2020-08-30T17:25:31.789Z", "user": 20, "content_type": 32, "object_id": "5", "object_repr": "(5) Win 5 QuickPlay games", "action_flag": 2, "change_message": "[{\"changed\": {\"fields\": [\"Title\"]}}]"}}, {"model": "admin.logentry", "pk": 340, "fields": {"action_time": "2020-08-30T17:25:41.518Z", "user": 20, "content_type": 32, "object_id": "6", "object_repr": "(6) Win 5 Dungeon games", "action_flag": 2, "change_message": "[{\"changed\": {\"fields\": [\"Title\"]}}]"}}, {"model": "admin.logentry", "pk": 341, "fields": {"action_time": "2020-08-30T17:26:15.370Z", "user": 20, "content_type": 32, "object_id": "9", "object_repr": "(9) Win 1 QuickPlay game", "action_flag": 1, "change_message": "[{\"added\": {}}]"}}, {"model": "admin.logentry", "pk": 342, "fields": {"action_time": "2020-08-30T17:26:39.463Z", "user": 20, "content_type": 32, "object_id": "10", "object_repr": "(10) Win 1 Dungeon game", "action_flag": 1, "change_message": "[{\"added\": {}}]"}}, {"model": "admin.logentry", "pk": 343, "fields": {"action_time": "2020-08-30T17:26:54.674Z", "user": 20, "content_type": 32, "object_id": "9", "object_repr": "(9) Win 1 QuickPlay game", "action_flag": 2, "change_message": "[{\"changed\": {\"fields\": [\"Gems\", \"Coins\"]}}]"}}, {"model": "admin.logentry", "pk": 344, "fields": {"action_time": "2020-08-30T17:27:30.002Z", "user": 20, "content_type": 32, "object_id": "11", "object_repr": "(11) Win 20 QuickPlay games", "action_flag": 1, "change_message": "[{\"added\": {}}]"}}, {"model": "admin.logentry", "pk": 345, "fields": {"action_time": "2020-08-30T17:27:57.395Z", "user": 20, "content_type": 32, "object_id": "12", "object_repr": "(12) Win 20 Dungeon games", "action_flag": 1, "change_message": "[{\"added\": {}}]"}}, {"model": "admin.logentry", "pk": 346, "fields": {"action_time": "2020-08-30T17:29:40.354Z", "user": 20, "content_type": 31, "object_id": "2", "object_repr": "(2) Win 20 QuickPlay games", "action_flag": 1, "change_message": "[{\"added\": {}}]"}}, {"model": "admin.logentry", "pk": 347, "fields": {"action_time": "2020-08-30T17:29:47.034Z", "user": 20, "content_type": 31, "object_id": "3", "object_repr": "(3) Win 20 Dungeon games", "action_flag": 1, "change_message": "[{\"added\": {}}]"}}, {"model": "admin.logentry", "pk": 348, "fields": {"action_time": "2020-08-30T17:31:08.305Z", "user": 20, "content_type": 30, "object_id": "1", "object_repr": "user:21 Win 5 QuickPlay games", "action_flag": 2, "change_message": "[{\"changed\": {\"fields\": [\"Expiration date\"]}}]"}}, {"model": "admin.logentry", "pk": 349, "fields": {"action_time": "2020-08-30T17:31:13.517Z", "user": 20, "content_type": 30, "object_id": "2", "object_repr": "user:21 Win 5 Dungeon games", "action_flag": 2, "change_message": "[{\"changed\": {\"fields\": [\"Expiration date\"]}}]"}}, {"model": "admin.logentry", "pk": 350, "fields": {"action_time": "2020-08-30T17:31:33.023Z", "user": 20, "content_type": 29, "object_id": "1", "object_repr": "user:21 Win 5 QuickPlay games", "action_flag": 2, "change_message": "[{\"changed\": {\"fields\": [\"Expiration date\"]}}]"}}, {"model": "admin.logentry", "pk": 351, "fields": {"action_time": "2020-08-30T17:31:39.368Z", "user": 20, "content_type": 29, "object_id": "2", "object_repr": "user:14 Win 5 QuickPlay games", "action_flag": 2, "change_message": "[{\"changed\": {\"fields\": [\"Expiration date\"]}}]"}}, {"model": "admin.logentry", "pk": 352, "fields": {"action_time": "2020-08-30T17:32:34.656Z", "user": 20, "content_type": 29, "object_id": "1", "object_repr": "user:21 Win 5 QuickPlay games", "action_flag": 2, "change_message": "[]"}}, {"model": "admin.logentry", "pk": 353, "fields": {"action_time": "2020-08-30T17:33:06.577Z", "user": 20, "content_type": 29, "object_id": "1", "object_repr": "user:21 Win 5 QuickPlay games", "action_flag": 2, "change_message": "[{\"changed\": {\"fields\": [\"Expiration date\"]}}]"}}, {"model": "admin.logentry", "pk": 354, "fields": {"action_time": "2020-08-30T17:33:26.419Z", "user": 20, "content_type": 30, "object_id": "1", "object_repr": "user:21 Win 5 QuickPlay games", "action_flag": 2, "change_message": "[{\"changed\": {\"fields\": [\"Expiration date\"]}}]"}}, {"model": "admin.logentry", "pk": 355, "fields": {"action_time": "2020-08-30T17:33:33.808Z", "user": 20, "content_type": 30, "object_id": "2", "object_repr": "user:21 Win 5 Dungeon games", "action_flag": 2, "change_message": "[{\"changed\": {\"fields\": [\"Expiration date\"]}}]"}}, {"model": "admin.logentry", "pk": 356, "fields": {"action_time": "2020-08-30T17:34:41.138Z", "user": 20, "content_type": 32, "object_id": "4", "object_repr": "(4) Make a friend", "action_flag": 2, "change_message": "[{\"changed\": {\"fields\": [\"Gems\"]}}]"}}, {"model": "admin.logentry", "pk": 357, "fields": {"action_time": "2020-08-30T17:46:04.143Z", "user": 20, "content_type": 32, "object_id": "13", "object_repr": "(13) Buy an item from shop", "action_flag": 1, "change_message": "[{\"added\": {}}]"}}, {"model": "admin.logentry", "pk": 358, "fields": {"action_time": "2020-08-30T17:46:21.352Z", "user": 20, "content_type": 33, "object_id": "3", "object_repr": "(3) Buy an item from shop", "action_flag": 1, "change_message": "[{\"added\": {}}]"}}, {"model": "admin.logentry", "pk": 359, "fields": {"action_time": "2020-08-30T19:57:36.491Z", "user": 20, "content_type": 33, "object_id": "4", "object_repr": "(4) Win 1 QuickPlay game", "action_flag": 1, "change_message": "[{\"added\": {}}]"}}, {"model": "admin.logentry", "pk": 360, "fields": {"action_time": "2020-08-30T19:57:44.257Z", "user": 20, "content_type": 33, "object_id": "5", "object_repr": "(5) Win 1 Dungeon game", "action_flag": 1, "change_message": "[{\"added\": {}}]"}}, {"model": "admin.logentry", "pk": 361, "fields": {"action_time": "2020-08-30T19:57:51.758Z", "user": 20, "content_type": 33, "object_id": "6", "object_repr": "(6) Buy an item from shop", "action_flag": 1, "change_message": "[{\"added\": {}}]"}}, {"model": "admin.logentry", "pk": 362, "fields": {"action_time": "2020-08-31T02:09:44.823Z", "user": 20, "content_type": 32, "object_id": "14", "object_repr": "(14) Own 10 heroes", "action_flag": 1, "change_message": "[{\"added\": {}}]"}}, {"model": "admin.logentry", "pk": 363, "fields": {"action_time": "2020-08-31T02:10:10.092Z", "user": 20, "content_type": 32, "object_id": "15", "object_repr": "(15) Own 15 heroes", "action_flag": 1, "change_message": "[{\"added\": {}}]"}}, {"model": "admin.logentry", "pk": 364, "fields": {"action_time": "2020-08-31T02:10:30.028Z", "user": 20, "content_type": 32, "object_id": "16", "object_repr": "(16) Own 20 heroes", "action_flag": 1, "change_message": "[{\"added\": {}}]"}}, {"model": "admin.logentry", "pk": 365, "fields": {"action_time": "2020-08-31T02:13:26.076Z", "user": 20, "content_type": 35, "object_id": "63", "object_repr": "user: 21, type 13, progress: 10", "action_flag": 2, "change_message": "[{\"changed\": {\"fields\": [\"Progress\"]}}]"}}, {"model": "admin.logentry", "pk": 366, "fields": {"action_time": "2020-08-31T02:13:51.497Z", "user": 20, "content_type": 35, "object_id": "67", "object_repr": "user: 14, type 13, progress: 9", "action_flag": 2, "change_message": "[{\"changed\": {\"fields\": [\"Progress\"]}}]"}}, {"model": "admin.logentry", "pk": 367, "fields": {"action_time": "2020-08-31T02:14:04.735Z", "user": 20, "content_type": 34, "object_id": "126", "object_repr": "user:21 Own 10 heroes", "action_flag": 2, "change_message": "[{\"changed\": {\"fields\": [\"Completed\"]}}]"}}, {"model": "admin.logentry", "pk": 368, "fields": {"action_time": "2020-08-31T02:15:23.214Z", "user": 20, "content_type": 30, "object_id": "2", "object_repr": "user:21 Win 5 Dungeon games", "action_flag": 2, "change_message": "[{\"changed\": {\"fields\": [\"Expiration date\"]}}]"}}, {"model": "admin.logentry", "pk": 369, "fields": {"action_time": "2020-08-31T02:15:29.228Z", "user": 20, "content_type": 30, "object_id": "1", "object_repr": "user:21 Win 5 QuickPlay games", "action_flag": 2, "change_message": "[{\"changed\": {\"fields\": [\"Expiration date\"]}}]"}}, {"model": "admin.logentry", "pk": 370, "fields": {"action_time": "2020-08-31T02:15:29.238Z", "user": 20, "content_type": 30, "object_id": "1", "object_repr": "user:21 Win 5 QuickPlay games", "action_flag": 2, "change_message": "[{\"changed\": {\"fields\": [\"Expiration date\"]}}]"}}, {"model": "admin.logentry", "pk": 371, "fields": {"action_time": "2020-08-31T02:15:47.536Z", "user": 20, "content_type": 29, "object_id": "1", "object_repr": "user:21 Win 5 QuickPlay games", "action_flag": 2, "change_message": "[{\"changed\": {\"fields\": [\"Expiration date\"]}}]"}}, {"model": "admin.logentry", "pk": 372, "fields": {"action_time": "2020-08-31T15:17:53.938Z", "user": 20, "content_type": 32, "object_id": "17", "object_repr": "(17) Win 5 QuickPlay games with Viking", "action_flag": 1, "change_message": "[{\"added\": {}}]"}}, {"model": "admin.logentry", "pk": 373, "fields": {"action_time": "2020-08-31T15:18:20.409Z", "user": 20, "content_type": 32, "object_id": "18", "object_repr": "(18) Win 5 QuickPlay games with Archer", "action_flag": 1, "change_message": "[{\"added\": {}}]"}}, {"model": "admin.logentry", "pk": 374, "fields": {"action_time": "2020-08-31T15:18:35.718Z", "user": 20, "content_type": 32, "object_id": "19", "object_repr": "(19) Win 5 QuickPlay games with Mage", "action_flag": 1, "change_message": "[{\"added\": {}}]"}}, {"model": "admin.logentry", "pk": 375, "fields": {"action_time": "2020-08-31T15:19:00.285Z", "user": 20, "content_type": 32, "object_id": "20", "object_repr": "(20) Win 5 QuickPlay games with Swordsman", "action_flag": 1, "change_message": "[{\"added\": {}}]"}}, {"model": "admin.logentry", "pk": 376, "fields": {"action_time": "2020-08-31T15:19:28.835Z", "user": 20, "content_type": 32, "object_id": "21", "object_repr": "(21) Win 5 QuickPlay games with Hammer Knight", "action_flag": 1, "change_message": "[{\"added\": {}}]"}}, {"model": "admin.logentry", "pk": 377, "fields": {"action_time": "2020-08-31T15:19:49.226Z", "user": 20, "content_type": 32, "object_id": "22", "object_repr": "(22) Win 5 QuickPlay games with Golem", "action_flag": 1, "change_message": "[{\"added\": {}}]"}}, {"model": "admin.logentry", "pk": 378, "fields": {"action_time": "2020-08-31T15:20:44.966Z", "user": 20, "content_type": 32, "object_id": "23", "object_repr": "(23) Win 5 QuickPlay games with Pirate", "action_flag": 1, "change_message": "[{\"added\": {}}]"}}, {"model": "admin.logentry", "pk": 379, "fields": {"action_time": "2020-08-31T15:21:08.661Z", "user": 20, "content_type": 32, "object_id": "24", "object_repr": "(24) Win 5 QuickPlay games with Ninja", "action_flag": 1, "change_message": "[{\"added\": {}}]"}}, {"model": "admin.logentry", "pk": 380, "fields": {"action_time": "2020-08-31T15:21:27.944Z", "user": 20, "content_type": 32, "object_id": "25", "object_repr": "(25) Win 5 QuickPlay games with Chef", "action_flag": 1, "change_message": "[{\"added\": {}}]"}}, {"model": "admin.logentry", "pk": 381, "fields": {"action_time": "2020-08-31T15:21:42.389Z", "user": 20, "content_type": 32, "object_id": "26", "object_repr": "(26) Win 5 QuickPlay games with Fire Bender", "action_flag": 1, "change_message": "[{\"added\": {}}]"}}, {"model": "admin.logentry", "pk": 382, "fields": {"action_time": "2020-08-31T15:25:29.469Z", "user": 20, "content_type": 31, "object_id": "4", "object_repr": "(4) Win 5 QuickPlay games with Viking", "action_flag": 1, "change_message": "[{\"added\": {}}]"}}, {"model": "admin.logentry", "pk": 383, "fields": {"action_time": "2020-08-31T15:25:38.447Z", "user": 20, "content_type": 31, "object_id": "5", "object_repr": "(5) Win 5 QuickPlay games with Pirate", "action_flag": 1, "change_message": "[{\"added\": {}}]"}}, {"model": "admin.logentry", "pk": 384, "fields": {"action_time": "2020-09-01T01:21:10.224Z", "user": 20, "content_type": 33, "object_id": "7", "object_repr": "(7) Win 1 QuickPlay game", "action_flag": 1, "change_message": "[{\"added\": {}}]"}}, {"model": "admin.logentry", "pk": 385, "fields": {"action_time": "2020-09-01T01:21:37.901Z", "user": 20, "content_type": 33, "object_id": "8", "object_repr": "(8) Win 1 Dungeon game", "action_flag": 1, "change_message": "[{\"added\": {}}]"}}, {"model": "admin.logentry", "pk": 386, "fields": {"action_time": "2020-09-01T01:21:47.650Z", "user": 20, "content_type": 33, "object_id": "9", "object_repr": "(9) Buy an item from shop", "action_flag": 1, "change_message": "[{\"added\": {}}]"}}, {"model": "admin.logentry", "pk": 387, "fields": {"action_time": "2020-09-01T01:22:01.444Z", "user": 20, "content_type": 33, "object_id": "10", "object_repr": "(10) Win 1 QuickPlay game", "action_flag": 1, "change_message": "[{\"added\": {}}]"}}, {"model": "admin.logentry", "pk": 388, "fields": {"action_time": "2020-09-01T01:22:05.122Z", "user": 20, "content_type": 33, "object_id": "11", "object_repr": "(11) Win 1 Dungeon game", "action_flag": 1, "change_message": "[{\"added\": {}}]"}}, {"model": "admin.logentry", "pk": 389, "fields": {"action_time": "2020-09-01T01:22:09.543Z", "user": 20, "content_type": 33, "object_id": "12", "object_repr": "(12) Buy an item from shop", "action_flag": 1, "change_message": "[{\"added\": {}}]"}}, {"model": "admin.logentry", "pk": 390, "fields": {"action_time": "2020-09-01T17:32:45.950Z", "user": 23, "content_type": 9, "object_id": "56", "object_repr": "Staff", "action_flag": 2, "change_message": "[{\"changed\": {\"fields\": [\"Description\", \"Gear slot\"]}}]"}}, {"model": "admin.logentry", "pk": 391, "fields": {"action_time": "2020-09-01T17:53:09.342Z", "user": 23, "content_type": 10, "object_id": "7", "object_repr": "testWilson: Archer 7", "action_flag": 2, "change_message": "[{\"changed\": {\"fields\": [\"Hat\"]}}]"}}, {"model": "admin.logentry", "pk": 392, "fields": {"action_time": "2020-09-01T18:02:47.145Z", "user": 23, "content_type": 9, "object_id": "56", "object_repr": "Staff", "action_flag": 2, "change_message": "[{\"changed\": {\"fields\": [\"Attack flat\", \"Mr mult\"]}}]"}}, {"model": "admin.logentry", "pk": 393, "fields": {"action_time": "2020-09-02T00:16:58.793Z", "user": 23, "content_type": 10, "object_id": "7", "object_repr": "testWilson: Archer 7", "action_flag": 2, "change_message": "[{\"changed\": {\"fields\": [\"Armor\"]}}]"}}, {"model": "admin.logentry", "pk": 394, "fields": {"action_time": "2020-09-02T00:19:07.936Z", "user": 23, "content_type": 10, "object_id": "7", "object_repr": "testWilson: Archer 7", "action_flag": 2, "change_message": "[{\"changed\": {\"fields\": [\"Hat\", \"Armor\"]}}]"}}, {"model": "admin.logentry", "pk": 395, "fields": {"action_time": "2020-09-02T00:27:07.961Z", "user": 23, "content_type": 10, "object_id": "7", "object_repr": "testWilson: Archer 7", "action_flag": 2, "change_message": "[{\"changed\": {\"fields\": [\"Armor\"]}}]"}}, {"model": "admin.logentry", "pk": 396, "fields": {"action_time": "2020-09-02T00:34:02.218Z", "user": 23, "content_type": 10, "object_id": "14", "object_repr": "testWilson: Ninja 14", "action_flag": 2, "change_message": "[{\"changed\": {\"fields\": [\"Weapon\"]}}]"}}, {"model": "admin.logentry", "pk": 397, "fields": {"action_time": "2020-09-02T20:03:39.924Z", "user": 23, "content_type": 9, "object_id": "88", "object_repr": "Twig", "action_flag": 2, "change_message": "[{\"changed\": {\"fields\": [\"Description\", \"Gear slot\"]}}]"}}, {"model": "admin.logentry", "pk": 398, "fields": {"action_time": "2020-09-02T20:03:50.616Z", "user": 23, "content_type": 9, "object_id": "32", "object_repr": "Bow", "action_flag": 2, "change_message": "[{\"changed\": {\"fields\": [\"Description\", \"Gear slot\"]}}]"}}, {"model": "admin.logentry", "pk": 399, "fields": {"action_time": "2020-09-02T20:03:56.303Z", "user": 23, "content_type": 9, "object_id": "23", "object_repr": "Whip", "action_flag": 2, "change_message": "[{\"changed\": {\"fields\": [\"Description\", \"Gear slot\"]}}]"}}, {"model": "admin.logentry", "pk": 400, "fields": {"action_time": "2020-09-02T20:04:04.086Z", "user": 23, "content_type": 9, "object_id": "9", "object_repr": "Shuriken", "action_flag": 2, "change_message": "[{\"changed\": {\"fields\": [\"Description\", \"Gear slot\"]}}]"}}, {"model": "admin.logentry", "pk": 401, "fields": {"action_time": "2020-09-02T20:04:18.867Z", "user": 23, "content_type": 9, "object_id": "8", "object_repr": "Big Sword", "action_flag": 2, "change_message": "[{\"changed\": {\"fields\": [\"Description\", \"Gear slot\"]}}]"}}, {"model": "admin.logentry", "pk": 402, "fields": {"action_time": "2020-09-02T20:04:29.586Z", "user": 23, "content_type": 9, "object_id": "7", "object_repr": "Club", "action_flag": 2, "change_message": "[{\"changed\": {\"fields\": [\"Description\", \"Gear slot\"]}}]"}}, {"model": "admin.logentry", "pk": 403, "fields": {"action_time": "2020-09-02T20:04:40.021Z", "user": 23, "content_type": 9, "object_id": "4", "object_repr": "Dagger", "action_flag": 2, "change_message": "[{\"changed\": {\"fields\": [\"Description\", \"Gear slot\"]}}]"}}, {"model": "admin.logentry", "pk": 404, "fields": {"action_time": "2020-09-02T20:04:49.081Z", "user": 23, "content_type": 9, "object_id": "3", "object_repr": "Sword", "action_flag": 2, "change_message": "[{\"changed\": {\"fields\": [\"Description\", \"Gear slot\"]}}]"}}, {"model": "admin.logentry", "pk": 405, "fields": {"action_time": "2020-09-02T20:05:04.512Z", "user": 23, "content_type": 9, "object_id": "0", "object_repr": "Axe", "action_flag": 2, "change_message": "[{\"changed\": {\"fields\": [\"Description\", \"Gear slot\"]}}]"}}, {"model": "admin.logentry", "pk": 406, "fields": {"action_time": "2020-09-02T20:06:01.676Z", "user": 23, "content_type": 10, "object_id": "7", "object_repr": "testWilson: Archer 7", "action_flag": 2, "change_message": "[{\"changed\": {\"fields\": [\"Hat\"]}}]"}}, {"model": "admin.logentry", "pk": 407, "fields": {"action_time": "2020-09-05T00:00:13.012Z", "user": 20, "content_type": 27, "object_id": "21", "object_repr": "user 21: stage 3", "action_flag": 2, "change_message": "[{\"changed\": {\"fields\": [\"Stage id\"]}}]"}}, {"model": "admin.logentry", "pk": 408, "fields": {"action_time": "2020-09-05T00:06:14.527Z", "user": 20, "content_type": 27, "object_id": "21", "object_repr": "user 21: stage 2", "action_flag": 2, "change_message": "[{\"changed\": {\"fields\": [\"Stage id\"]}}]"}}, {"model": "admin.logentry", "pk": 409, "fields": {"action_time": "2020-09-05T01:53:20.641Z", "user": 20, "content_type": 33, "object_id": "13", "object_repr": "(13) Win 1 QuickPlay game", "action_flag": 1, "change_message": "[{\"added\": {}}]"}}, {"model": "admin.logentry", "pk": 410, "fields": {"action_time": "2020-09-05T01:53:29.126Z", "user": 20, "content_type": 33, "object_id": "14", "object_repr": "(14) Win 1 Dungeon game", "action_flag": 1, "change_message": "[{\"added\": {}}]"}}, {"model": "admin.logentry", "pk": 411, "fields": {"action_time": "2020-09-05T01:53:40.450Z", "user": 20, "content_type": 33, "object_id": "15", "object_repr": "(15) Buy an item from shop", "action_flag": 1, "change_message": "[{\"added\": {}}]"}}, {"model": "admin.logentry", "pk": 412, "fields": {"action_time": "2020-09-05T15:28:28.877Z", "user": 20, "content_type": 27, "object_id": "21", "object_repr": "user 21: stage 3", "action_flag": 2, "change_message": "[{\"changed\": {\"fields\": [\"Stage id\"]}}]"}}, {"model": "admin.logentry", "pk": 413, "fields": {"action_time": "2020-09-05T16:10:28.598Z", "user": 20, "content_type": 27, "object_id": "21", "object_repr": "user 21: stage 2", "action_flag": 2, "change_message": "[{\"changed\": {\"fields\": [\"Stage id\"]}}]"}}, {"model": "admin.logentry", "pk": 414, "fields": {"action_time": "2020-09-05T16:20:11.400Z", "user": 1, "content_type": 4, "object_id": "24", "object_repr": "advaitm", "action_flag": 1, "change_message": "[{\"added\": {}}]"}}, {"model": "admin.logentry", "pk": 415, "fields": {"action_time": "2020-09-05T16:20:25.362Z", "user": 1, "content_type": 4, "object_id": "24", "object_repr": "advaitm", "action_flag": 2, "change_message": "[{\"changed\": {\"fields\": [\"Staff status\", \"Superuser status\"]}}]"}}, {"model": "admin.logentry", "pk": 416, "fields": {"action_time": "2020-09-05T16:28:41.280Z", "user": 20, "content_type": 27, "object_id": "21", "object_repr": "user 21: stage 3", "action_flag": 2, "change_message": "[{\"changed\": {\"fields\": [\"Stage id\"]}}]"}}, {"model": "admin.logentry", "pk": 417, "fields": {"action_time": "2020-09-06T14:30:15.611Z", "user": 24, "content_type": 4, "object_id": "24", "object_repr": "advaitm", "action_flag": 2, "change_message": "[{\"changed\": {\"fields\": [\"First name\", \"Last name\", \"Email address\"]}}]"}}, {"model": "admin.logentry", "pk": 418, "fields": {"action_time": "2020-09-07T15:52:39.080Z", "user": 20, "content_type": 29, "object_id": "8", "object_repr": "user:21 Win 5 QuickPlay games with Viking", "action_flag": 1, "change_message": "[{\"added\": {}}]"}}, {"model": "admin.logentry", "pk": 419, "fields": {"action_time": "2020-09-07T15:52:53.336Z", "user": 20, "content_type": 31, "object_id": "6", "object_repr": "(6) Win 5 QuickPlay games with Viking", "action_flag": 1, "change_message": "[{\"added\": {}}]"}}, {"model": "admin.logentry", "pk": 420, "fields": {"action_time": "2020-09-07T15:52:57.415Z", "user": 20, "content_type": 31, "object_id": "7", "object_repr": "(7) Win 5 QuickPlay games with Swordsman", "action_flag": 1, "change_message": "[{\"added\": {}}]"}}, {"model": "admin.logentry", "pk": 421, "fields": {"action_time": "2020-09-07T15:53:02.682Z", "user": 20, "content_type": 31, "object_id": "8", "object_repr": "(8) Win 20 QuickPlay games", "action_flag": 1, "change_message": "[{\"added\": {}}]"}}, {"model": "admin.logentry", "pk": 422, "fields": {"action_time": "2020-09-07T15:53:05.804Z", "user": 20, "content_type": 31, "object_id": "9", "object_repr": "(9) Win 20 Dungeon games", "action_flag": 1, "change_message": "[{\"added\": {}}]"}}, {"model": "admin.logentry", "pk": 423, "fields": {"action_time": "2020-09-07T15:53:15.187Z", "user": 20, "content_type": 31, "object_id": "10", "object_repr": "(10) Win 5 QuickPlay games with Pirate", "action_flag": 1, "change_message": "[{\"added\": {}}]"}}, {"model": "admin.logentry", "pk": 424, "fields": {"action_time": "2020-09-07T15:53:28.105Z", "user": 20, "content_type": 33, "object_id": "16", "object_repr": "(16) Buy an item from shop", "action_flag": 1, "change_message": "[{\"added\": {}}]"}}, {"model": "admin.logentry", "pk": 425, "fields": {"action_time": "2020-09-07T15:53:32.053Z", "user": 20, "content_type": 33, "object_id": "17", "object_repr": "(17) Win 5 QuickPlay games", "action_flag": 1, "change_message": "[{\"added\": {}}]"}}, {"model": "admin.logentry", "pk": 426, "fields": {"action_time": "2020-09-07T15:53:37.661Z", "user": 20, "content_type": 33, "object_id": "18", "object_repr": "(18) Win 1 Dungeon game", "action_flag": 1, "change_message": "[{\"added\": {}}]"}}, {"model": "admin.logentry", "pk": 427, "fields": {"action_time": "2020-09-07T15:53:40.871Z", "user": 20, "content_type": 33, "object_id": "19", "object_repr": "(19) Buy an item from shop", "action_flag": 1, "change_message": "[{\"added\": {}}]"}}, {"model": "admin.logentry", "pk": 428, "fields": {"action_time": "2020-09-07T15:53:44.511Z", "user": 20, "content_type": 33, "object_id": "20", "object_repr": "(20) Win 1 Dungeon game", "action_flag": 1, "change_message": "[{\"added\": {}}]"}}, {"model": "admin.logentry", "pk": 429, "fields": {"action_time": "2020-09-07T15:53:47.165Z", "user": 20, "content_type": 33, "object_id": "21", "object_repr": "(21) Win 1 QuickPlay game", "action_flag": 1, "change_message": "[{\"added\": {}}]"}}, {"model": "admin.logentry", "pk": 430, "fields": {"action_time": "2020-09-07T15:53:50.221Z", "user": 20, "content_type": 33, "object_id": "22", "object_repr": "(22) Buy an item from shop", "action_flag": 1, "change_message": "[{\"added\": {}}]"}}, {"model": "admin.logentry", "pk": 431, "fields": {"action_time": "2020-09-07T15:53:53.024Z", "user": 20, "content_type": 33, "object_id": "23", "object_repr": "(23) Win 1 QuickPlay game", "action_flag": 1, "change_message": "[{\"added\": {}}]"}}, {"model": "admin.logentry", "pk": 432, "fields": {"action_time": "2020-09-07T15:53:56.540Z", "user": 20, "content_type": 33, "object_id": "24", "object_repr": "(24) Win 1 Dungeon game", "action_flag": 1, "change_message": "[{\"added\": {}}]"}}, {"model": "admin.logentry", "pk": 433, "fields": {"action_time": "2020-09-07T15:54:17.288Z", "user": 20, "content_type": 31, "object_id": "11", "object_repr": "(11) Win 5 QuickPlay games with Chef", "action_flag": 1, "change_message": "[{\"added\": {}}]"}}, {"model": "admin.logentry", "pk": 434, "fields": {"action_time": "2020-09-07T15:54:20.361Z", "user": 20, "content_type": 31, "object_id": "12", "object_repr": "(12) Win 5 QuickPlay games with Golem", "action_flag": 1, "change_message": "[{\"added\": {}}]"}}, {"model": "admin.logentry", "pk": 435, "fields": {"action_time": "2020-09-07T15:54:23.302Z", "user": 20, "content_type": 31, "object_id": "13", "object_repr": "(13) Win 20 Dungeon games", "action_flag": 1, "change_message": "[{\"added\": {}}]"}}, {"model": "admin.logentry", "pk": 436, "fields": {"action_time": "2020-09-07T15:54:26.209Z", "user": 20, "content_type": 31, "object_id": "14", "object_repr": "(14) Win 20 QuickPlay games", "action_flag": 1, "change_message": "[{\"added\": {}}]"}}, {"model": "admin.logentry", "pk": 437, "fields": {"action_time": "2020-09-07T15:54:34.300Z", "user": 20, "content_type": 31, "object_id": "15", "object_repr": "(15) Win 5 QuickPlay games with Hammer Knight", "action_flag": 1, "change_message": "[{\"added\": {}}]"}}, {"model": "admin.logentry", "pk": 438, "fields": {"action_time": "2020-09-08T23:52:41.258Z", "user": 23, "content_type": 8, "object_id": "10", "object_repr": "Druid", "action_flag": 1, "change_message": "[{\"added\": {}}]"}}, {"model": "admin.logentry", "pk": 439, "fields": {"action_time": "2020-09-08T23:52:57.908Z", "user": 23, "content_type": 25, "object_id": "10", "object_repr": "Druid", "action_flag": 1, "change_message": "[{\"added\": {}}]"}}, {"model": "admin.logentry", "pk": 440, "fields": {"action_time": "2020-09-08T23:53:17.048Z", "user": 23, "content_type": 10, "object_id": "22", "object_repr": "testWilson: Druid 22", "action_flag": 1, "change_message": "[{\"added\": {}}]"}}, {"model": "admin.logentry", "pk": 441, "fields": {"action_time": "2020-09-08T23:55:30.216Z", "user": 23, "content_type": 14, "object_id": "3", "object_repr": "3", "action_flag": 2, "change_message": "[{\"changed\": {\"fields\": [\"Char 3\"]}}]"}}, {"model": "admin.logentry", "pk": 442, "fields": {"action_time": "2020-09-09T02:02:37.621Z", "user": 23, "content_type": 14, "object_id": "3", "object_repr": "3", "action_flag": 2, "change_message": "[{\"changed\": {\"fields\": [\"Char 1\"]}}]"}}, {"model": "admin.logentry", "pk": 443, "fields": {"action_time": "2020-09-09T02:29:51.142Z", "user": 23, "content_type": 8, "object_id": "10", "object_repr": "Druid", "action_flag": 2, "change_message": "[{\"changed\": {\"fields\": [\"Speed\"]}}]"}}, {"model": "admin.logentry", "pk": 444, "fields": {"action_time": "2020-09-09T22:25:59.271Z", "user": 20, "content_type": 33, "object_id": "25", "object_repr": "(25) Win 1 QuickPlay game", "action_flag": 1, "change_message": "[{\"added\": {}}]"}}, {"model": "admin.logentry", "pk": 445, "fields": {"action_time": "2020-09-09T22:26:03.079Z", "user": 20, "content_type": 33, "object_id": "26", "object_repr": "(26) Win 1 Dungeon game", "action_flag": 1, "change_message": "[{\"added\": {}}]"}}, {"model": "admin.logentry", "pk": 446, "fields": {"action_time": "2020-09-09T22:26:06.320Z", "user": 20, "content_type": 33, "object_id": "27", "object_repr": "(27) Buy an item from shop", "action_flag": 1, "change_message": "[{\"added\": {}}]"}}, {"model": "admin.logentry", "pk": 447, "fields": {"action_time": "2020-09-09T22:26:09.665Z", "user": 20, "content_type": 33, "object_id": "28", "object_repr": "(28) Win 1 Dungeon game", "action_flag": 1, "change_message": "[{\"added\": {}}]"}}, {"model": "admin.logentry", "pk": 448, "fields": {"action_time": "2020-09-09T22:26:14.181Z", "user": 20, "content_type": 33, "object_id": "29", "object_repr": "(29) Win 1 QuickPlay game", "action_flag": 1, "change_message": "[{\"added\": {}}]"}}, {"model": "admin.logentry", "pk": 449, "fields": {"action_time": "2020-09-09T22:26:17.552Z", "user": 20, "content_type": 33, "object_id": "30", "object_repr": "(30) Buy an item from shop", "action_flag": 1, "change_message": "[{\"added\": {}}]"}}, {"model": "admin.logentry", "pk": 450, "fields": {"action_time": "2020-09-09T22:26:20.495Z", "user": 20, "content_type": 33, "object_id": "31", "object_repr": "(31) Win 1 QuickPlay game", "action_flag": 1, "change_message": "[{\"added\": {}}]"}}, {"model": "admin.logentry", "pk": 451, "fields": {"action_time": "2020-09-09T22:26:23.808Z", "user": 20, "content_type": 33, "object_id": "32", "object_repr": "(32) Win 1 Dungeon game", "action_flag": 1, "change_message": "[{\"added\": {}}]"}}, {"model": "admin.logentry", "pk": 452, "fields": {"action_time": "2020-09-09T22:26:26.835Z", "user": 20, "content_type": 33, "object_id": "33", "object_repr": "(33) Buy an item from shop", "action_flag": 1, "change_message": "[{\"added\": {}}]"}}, {"model": "admin.logentry", "pk": 453, "fields": {"action_time": "2020-09-13T02:42:04.171Z", "user": 20, "content_type": 33, "object_id": "34", "object_repr": "(34) Win 1 QuickPlay game", "action_flag": 1, "change_message": "[{\"added\": {}}]"}}, {"model": "admin.logentry", "pk": 454, "fields": {"action_time": "2020-09-13T02:42:07.754Z", "user": 20, "content_type": 33, "object_id": "35", "object_repr": "(35) Win 1 Dungeon game", "action_flag": 1, "change_message": "[{\"added\": {}}]"}}, {"model": "admin.logentry", "pk": 455, "fields": {"action_time": "2020-09-13T02:42:11.301Z", "user": 20, "content_type": 33, "object_id": "36", "object_repr": "(36) Buy an item from shop", "action_flag": 1, "change_message": "[{\"added\": {}}]"}}, {"model": "admin.logentry", "pk": 456, "fields": {"action_time": "2020-09-13T02:42:14.201Z", "user": 20, "content_type": 33, "object_id": "37", "object_repr": "(37) Win 1 QuickPlay game", "action_flag": 1, "change_message": "[{\"added\": {}}]"}}, {"model": "admin.logentry", "pk": 457, "fields": {"action_time": "2020-09-13T02:42:17.380Z", "user": 20, "content_type": 33, "object_id": "38", "object_repr": "(38) Win 1 Dungeon game", "action_flag": 1, "change_message": "[{\"added\": {}}]"}}, {"model": "admin.logentry", "pk": 458, "fields": {"action_time": "2020-09-13T02:42:21.700Z", "user": 20, "content_type": 33, "object_id": "39", "object_repr": "(39) Buy an item from shop", "action_flag": 1, "change_message": "[{\"added\": {}}]"}}, {"model": "admin.logentry", "pk": 459, "fields": {"action_time": "2020-09-15T00:21:22.410Z", "user": 23, "content_type": 8, "object_id": "11", "object_repr": "Gun Slinger", "action_flag": 1, "change_message": "[{\"added\": {}}]"}}, {"model": "admin.logentry", "pk": 460, "fields": {"action_time": "2020-09-15T00:21:33Z", "user": 23, "content_type": 25, "object_id": "11", "object_repr": "Gun Slinger", "action_flag": 1, "change_message": "[{\"added\": {}}]"}}, {"model": "admin.logentry", "pk": 461, "fields": {"action_time": "2020-09-15T00:23:00.615Z", "user": 23, "content_type": 10, "object_id": "23", "object_repr": "testWilson: Gun Slinger 23", "action_flag": 1, "change_message": "[{\"added\": {}}]"}}, {"model": "admin.logentry", "pk": 462, "fields": {"action_time": "2020-09-15T00:23:25.691Z", "user": 23, "content_type": 14, "object_id": "3", "object_repr": "3", "action_flag": 2, "change_message": "[{\"changed\": {\"fields\": [\"Char 3\"]}}]"}}, {"model": "admin.logentry", "pk": 463, "fields": {"action_time": "2020-09-15T01:46:52.963Z", "user": 20, "content_type": 33, "object_id": "40", "object_repr": "(40) Win 1 QuickPlay game", "action_flag": 1, "change_message": "[{\"added\": {}}]"}}, {"model": "admin.logentry", "pk": 464, "fields": {"action_time": "2020-09-15T01:46:57.650Z", "user": 20, "content_type": 33, "object_id": "41", "object_repr": "(41) Win 1 Dungeon game", "action_flag": 1, "change_message": "[{\"added\": {}}]"}}, {"model": "admin.logentry", "pk": 465, "fields": {"action_time": "2020-09-15T01:47:02.612Z", "user": 20, "content_type": 33, "object_id": "42", "object_repr": "(42) Buy an item from shop", "action_flag": 1, "change_message": "[{\"added\": {}}]"}}, {"model": "admin.logentry", "pk": 466, "fields": {"action_time": "2020-09-15T01:47:05.548Z", "user": 20, "content_type": 33, "object_id": "43", "object_repr": "(43) Win 1 QuickPlay game", "action_flag": 1, "change_message": "[{\"added\": {}}]"}}, {"model": "admin.logentry", "pk": 467, "fields": {"action_time": "2020-09-15T01:47:09.271Z", "user": 20, "content_type": 33, "object_id": "44", "object_repr": "(44) Win 1 Dungeon game", "action_flag": 1, "change_message": "[{\"added\": {}}]"}}, {"model": "admin.logentry", "pk": 468, "fields": {"action_time": "2020-09-15T01:47:13.793Z", "user": 20, "content_type": 33, "object_id": "45", "object_repr": "(45) Buy an item from shop", "action_flag": 1, "change_message": "[{\"added\": {}}]"}}, {"model": "admin.logentry", "pk": 469, "fields": {"action_time": "2020-09-15T01:47:16.911Z", "user": 20, "content_type": 33, "object_id": "46", "object_repr": "(46) Win 1 QuickPlay game", "action_flag": 1, "change_message": "[{\"added\": {}}]"}}, {"model": "admin.logentry", "pk": 470, "fields": {"action_time": "2020-09-15T01:47:19.983Z", "user": 20, "content_type": 33, "object_id": "47", "object_repr": "(47) Win 1 Dungeon game", "action_flag": 1, "change_message": "[{\"added\": {}}]"}}, {"model": "admin.logentry", "pk": 471, "fields": {"action_time": "2020-09-15T01:47:23.413Z", "user": 20, "content_type": 33, "object_id": "48", "object_repr": "(48) Buy an item from shop", "action_flag": 1, "change_message": "[{\"added\": {}}]"}}, {"model": "admin.logentry", "pk": 472, "fields": {"action_time": "2020-09-15T17:47:42.352Z", "user": 24, "content_type": 4, "object_id": "25", "object_repr": "advait-dev", "action_flag": 1, "change_message": "[{\"added\": {}}]"}}, {"model": "admin.logentry", "pk": 473, "fields": {"action_time": "2020-09-15T17:48:09.695Z", "user": 24, "content_type": 4, "object_id": "25", "object_repr": "advait-dev", "action_flag": 2, "change_message": "[{\"changed\": {\"fields\": [\"First name\", \"Last name\"]}}]"}}, {"model": "admin.logentry", "pk": 474, "fields": {"action_time": "2020-09-15T18:20:29.101Z", "user": 24, "content_type": 4, "object_id": "26", "object_repr": "wilson-dev", "action_flag": 1, "change_message": "[{\"added\": {}}]"}}, {"model": "admin.logentry", "pk": 475, "fields": {"action_time": "2020-09-15T18:20:41.847Z", "user": 24, "content_type": 4, "object_id": "26", "object_repr": "wilson-dev", "action_flag": 2, "change_message": "[{\"changed\": {\"fields\": [\"First name\", \"Last name\"]}}]"}}, {"model": "admin.logentry", "pk": 476, "fields": {"action_time": "2020-09-15T18:20:57.317Z", "user": 24, "content_type": 4, "object_id": "27", "object_repr": "daniel-dev", "action_flag": 1, "change_message": "[{\"added\": {}}]"}}, {"model": "admin.logentry", "pk": 477, "fields": {"action_time": "2020-09-15T18:21:06.933Z", "user": 24, "content_type": 4, "object_id": "27", "object_repr": "daniel-dev", "action_flag": 2, "change_message": "[{\"changed\": {\"fields\": [\"First name\", \"Last name\"]}}]"}}, {"model": "admin.logentry", "pk": 478, "fields": {"action_time": "2020-09-15T18:21:35.477Z", "user": 24, "content_type": 4, "object_id": "28", "object_repr": "yan-dev", "action_flag": 1, "change_message": "[{\"added\": {}}]"}}, {"model": "admin.logentry", "pk": 479, "fields": {"action_time": "2020-09-15T18:21:44.609Z", "user": 24, "content_type": 4, "object_id": "fdsa", "object_repr": "yan-dev", "action_flag": 2, "change_message": "[{\"changed\": {\"fields\": [\"First name\", \"Last name\"]}}]"}}, {"model": "admin.logentry", "pk": 480, "fields": {"action_time": "2020-10-26T23:31:16.265Z", "user": 23, "content_type": 1, "object_id": "479", "object_repr": "Changed \u201cyan-dev\u201d \u2014 Changed First name and Last name.", "action_flag": 2, "change_message": "[{\"changed\": {\"fields\": [\"Object id\"]}}]"}}, {"model": "admin.logentry", "pk": 481, "fields": {"action_time": "2020-11-07T17:28:48.871Z", "user": 23, "content_type": 8, "object_id": "11", "object_repr": "Gun Slinger", "action_flag": 2, "change_message": "[{\"changed\": {\"fields\": [\"Specs\"]}}]"}}]
